﻿valid,invalid1,invalid2,invalid3
अशुद्धि ,मव्यता, सव्यता,दिलयता
आओगे ,सहर ,उवार ,सजार 
रुकवाने ,मन्याएं,कन्होंएं,कन्नएं
कम्प्यूटराइज्ड ,नोटिलई,पटिफाई,नोचफाई
लोकार्पण ,निभाबन,उलंबन,निलंपिन
गोढ़ना ,ऊंगई,ऊंचार,ऊंचाया
कालचक्र ,सडित, बडित,उडित
सूखे ,रेशेड़िर,रेशेड़िर, अशेदार
विभेष ,सीडीमेओ,सीडीपीन,सीलपीओ
बोलें ,स्वेनान्तरण,स्वनान्तरण,स्वनान्तरण
प्राकृतिक ,रूकेली,रूकेली, बपाली
महाव्रत ,भिड़ ,दौड़ी ,घंड़ी 
महेंद्र ,मिलनत,मिलनत,मिठानत
तीखे ,मंडलीस,मंडलीला, अडलीय
भाग्यवती ,किराएमर,पराएदार,किलएदार
तंद्रा ,दूरकन,दूधबीन,दूधबीन
नवीनीकरण ,प्नाशकारी,विनाहकारी,विनाशकारों
धन्वंतरि , बलीके, बलीके,सलीसा
तपिश ,छल्के,छत्के,छत्के
उदबोधन , अकलौते,मकलौते,इन्लौते
उपपरियोजना ,थिरण,थिरना,थिरना
दीदी ,कषधि,औषकों,औरधि
चढा ,ग्रले,ग्वानी,ग्रले
घोलने ,वैज्यनिकों,वैज्ञानिया,वैल्ञानिकों
पुष्प ,पत्रिर,परथर,पत्थव
अमावस्या ,कहाडे़,उहाडे़,कहाडे़
जीवनशैली ,मिलियों, मिर्ए, मिर्ए
खटाणा ,त्रिवेष,त्यौवेणी, अरिवेणी
टीका ,बरपाल,बरदाया, अरपाया
कर्मवीर ,महम ,मर्जी ,मचाम 
उच्चीकरण ,हिमकाज,हिमकाज,हिमराने
शरणार्थी ,भूना ,भूखों ,भूमि 
नोडल ,नाचगे,नाचगे,उचेंगे
शुभचिंतक ,सगेगी,सगेगी,पगेगी
दलितों ,कनारें,मीनाने,मीनाना
धारदार ,बांई ,बांट ,बांध 
जुटती ,विचाया,विचाया,विचायी
ठहाका , खोलेंना, खोलेंना, खोलेंना
खुलवा , उहित, उहित, उहित
भोर ,समकास,ममरस,सररस
अड़ा , उरारे, उरारे, उरारे
चपेट ,उबरु, पबरु,रुबर
उपेक्षा ,रौंका ,नांका ,नांका 
झाड़ू ,बंदिब,बंटायों,बंटायों
मांगेंगे ,बटाना ,उटाना ,उटाना 
लगायेगा ,संस्यन,संचक्न,संस्यन
बूझ ,ससूरवार,कसूरपार,कसूरवाला
मुनाफाखोरी ,मंडापाली,मंडापाली,मंगवली
उपासना , पहाने,नगने, पहाने
पोशाकें , अहलाते,महलाते,नहनाते
विवश , साकें,ककें, साकें
कमाया ,शातियाना,शातिरोना,शार्राना
मायके ,बारीफ,बारीद, उरीक
घबराया , पर्जन, पर्जन, पर्जन
सजा ,मठल्ले,निठल्य,निठवाले
अपेक्षानुरूप , सढ़ाई,अढ़ाता,अढ़ाता
इच्छाधारी ,मानयमिक,मान्यमिक,मान्यमिक
पुनर्निमाण ,कॉम्प्लेक्त,कॉम्मेलेक्स, प्म्प्लेक्स
बढ़वाए ,पूछये,पूछये,उछिये
विषयक , दौड़ेंने, दौड़ेंने,दौड़ाव
झेलती ,आंधी ,आंतों ,आंतों 
पंप ,विश्वाग्पात्र,विश्वासरोत्र,पश्वासपात्र
मशहूर ,भेदिब, भेदया, भेदया
कोना ,दुखध,सग्ध,उग्ध
लिपिस्टिक ,खरीकता,खलिकता, उटकता
कमाख्या ,लावाधारी, अठीधारी,लाठीधाम
खटकती ,पूराणाहुति,पूर्यहुति,पूराणाहुति
सेवार्थ ,उटवाने,हटकाने, अटवाने
जन्मीं ,नंगलातारी,नंबलाताशी,नंगमताशी
हिंदीभाषी ,उश्वेश,विश्रिश,विश्वेद
मनिष , सहाती,उहाती,उहाती
युवराज ,कमप्रेमी,कलाप्रमी,कलाप्रेट
नाबार्ड ,नेमप्रट,नेमप्लेख,नेमप्रीट
आरामदायक ,फान ,ऑन ,थारी 
बलधर ,खोखती,खोखने, कखला
संगीतालय ,असशिष्ट,मपशिष्ट,अपरष्ट
प्रबंधकीय ,छपपटा,छटरिटा,छटकटा
अडंगा ,बिछए,बिछए,बिछए
निवृति , उत्या, उत्या, उत्या
स्पर्श , बरंतो,दूरंटी,सरंतो
अधीक्षण ,वेक्सीलें,वेक्सीय,वेक्सीलों
कड़ा ,पुकापक,पुष्पथ,पुस्पक
कोस ,रौंची ,बेड़े ,बेचे 
बरसों ,बूजे ,एंजे ,भार 
जगराते ,अपसंस्मति,अपलस्कृति,अपसंस्मति
मौजे , अटखट,पटखट,नटखर
नज़र , उवारा,संबंरा, उवारा
वनबंधु ,उलमिला,सलमिला,उलमिला
गुप्त ,माको ,दूंको ,रोए 
सपुर्द ,बैंकिंनी, पगनी, पगनी
लोकलुभावन , पिछई, पिछई, पिछई
कार्यान्वयन , ककेंगी,रुपगी,रुकगी
आरयूबी ,प्रेधानमन्त्री,प्रतिनमन्त्री,प्रधानीमन्त्री
भीषण ,गूंजा ,बगे ,खींगे 
बगलें , सहची,सजाची,सजाची
लहलहाने ,शक्तिभाज,शक्रपुंज,शक्तिभाज
हिलाने ,उलुप्ति,मलुप्ति,सलुप्ति
धमकाना , बखिला,सखिला,उखिला
सुरई ,प्रमशक,प्रकाशर,प्रकारिक
लांघा ,स्वस्णिमा,स्वर्रमा,स्वर्थमा
उपयोगकर्ता ,ऊबजा, ऊष्जा,ऊबजा
विमुक्ति ,ओलंस्वी,ओजस्या,ओटीस्वी
डग्गामारी ,झाटा ,थाटा ,भेटा 
बरसते ,शैंटों ,घंटा ,घंटा 
उड़ाया ,उपते,उमजे,उमजे
तत्क्षण ,मारएं,मालिएं, पलाएं
गण्यमान ,घपना, घड़िना, घड़िना
किरायेदार ,बेची ,केरी ,बेल 
आजाद , निराए, निराए, निराए
लौट ,विंध्यचल,विंबयाचल,विंध्यालल
लगवाएं ,उनसूबे,सनसूबे,मनोसूबे
कसाना , कभारा,उठारा, कभारा
सम्पन्नता ,उतदान,उपादार,उपादार
दवाब ,इशावा, इनवा,इलाएं
सभ्याचारक ,कंप्तशर,कंप्रेदार,कंप्रेसिर
छुएं ,छुट्वा,छुपावा,छुट्वा
लार्वा ,क्षेयकेंद्र,परयकेंद्र,क्रह्केंद्र
बछड़े ,नीला ,नीचा ,फोर 
लल्ला ,अस्तास्थता,अस्वस्थन,पस्वस्थता
अतिसार , अनाली, अनाली, अनाली
फफक ,सामादाना,साबूदार,साबूदार
आवंटित ,सौंला ,फैल ,भाला 
अराजकता ,योग्गिता,उग्यता,योग्रेता
लेन ,मनबूरी,मजरिरी,मजवारी
केले ,आंगरिक,आंदोरिक,आंगरिक
मृतका ,अख्तिभार,मख्तियार,अख्तिभार
शौकीन ,अगुआती,अपआई,उगुआई
सूचनाधिकारी ,विदाम,विदाम, विकाई
साक्षर ,दावेलिर,दायिदार,दावेदिर
सुलगी ,उद्योग्मंत्री,उद्योगमंत्व,उद्योगमंत्वों
कुलदेवी ,स्वारतता,स्वायतन,स्वायस्ता
रंजिश ,गिनगा, उरेगा,गिरागा
तारीख ,अभिमन्ह,मभिमन्यु,अनुमन्यु
बननेवाली ,कलना ,कमाम ,कपम 
सीमाएं ,आंसूक,आंतना,आंतना
जयहिंद , बवक,जीवरों,जीतेक
अभया ,उढ़वाई,बर्वाई,बढ़तिई
बदस्तूर ,एंजियोलालास्टी,एंजिस्प्लास्टी,एंजियोलालास्टी
गृहविज्ञान ,खौचे ,ताचे ,झींचे 
बीडीओ ,मंगलब्प,मंगलकप,मंगवादीप
उर्स ,जरतिभागिता,प्रतिर्गिता,सरतिभागिता
अस्वीकृति ,सफीम,सफीम,उफीम
हक्के ,उलसर,लालझर,लाभसर
चरमराई ,प्र्मियान,दर्मित्न,दर्मियास
हिलोरें ,संबद्धनों,संबकधता, प्बद्धता
मिटेगी ,गेटवान,गेटमैले,गेटमैला
निखारना ,भाविणों,सषणों,भाविणों
घोसला ,ज्योतव्य,ज्ञानव्य,ज्वातव्य
नथुनी ,दिव्यकांडी,दिव्यांकांत,दिव्यांकांत
विकृति ,रेलमंडन,रेलगाडल,रेलबडल
