﻿valid,invalid1,invalid2,invalid3
दीप्तिमान ,छटा ,कृला ,मोला 
बहरा ,खदेनें,खरीनें,खदेनें
प्रेक्षण ,लौहाया,लौटेया, लौटेंया
मर्माहत ,झूलों ,चंमी ,ढांमी 
रोगाणु ,ककौनी,पकौनी,निकौड़ों
गोरियों ,मनोसंग्राम,महाप्ग्राम,महासंग्रंम
खुशियाल ,कॉफ्क्स, समिक्स,पमिक्स
चालें , कनती, कनती, कनती
आत्मन , बएं, बएं, बएं
प्रदुम्मन , नाझा, नाझा, नाझा
मसरूर ,कपज, कसज, कसज
योजनाएं ,शुक्गमन,शुभागमय,शुक्गमन
प्रभावी , उवारा, उवारा,गंवाब
ध्यानार्थ , उन्नो,धन्ही,धरानो
गर्द , निभाला, निभाला,निवाब
दिखाते , पगाता, पगाता, पगाता
अनशनकारी ,मकड़ना, सकड़ना,परड़ना
जनसुविधा ,खुराबु,खुशव,कशबु
महामृत्युंजय ,आयोवान,आहृवाने,सहृवान
जीवनवृत्त ,रौगे ,फाँगे ,फाँगे 
स्वायतता ,परमजीवी,श्यामजीवी,श्रक्जीवी
मोंगरी ,उपप्रधानपत्री,उपररधानमंत्री,उपप्रधानकात्री
गलाने ,संयोरा, कयोग,संबंग
खरोंचे ,उड़ने ,फोड़ना ,फोड़के 
तोड़ी ,विटाधान,विटामिया,विटामित
अर्हता ,उरझाए,मुलाझाए,मुरदाए
हेतु ,परत्ध्यक्ष,परमाध्यजष,परक्ध्यक्ष
बताएगी ,मरंमती,मरंमन,मरंमय
लकीर ,दलहरी,दलकनी,सलहनी
गुस्साये ,मम्मेदार,प्म्मेदार,प्म्मेदार
सेशनल ,विरुस्ध,विरुवाध,विरुद्य
मूत्रालय ,नवर्ठित, अवगठित,नवगठियों
उच्चविद्यालय ,झुके ,झुकी ,झुठे 
गुजारेंगे ,हलएं,हलएं, हरएं
रूढि़वादिता ,झंझसे,पझट, बझट
सूर्य ,लालसेंसधारी,लाइसेंसमारी,पइसेंसधारी
संगीन ,गुढ़ा ,खुंण ,भुण 
हरता ,आंदोलहात्मक,आंदोलनात्सक,आंदोलनात्मर
चबाकर ,वास्ज्यिक,पणिज्यिक,प्णिज्यिक
करंट ,झींह ,भोह ,झींह 
फूंकना ,एहल्यातन,एकतियातन,एहतियातम
नश्वर ,कराचार,उदाचार,कराचार
कल्याण , कड़ेगा,लड़गा,लड़ागा
लेड ,होंबे ,खंडों ,जिबे 
मनगढ़त ,प्रस्बिंब,प्रितिबिंब,प्रतिनिब
प्रतिरक्षण ,सनबीच,मनबीम,पनबीम
हथगोला ,कारे ,रूग ,वोग 
घोड़े ,सड़ित,कड़ित,उड़ित
कुलवंत ,प्रचक्र,वीरचक्त,वीणाचक्र
घिसट ,अपनाक्ष,अपरोपष,मपरोक्ष
पेंसिल , बपटा, बपटा,लिफाटा
कमला ,पटने ,घुटती ,घुमाने 
चमचमाता , नाढ़, नाढ़, नाढ़
अल्पायु ,अगछी,अनाछी,अगछी
टोंका ,पंडाबी,पंडाबी,पंडिबी
मिलवाने ,छीड़ा ,भादो ,थैड़ा 
परांठे ,बहरा ,बनान ,बनान 
गिला ,संवालना,संवायना, मवारना
झमाझम ,उहेगी, पहेगी,उहेगी
रंगदारी ,दूरसंचारों, अरसंचार,दूरसंचारों
खेमराज ,बैसागाड़ी,बैठागाड़ी,बैलझाड़ी
श्रेणीकरण ,उराणिक,पौरामक,पौराणिया
गद्गद् ,अलंवर,अलंबिर,अलंपिर
चुंबकीय ,धर्मसमार,धर्मसमाला,धर्मसभाज
पि्रंटर ,गोंड़ी ,जोश ,गोंड़ी 
खुशमिजाज , झांकिने, झांकिने, झांकिने
संभ्रांत ,पडीओ,बीसओ, कडीओ
गुणवान ,नौलों ,रेंलों ,बिता 
गुरुत्वाकर्षण ,गाड़ा ,ढीन ,गाड़ा 
रतजगा ,उतभेद,मतभेरी, अतभेद
आस्था ,रीरे ,खामी ,खाल 
मालाएं , अतीबारी,पतीबारी,पतीबारी
टोकरी ,क्रूरकम,क्षरतम,क्रूरकम
छलकने ,मठोरतम,कठोरपाम,कथारतम
सड़कें ,अंगड़ज,अंगरेगा,अंधारेज
ढांढस ,उकजन,लोटजन,मकजन
भूरी ,भूंपा ,सौंपी ,सौंपें 
आंग्ल ,मनिश्चित,अनिश्वत,अनिश्चिव
निष्क्रियता ,सिखासिला,सिलझाला,सिखासिला
फफूंद ,तटीकवाण,प्टीकरण,पटीकरण
मैकेनिकल ,मजेक्शन,रिपूक्शन,रिस्क्शन
कृपा ,दुर्घटनाथ,अर्घटनायें,दुष्घटनायें
अलगाववादियों ,ब्रह्मजीड,ब्रोंह्मकुंड,ब्रह्महड
फूलबाग ,महएं,महएं,उचाएं
सप्तरंग ,पपटने,निकटने,निपजाने
हमउम्र ,एमएमच्स,एक्एमएस,एमयमएस
शरीयत ,अवनपूर्णा, प्न्नपूर्णा,जन्नपूर्णा
साक्षी ,घोटाणा,उषणा,सषणा
जमाए ,चास ,चारे ,घेलू 
दिलाते ,अभियात्रित,अभिमंत्मत,अनुमंत्रित
विश्वास ,ममकाने,धमझाने,धमराने
लटकने ,सुझाले,उरीले,सुधाले
देशभगत , बामीं,बमीं, बामीं
मूंग ,उंल ,तालु ,ताला 
ठोक , बमलों,उमलों,उमलों
कमीज , बवाह,गहह,उवाह
नौरंगी ,मसडीओ, असडीओ,एकडीओ
क्रिसमस ,मख्यिकीय,पख्यिकीय,सांख्सिकीय
सेवानिवृत ,बुद्याजीवि,बुद्धिजीत,सद्धिजीवि
जमीला ,खिंचन, उचता, उचता
कलेजे ,साहिणी,साहिणी,सातणी
सर्वाइकल ,शाययें,शासयें, बखायें
अंगुठी ,विद्रिही, सद्रोही,विद्रिही
दास्तां ,बंटार,बंदते, बंधर
वाइपीएस ,कालयांजलि,कास्यांजलि,काव्यांवालि
सपने ,आसाफ, बतिफ,आतियों
पिटाई ,पश्मे, बश्मे,चश्री
लोकसंगीत ,थटी ,घोंटी ,दीटी 
खोजना ,पर्णदीप,कर्णवाप,कर्णवाप
लोकसेवा , कखाई,सिरई, कखाई
शॉक ,पसारिती,ससारती,पहुंरती
अनदेखी ,विचाकाधीन,विवेकार्न,विवेकाधीशों
नरम ,सुप्रेसिद्ध,सुप्रसिकध,सुप्रवाद्ध
संवरा ,धमकारी,ममकाया,धमड़या
श्रीमति ,मोड़ी ,मोड़ों ,मोड़ों 
जुटायी ,बनकानी,बनकनी,बनकानी
दरभंगा ,विधाल, सशाल, सशाल
बिखरता ,दण्डुधिकारी,दण्डायुकारी,पण्डाधिकारी
स्वार्थी ,जीर्ज,जीर्द, बर्ण
बोलियां ,मराबखोरी,मराबखोरी,शरायोखोरी
सोखता ,मालधर,सलधन,मालधता
फिरने ,पढ़ारा, उहरा, उहरा
छलके ,शौचाएय,शौचारय,शौचालते
मचते , अत्रणा,मंत्रिणा,मंत्रने
मौसेरी , अक्चरार,लैक्चराज,लैक्तिरार
कपट ,डब्गे,डरेंगीं, बरेंगे
सुपुत्री ,लांगा ,नूगा ,गंदी 
दूनी ,छत्रपथ,छत्तापति,छठरपति
खासतौर ,शिल्रगाह,शिकारगान,शिक्रगाह
टीकाकरण ,उताएं,उपरू,उताएं
पारदर्शी , सराले, सराले,उराले
माईनिंग ,लीलाकर, अलाधर,लीलाधक
परिसंपत्ति ,प्रह्र्शक,प्रेदर्शक,सरदर्शक
रिहायशी ,गवर्थिस,सवर्नेंस,प्वर्नेंस
शारिब ,गैरक्म्मेदारी,गैरजिलामेदारी,गैरजिम्मेदान
संबोधित ,गुमराते,गुमकह,गुमरानी
खुलवाकर ,उटेशन,कोतशन,मटेशन
बकायादार ,माता ,मावे ,मारीं 
संघवाल ,गैरक्जिर,गैरहापार,गैरहाजिले
एरोबिक्स ,दानेवार,पनेदार,दायिदार
धुंधली ,कृचा ,कृचा ,कृचा 
ज्ञानस्वरूप ,प्रातधिक,परावैधिक,प्रावैधियों
भौतिकवादी ,ज्न ,छन ,फिन 
कामचोर ,प्रधानाचार्ति,प्रक्नाचार्य,प्रधानात्र्य
प्रोटीनयुक्त ,बदहवाले,बदहवाला, अदहवास
उकसाया ,परागर,परागम, अरागण
पोस्टकार्ड ,मगातट,उगातट,मगातट
भट्ठी ,असलहाधानों,ससलहाधारी,असहिहाधारी
नजायज ,कार्ता ,काटती ,पटता 
तोहमत ,अस्वीणति,मस्वीकृति,सस्वीकृति
