﻿valid,invalid1,invalid2,invalid3
लेखाकार ,आकार्वाणी,आकाशक्णी,आकाशक्णी
निर्वेश ,जीवस्दायी,पवनदायी,जीवरदायी
करतूत ,असहवात, प्सहमत,ससहमत
भापकर ,स्माभाव,स्थाभाव, अवभाव
ग्रामीण ,सम्जसेवियों,सहजसेवियों, प्माजसेवियों
वटवृक्ष ,फकी ,दोंकी ,होंकी 
फफक ,सामादाना,साबूदार,साबूदार
तेंदुआ ,डेरण,डेयवा,डेरते
रीचार्ज ,चोटें ,सोंट ,हिंट 
प्रथा ,अरक्षाबल,सुरक्रिबल,परक्षाबल
पर्दानशीं ,संशोभित,संशोधियां,मशोधित
प्राक्टर ,मैंद ,टेद ,घोद 
शुल्क ,जगलप,जगवाप,जगवाप
परोपकार ,पेड़ ,पेड़े ,पेड़ 
निरक्षर ,मौकारारस्त, प्कापरस्त,मौकापरस्था
हुक्के ,बखें,बखें, बाखें
अभ्यास ,घृली ,बेंली ,पाने 
संदिग्धों , अजधन,पजधन,राजधनों
बहना ,सबलते,सबटाता,सबलने
ऐलोवेरा ,सड़ना ,सड़ने ,सहक 
उमड़ा ,सलोपैथिक,ऐलोलीथिक,ऐशोपैथिक
डकैत , शाखाल, शाखाल, शाखाल
आधारहीन ,संयस्र,संवत्र,मयत्र
सजायी , धवाब, धवाब, धवाब
गुणी , उरानी, उरानी, उरानी
सोय , करोसा,भरोध,उरोसा
गंगातट , बषीण,उषीण,पषीण
निरामय ,सशोर,किशोका,उशोर
खुदकशी ,धाराना,धाराना,धाराना
जगमगाती ,हॉटा ,फेटा ,हॉटा 
बुवाई ,निर्क्षकों,निरीदषकों,निरीक्षाकों
वीरांगना ,नौर ,नौर ,काटो 
बढ़ाओ ,आजफोन,आजफोन,आइफोड़
पर्चा ,पमाती,उमाती,पमाती
मुद्रा ,सदयनाथ,हृदरनाथ,मदयनाथ
निराले ,सुनी ,गंर ,सुनी 
भंडारा ,भगडारी,भरडारी,भगडारी
जघन्य ,तपोत्ष्ठ,तपोनिषठ,तमानिष्ठ
नोबल ,रक्तनाग्रह,रक्तसंग्रत,रक्षासंग्रह
ऐंठन ,मरोसेमंद,भरोधामंद,भरोविमंद
रील ,मूकदर्मिक,मूकदतशक,मूल्दर्शक
योद्धा ,शोभास्मान,शोभायमानों,शोरयमान
बुर्के ,मन्वेंट,कॉफ्वेंट,कॉर्वेंट
गरीबन , ससक, ससक, ससक
मेहरबान ,लेगें ,लेप ,लैना 
घिनौने , पहत, पहत, पहत
भेंजे ,अनसुलक,अनवालझी,अनसुकझी
घाटों , अलवाएंगे,सलवाएंगे,खुबवाएंगे
रिजेक्ट ,जैठ ,उंठ ,कोना 
भौंचक ,रंगमंगल,रंगमंगल,रंगलाडल
पीर ,पाठयस्रम,पार्यक्रम,पाठयकरम
बहुउद्देशीय ,छानकी,छाएने,छाएने
लूटपाट ,शोध ,गृर ,शोधों 
वास्तव ,खर्गी,खर्गी,उलेगी
प्रभुनारायण ,रस्ना,रवीपों,रस्ना
जानकर ,चिह्वात,मह्नीत,चिन्नीत
सराहने ,सर्कुलेट्न, प्र्कुलेशन,सर्कुलेशकों
तबेले ,बहगे,उढ़ेंगे, कढ़ेंगे
मन्नत , फिरौल, फिरौल, फिरौल
महंगी ,सरैस,उरैस,उरैस
पुश्तैनी ,अनुदेशर,अधिदेशकों,अभिदेशकों
निरंकार ,मराग्राफ,पैरामराफ,पैराग्राय
दरकते ,मायगा,मानेह,मायगा
कब्रिस्तान ,पूंले ,बोटी ,पूंले 
खरबूजे ,गृहराक्षा,महरक्षा,गृहरदाषा
कतई ,भूखण्या,भूखण्या,भूखलाड
आत्मसमर्पण ,सठेंगी,पठेंगी,कठेंगी
अगरबत्ती ,भाईचान,भाईजाने,भागीजान
स्वागत ,कार्मकर्तागण,कार्यतार्तागण,कार्यकर्तागम
पदच्युत ,नींद ,नींव ,नींव 
प्रपंच ,करीफ, बरीफ, बरीफ
प्रदेशाध्यक्ष ,कैसी ,कैफों ,बूंथा 
गलीचा ,पफान,ऊफाये,ऊपन
क्रॉकरी ,उरिब,शारिये,शारिये
वात्सल्य ,जगसमूह,सनसमूह,जनगुमूह
किंगफिशर ,संवन्न,संस्न्न,संचान्न
कुकृत्य ,आपुर्द,आमर्ति,पपुर्ति
जलेंगी ,लगाष्य,लक्ष्ट,लक्टय
सलाहकार ,वानु ,साफा ,साठ 
बेइमानों ,द्विसर्षीय,द्विवरषीय, प्विवर्षीय
उतारु , बरीड़ा,क्रीद,क्षाड़ा
संदेह ,एलोनिथी,एकपैथी,एलोपैती
प्रतिनियुक्त ,महामार्व,महात्नव,महामानर
दस्यु ,सहर ,सहर ,उत्र 
क्षेत्राधीन ,पचाइयां,ऊंचाइश,ऊंचारयां
कालेधन ,रुकीं ,रुकीं ,रुई 
बाई , जुड़यी, जुड़यी,जुल्यी
सार्वजनिक ,बर्कावे,बरकावे,सहकावे
समधी ,संगदी,उवादी,पवादी
अस्वीकार्य ,पर्मवरण,पर्यावरकों,पत्यावरण
गोरा , उवान, उवान, उवान
राहगीरों ,वीभगना,वीरासना,वीरासना
अन्तराल ,निगाया, कगाहें,सगाहें
कठिया ,पहुंतावा,पकतावा,पछताओं
चितवन ,व्यानी,व्यानी,व्रस
स्वच्छंद ,ऋणों ,मैंणी ,शाणी 
विद्वानों ,मालबाजारी,प्लबाजार,मालवाजार
विशोक ,स्नाहदीप,स्वहदीप,स्वहदीप
साम्प्रदायिकता ,सहमेलन,सम्मेबान,सत्मेलन
उन्नतीस ,सचेतर,समातक,मचेतक
उबरने ,पैट्मिलेट्री,पैरामिस्ट्री,पैट्मिलेट्री
खर्चीली ,कोयरे, उहरे, उहरे
जांचोपरांत ,जिम्मेदारार,जिम्पदाराना,जिम्मेदाराज
अंतगर्त ,पांबे ,दूर ,दूज 
पताके ,नंयी ,गधा ,गधा 
बिका ,जेहाने,जेहाई,जेहाई
गुमानी ,अंगाड़,अंगाड़, बधड़
लगनशील ,पंडासे,पंहुल,पंहुल
प्रयुक्त ,मलभैरव,कालमारव,कालगारव
चुनकर ,सुधरगी,सुधरेज, अधरेगी
विषहर ,मधिभार,अधिरार,अधिभाषी
नौवी ,प्रांली, उयाली, उयाली
तलाशनी ,उगा ,उड़ी ,घूड़ा 
तेजबल , नाहों, नाहों, नाहों
वांछित , बट्रा,उट्रा,उट्रा
विज्ञप्ति ,समयक्रिणी,समायसारिणी,समयकरिणी
ठोंकने ,नुमावदे,नुमाकदे,नुमाइंड
मधेश्वर ,पशियां,उशियां, बशियां
ममेरा , उहला,टशला,टशला
रघुकुल , सलपान,जनपान,जलपास
सुरीली ,हाइयों, पइक,हाइए
संयोगवश ,पंचनाएं,पंचकमा,उचनामा
खिजरी ,टंचा ,पंचों ,पंखें 
सुंदर ,चिंह्नियों,सह्नित,चिंह्वात
दानेवाला ,निवार्थन,निर्र्चन,निवार्रन
चेतन्य ,सलची,लाचाची,पलची
कम्युनिष्ट ,यज्रमंडप,यज्ञामंडप,यज्ञमंत्प
जगतार ,नना ,बुरा ,बुआ 
प्रवास ,उदमें,समामें, बदमें
लिहाज ,दर्वता,मर्शाता,दर्मिता
मिलनेवाला ,बुरा ,औगी ,बुआ 
खाएगा ,पग्रास,खग्रेंस,खग्राना
मनीष ,लोकरार्माण,लोकसंर्माण,लोकनिकमाण
विधिवत ,संाति ,शांत ,गेति 
काबिलेतारीफ ,पशरूर,सशरूर,मशक्र
सर्वोत्कृष्ट ,विसते, ससरा, ससरा
सांझ ,बहनाया,पहलाया,बहनाया
प्रियता ,पूच ,खौच ,शौक 
प्रशिक्षण ,मनोपर्व,सहापर्व,सहापर्व
कार्यपालिका ,उरीबों, परीबों,उरीबों
क्रूरतम ,उफगानी,अनगानी,अफवानी
धर्मवाद , केद्य,केद्धि,केद्धि
प्राप्तकर ,बाँस ,बाँस ,ऐंस 
किंवदंती ,कहूंचे,कमागी,उहूंगी
जन्नत , कध्या, कध्या,उध्या
धीमी , कद्धि,उद्धि,पद्धि
लगाव ,उनैली,कनैती,कनैती
संजीदगी ,सर्र्थकों,समर्षकों,पमर्थकों
डिग्री ,किशा ,शीशों ,खूंशा 
साहिब ,सामंचावाद, अमंतवाद,साम्तवाद
