﻿valid,invalid1,invalid2,invalid3
गुम ,पयफ्रेंड,बॉयवरेंड,मयफ्रेंड
शरीयत ,अवनपूर्णा, प्न्नपूर्णा,जन्नपूर्णा
ऊंचा ,संप्रेदायिक,संप्रसायिक,संप्रदायियों
कम्पाउंडर ,पभियोग,अभिलेग,अभिलेग
निशक्त , प्ख्यायुक्त,मुख्यान्क्त,मुख्यायुक्ति
घंटा ,अपरंपान,अपरपार,असरंपार
पाण्डुलिपि ,आकांक्ति,आश्क्षी,आयोक्षी
ध्यानाकर्षित ,सत्यावरही,सत्यावरही,समायाग्रही
प्रभार , उजाने, उजाने, उजाने
घूमने ,विष्या,विधाठ,विकाठ
होम्योपैथिक ,सृंजना, सृंजर, सृंजर
उत्सर्ग , सरातें,उरातें,उरातें
बंदूकें ,झूठा ,झूठी ,तूला 
खट्टर ,फैरे ,हीरों ,हीरा 
लहजे , उरार, उरार, उरार
रुचि ,महायग,महायग,महायग
फिजूल ,सभाजीह,पभाजीत,सभासत
समुखिया ,इलाएं, उलाही,इलाएं
शुभ्र , अप्यूटर,कंप्लेटर,प्प्यूटर
तहत , उराह, उराह, उराह
चुंबकीय ,धर्मसमार,धर्मसमाला,धर्मसभाज
अलंकरण ,बुराए,बुराए,बुराए
भयानक , पम्मान, पम्मान, पम्मान
तेंदुए ,मणिकवाणिका,मणिकर्ताका,जणिकर्णिका
गुलगुले ,भूषा ,भूनी ,भूली 
बूथ ,महीआ, उहुआ, उहुआ
सराही ,अस्तष्ट,अपपष्ट,मस्पष्ट
पीने ,रोषपूजण,रोजपूर्ण,प्षपूर्ण
लेगें ,पदचित्ह,पदचिन्न, अदचिन्ह
शर्मिदा ,न्यानी,न्यूरे,कयारे
फिल्में ,झरोह,झलखा,झरोधी
माणिक ,पंक्ष्या,पंचतिया, अक्तिया
रामराज ,धन्ली,धरौती, धर्ली
गुलाब , बाभे,साभे,बभे
अधोहस्ताक्षरी ,ढैट ,लौटीं ,लौटीं 
दृष्टि ,पूंछा ,जुछे ,चाँछे 
पोशी , अहनने,पकनने,पहकने
भूखा ,अक्षश,अभिषांश,अक्षिश
पौध , कड़ना,जोड़िना, कड़ना
कूढ़े ,मंगाली ,मंहली ,मंगने 
कलात्मकता ,जीते ,जीयो ,जीए 
ग्वार ,सदोई,उदोई,सदोई
युवती ,अनिश्मिता,पनियमिता,अनिश्मिता
निर्णायकों ,कपगी,कसेड़,कसेड़
वार्डबंदी ,आधावृहीन,मधारहीन,आधारवान
बिखेरेंगे ,कार्कल्प, अयाकल्प,कार्कल्प
अतिथिगण ,पठी ,पठी ,जूड़े 
बीनने ,टिप्सिणी,टिप्पत,टिप्सिणी
खरीदेंगे ,मध्यतथता,मध्यवथता,मनोयस्थता
ऐच्छिक ,चौसा ,चौड़े ,फडे़ 
आत्मरक्षा ,कराया ,पराने ,परया 
दुग्धाभिषेक ,समड़र,ममपार,सहपार
उच्चस्तर ,कामराप,ममरूप,कामझाप
गेंहूं ,नाठें,कठें,कठें
बतायी ,दिलझए,दिलझाए,दिलझाए
हृदयनाथ ,जुटीं ,जुड़े ,जुदा 
ग्वाल ,स्थड,स्टेंगी,स्थाड
कुर्ते ,कसठे, बट्ठे,करठे
स्वंयसेवी ,गोंने ,रोता ,जूने 
मीट ,सोली ,थूली ,खिला 
चुल्हे , बयु, बयु, बयु
मुखारविंद ,पत्थरबाल,अत्थरबाजी,पत्थरमजी
झंड ,यदुमति,यथापति,उदुपति
दिखेगी ,सम्बट,मम्राट,सम्राते
काष्ठ ,बुरने,बुरने,बुरती
अयोध्यापुरी ,खूंटी ,खूंटे ,सेंट 
पुनर्रीक्षण ,घूमान, घूमेंने,घूमान
परित्याग ,विनातक,विनाएक,विनायत
आटोरिक्शा ,काश्तकाल,काश्लेकारी,काश्तररी
सदा , अहाकाल,महाड़िल,उहाकाल
स्वादिष्ट ,मुंहार, सडेर,मुंहार
फौज ,स्ले ,ढंले ,ढंले 
आद्य ,बुद्के,बुद्के,बुर्म
चमकी ,रक्ईगैस,रसोईदास,रसोईघस
जलाशय ,पलदो,पकदो, सर्दो
संवत् ,मिटी ,मिट ,चोंली 
ठुमका ,प्रांरुप,प्रारुओं,प्रामप
रुपैया ,नियुक्षायां,नियुवतियां,निरीक्तियां
वाष्प , सकीर्ति,सुनर्ति,सुकीर्थी
समाजसेवियों ,लुढ़चता,लुढ़तिता,लुधिकता
सामान्य ,सामन्न,सामड़त,सामड़त
निखारकर , उटन, उटन, उटन
दुखड़ा ,समान ,पदन ,बदन 
शमिल , कचाते, कचाते,उचाते
कठपुतली ,छुटया, कड़ाया, कड़ाया
सच्ची ,उदावन,उदासीमा,उदालन
मैट्रिक ,मनमुक्ति,जनमुफ्ति,जनमुक्तों
प्रत्यर्पण ,समेराने,समेन्ने,समेटरों
सींचा ,महहार, उल्हार,महहार
निपटा ,भण्काया,भगकाया,भटकाओं
ख्याल , अर्रत,जुर्जत,जुर्वत
धुआं ,विघटियां,विस्टित,विकटित
आइफोन ,अलबत्रों,अनुबत्ता,अलबत्रों
शिक्षाविद ,पऊन,सऊन,पऊन
सिने ,उकेतांक,पकेतांक,संवातांक
हरितक्रांति ,जबरवास्त, प्बरदस्त,सबरदस्त
प्रचंड , बगें,कगें,नागें
तिलमिलाई ,होक ,मौक ,होक 
पिटवाकर ,सहाशय,महाशने,सहाशय
टहलती ,तहसने,तरावने,तहसने
कामेश ,छूटेंता, छूटेता,छूटेंता
शास्त्रोक्त ,नबंधी,उबंर,नबंधी
मांगो ,पकानों,सकानों,दुबनों
दिलायें ,बोरिने, बोलिने,बोरिने
सिद्धि ,राष्ठिय,राष्टीसी,राष्ठय
दबंगों ,रोपनी ,रोकने ,रोपनी 
सत्तावन ,नागें,नागें,कगें
नाट्य ,अशुचाधि,अशुबाधि,अनद्धि
सनसनी ,ऐंड़ी ,साफा ,सैंड़ी 
नशाखुरानी ,सम्राज्ञों,सम्राधिय,सर्राज्य
आधीरात , बालिने,बारिने, बालिने
बौछारें ,वाद ,वाद ,चुदो 
बलिष्ठ ,गंदते,गंदने, कदगी
पडे़ंगे ,जनस्ल्याण,जनसंल्याण,पनकल्याण
दरम्यान ,ठना ,कॉना ,कॉना 
कार्डियोलोजी ,आषार,आषादों,आषायी
शांतिमय ,हस्तारीषरित,हस्ताक्रिरित,हस्त्क्षरित
प्रत्याहार ,प्रस्थातिया,सरस्तुतिया,प्रस्ततिया
नवयुग ,कीचत,कीचत,कीमने
करनीबाग ,मनचारों,महाचाहा,मनवाहा
दलन , बरित,पारिये,पारिये
कार्यानुभव ,झककरा,झरझोरा,झकरारा
जगे ,उव्वारे,उव्वारे,सव्वारे
दर्शाना ,जमामी,जख्ता,जमामी
छुट्टी ,बेचायी,बेतुरी,बेतुरी
नाप ,रिस ,ठीपू ,रिस 
पार ,जायेई,जादुल,जायेई
अंहकार ,परतिनिधिगण,प्रतिष्धिगण,प्रतिनिधिदण
प्रैक्टिस , बवेशी,सवेशी, बवेशी
साहिबजादे ,उगर्भशास्त्र,भूगर्थशास्त्र,भूगर्वेशास्त्र
मनोबल ,विश्वदेही,विश्वधाव,विश्वदेही
बिताई ,गोलठियां,गोताठियां,गोष्टयां
गिरावट ,असतकर,महितकर,महितकर
रक्तबीज , बमाये,पमाये, बमाये
गजानन ,बटेंड,बहगे,बटेंट
कब्जे ,आश्र्वेदाचार्य,आवेर्वेदाचार्य,आयुर्वेदायिर्य
ओलम्पिक ,धुरी ,झींल ,मैंल 
पिछड़ा ,शीलण,शीर्ज,शीर्द
सहकारिता ,कांस्ने,कांस्ने,कांवने
खेतीबाड़ी ,फुसहाने,फुसमने,फुसमने
सुलझी ,पदसंवाद,परिसंख्द, अरिसंवाद
दस्ता ,निकद्ध,निकाद्ध,निरुवाध
संग्रहण ,कलुगू,तेजागू,सलुगू
पीलापन ,संकटमोचल,पकटमोचक,संकटनचक
चुस्ती ,उरियान्यवन,क्रियात्यवन,क्रियान्यवर
विनिवेश ,एक्ग्रचित्त,एकायारचित्त,एकासरचित्त
सिस्टमेटिक ,उठाकगे,उठाइगे,उलएंगे
महाष्टमी , भट्त, भट्त, भट्त
युक्ति ,टुकता,टुकता,टुकता
पूरा ,सतुर्थ,सतुर्थ,चतुर्ण
