﻿valid,invalid1,invalid2,invalid3
डिप्लोमाधारी ,मरिहारी,परिश्री,मरिहारी
हरिश ,बेजुबार,बेसबान,बेजुर्न
फैलना ,रौक ,मोंक ,फेंकें 
खद्दर ,चयत,चयत, चयरी
गृहस्थी , बड़नी, बड़नी,कड़नी
दिव्यांगता ,सनेंगे, कनेंगे,सनेंगे
चुनिन्दा ,सेवालत,सेवायता,सेवायता
अलकनंदा ,सनगुनाती,गुनवानाती,गुनवनाती
चलनेवाली ,कडि़त,सडि़त,उडि़त
अनाज ,निशामुदेही,निशानशीही,निशानगही
गदंगी ,धरारें,समरें,पमरें
आजिज ,खूबड़रत,खूबसूचित,पबसूरत
साधनहीन ,अनियचितता,अनिश्यतता,अनिश्चितम
गाएंगे ,मुख्यध्यापण, प्ख्यध्यापक,मुख्यध्यापण
बुद्धराज ,झुग्र,झुग्ला,झुग्ला
आकृष्ट ,मोमषधाम,मोक्षज्म,मोमषधाम
धक्के ,गोस्तकालयाध्यक्ष,गोस्तकालयाध्यक्ष,कस्तकालयाध्यक्ष
सर्वसाधारण ,स्वाभिमारी, अवाभिमान,स्थाभिमान
सिरदर्द ,जनअलकार, प्नअधिकार,जनस्धिकार
लूटना , बत्फ,लुत्रों,पत्फ
सोख्ता ,खर्जने,खरीचने,खर्चर
वात्सल्य ,जगसमूह,सनसमूह,जनगुमूह
मध्यस्था ,अभिपूरक,असपूरक,अनुपारक
सूर्याेदय ,सहनी ,वाहरा ,पहनी 
मानवता ,प्रामाणिकशों,प्राधिणिकता,प्रेमाणिकता
परे ,कुशत,कुचत,कुपिस
बचीं ,मुद्य,मुर्य,पख्य
टिंडा , तपवे, तपवे, तपवे
अड़चनें , बतरो, बतरो,संबंरो
सेवाभाव ,फंफूने,फंसर,फंफूने
प्रतिनिधित्व , बग्ल,उग्ल,कग्ल
संज्ञा ,छींक ,छींटों ,छींटों 
फिल्मफेयर ,बांला ,कुला ,सौला 
मंगाते ,पुनर्थीक्षण,पुनर्रीक्षीण,पुर्र्रीक्षण
भंगी ,तापकते,तानाकर,तामकर
सुंघाया ,फैलागी, बलेंगी,सलेंगी
परिप्रेक्ष्य , अवुकता,उवुकता,भावुकती
तैलचित्र ,ट्रेगी,ट्रेता, उरेक
आमंत्रण ,ठूंव ,डेव ,चाल 
डिब्बे ,पंचते, पंहुम,पंडाम
विविधता ,पूर्वर्ध्या,जर्वसंध्या,पूर्वसंख्या
कालचीनी ,मलबदन,फूलमादन,फूलबदय
जुझारू ,परामनिशदात्री,उरामर्शदात्री,पर्मर्शदात्री
धूम्रपान ,ग्रीष्मकालीय,ग्रीरामकालीन,ग्रीष्यकालीन
डाक , पनाने,उनाने, पनाने
तेजस्वरूप ,इंरी ,डोले ,मेंरी 
गेंदो ,खगी ,छोगी ,टागी 
भरवाए ,दाहित,दास्ने,दाहित
पद्मनाभ ,दिवाती,उखाती,सखाती
कारखाने ,सूचीदद्ध,सूचीकद्ध,सूचीबद्र
झुलसाती ,अविधाविहीन,अविधाविहीन,सुविधारहीन
स्वांस ,वस्स्क,वयस्या,वरिस्क
इनायत ,साड़िर, बभार, बभार
परदा ,प्रद्युद्न, अरद्युम्न,प्रक्युम्न
कहंा , सगरानी,जगलनी,जनरानी
भरवाना ,नशीष, बशीला,नन्ला
मिलावटखोरों ,भौतियाता,भौतिकर,भौतिरोता
बरतन ,महादंगण,महात्गल,प्हादंगल
भगोना ,जवालादेही,जवारदेही,जवासदेही
टंगा ,संस्तित, अस्कृत,संवाकृत
चिन्हि्त ,सर्डियोलोजी,कार्थयोलोजी,काव्डियोलोजी
आज्ञापाल ,हलुओं,हलुओं,हलुस
मिष्ठी ,तेजघाट,उनुघाट,तेन्घाट
कार्यप्रणाली ,उहिक,दैहिये,दैहिये
पजामा , सछवा,कछने,कछड़ा
अर्थोपार्जन ,कर्षायें, अक्षायें,कर्षायें
सुनना , रूढि़ना, रूढि़ना, रूढि़ना
खिलखिलाती , कजती, कजती, कजती
मंझली ,दुल्राते,दुहलाते,उहराते
साढे़ ,बटेश्रर,बटेश्वना,सटेश्वर
उपमहासचिव ,पुष्पमारी,पुष्पमारी,पष्पमाला
सूंघा ,अटरसाईकल,उटरसाईकल,मोहरसाईकल
इतालवी ,थूली ,भोंली ,थूली 
इशिका ,सधिवक्ता,अपवक्ता,सधिवक्ता
मंगलमय ,मुस्गीपालन,मुस्गीपालन,मुर्गीपाहन
कमलापति ,कलेगी,उलेगी, बलेगी
एसडीओ ,उताजी, कताजी,उताजी
फुसलाने ,छुएं ,छुपे ,छुई 
गरुड़ ,गोकुड़े,गोकुरों,सकुला
पकड़ता ,फेंल ,फेंल ,घुट 
प्रस्तावक , उहरी, उहरी, उहरी
फूलबंगला ,चंद्धदय,चंद्रोधय,चंद्रोधय
मकड़जाल ,पड़ेदान,कूड़ेबान,कूड़ेबान
उपप्रधानाचार्या ,रुया ,मास ,सीया 
ठाट ,प्रियाणवीं,परियाणवीं,हरियाणना
विनीता ,दरबाड़ी,दरबाड़ी,दरदान
सचित्र ,पंरवर्षीय,पंक्वर्षीय,पंचवर्ताय
लंबू , उद्रा,निंद्धि,निंद्धि
उत्कृष्ट ,सूबे ,सूझा ,ऋझ 
मृदुभाषी ,प्रवाकक,प्रवाचना,प्रवाएंक
उखाड़ा ,उदुओ,बिंदिओ,बिंदाओ
अभिलेखागार ,ढैंली ,फलो ,कोंली 
कप्तानों ,रूंल ,लीची ,याल 
काकी ,जवरूपानंद,स्वरूपालद,स्वनिपानंद
कछियाना ,सिकुरे,सिररे,सधारे
विनम्रतापूर्वक ,दुधाती, कखती, कखती
पहचानों ,जगता ,जलाता ,जताता 
सेक्रेड ,उताएले,उन्वले,पतावले
पकड़ ,टोटिरी,टोटिरी,टोटिरी
हजम ,चलनी ,चलानी ,चढ़ानी 
जबरदस्ती ,चीखनी,पखता,चीखनी
अस्पष्ट ,पाणिग्यहण,पाणिग्रस्ण,पाणिग्राहण
खयानत ,समालता,मरलता,उरलता
प्रतीत , सजारा, सजारा, सजारा
राफ्ट ,सक्शे,नगाशे,नवाशे
सुई ,छाव ,छाव ,मुँए 
तिल्ली ,मुख्यमर्त्री,मुख्यवेन्त्री,मुख्यवन्त्री
फ्रेम ,चूजा ,थैक ,लाेक 
कर्मजीत ,पुरातत्वलिद्,पुरातत्रविद्,पुलितत्वविद्
मंडराया ,मर्वाण,निर्वार,पर्वाण
कसर ,पधेरा,सधेरा, कधेरा
हिन्दु ,वाचकी, कसुकी,वायकी
नीली ,सलायी,उलायी,उलायी
पक्ष ,दाहिरा,दाहिरा,पयरा
कब्रगाह ,मनपंचद,मनगुसद,मनवसद
बरसों ,बूजे ,एंजे ,भार 
किशमिश ,सलाधिकारी, प्लाधिकारी, प्लाधिकारी
धकेल , अहराए,लहलाए,लगाराए
ग्रामीण ,सम्जसेवियों,सहजसेवियों, प्माजसेवियों
घनिष्ठता ,दवाशी,दहशी,दहशी
उकेरे ,गॉनी ,फौनी ,फौनी 
खोजबीन ,कंठ ,कंठों ,शैडा 
पॉकेटमार , सजारे, सजारे, सजारे
नोचने ,सुरमत,सुरदायी,सुरहयी
रोजी ,कजित, बजित, बजित
बरतेंगे ,द्वाहिका,उवारिका,द्धिरिका
पैमाना ,जाययता,जातीराता,जातीयत
देवीचरण ,पयक्तिगत,व्यक्तिलिंत,व्यक्तिलिंत
न्यायिक , प्पथग्रहण,शतथग्रहण,शपथमिरहण
सम्पन्नता ,उतदान,उपादार,उपादार
बुरादे ,तोड़ीं ,थोल ,थोल 
भविष्य ,लॉसा ,भैंसें ,लॉसा 
नृपति ,मयजल,पेयस्ल,पेट्जल
होठों ,बताना ,बसर ,उसना 
पन्नीवाला ,फेंकेला,उकेगी,फेंकगी
कद्रदान ,निखड़गा,निखकगा,निखकगा
चालू , प्योजनकर्ता,आवेजनकर्ता,आयोजनकर्मी
कारनामे ,पढ़ाले,कतीले,पतीजों
मनचला ,सूप ,चुप ,खु़प 
बिकवाने ,पापों ,पाशा ,खैद 
संवारती ,उर्दानी, अर्दानी,मर्दारों
रिस ,राक्षिसों,राहषसों,राक्षद
पलता ,उनेऊ,उनेऊ, कनेऊ
खरीदो ,उकरोच,कॉकरोहों,मकरोच
जुगनी ,क्रिमतावान,क्षमपवान,क्रीमतावान
वरिंद्र ,मरम्मदृकरण,मतम्मतीकरण,मरम्मतीकर्ण
पंसद ,उहमे,सजामे,उहमे
कटोरा ,क्रियारेट,क्रिवारेट,क्रिक्रेश
गवाई ,कुर्जनी,कुर्बारी, अर्बानी
सरल , बमीन,जमीष, बमीन
परिसंवाद , छबीका,छक्र, छबीका
मुंतजिर ,परोतिय,मरोतिय,श्रोसय
सुधारीकरण ,प्रेतिलिपि,प्रतिलिस,प्रातिलिपि
टांका ,जलमस्थल,जलमस्थल,सन्मस्थल
पैंतरा ,नालाएंकी,नालायर,पलायकी
साप्ताहिक , अर्मसार,शर्यासार,मर्मसार
खीरों ,परद्वांजलि,श्रेद्वांजलि,श्रद्वांजन
सुविचार ,उमली ,पगली ,कगली 
फिल्मकार ,वैसाणों,वैष्ठी,वैष्ट
सचेतनता ,वैठते,वैठरी,वैष्क
विषम , गरर, गरर, गरर
कोस ,रौंची ,बेड़े ,बेचे 
सुपरिटेडेंट , चढ़ारा,चमती, चढ़ारा
निरामया ,ममर्थ,सरर्थ,सर्र्थ
सदृश्य ,आक्थोपेडिक,आक्थोपेडिक,आरोथोपेडिक
घुटना ,बंटाकें, कदूकें,पदूकें
साधा ,उत्पादर्ता,उत्यदकता,उत्पादकश
समयसीमा ,मिलों ,मिटे ,मिटे 
अक्षयपात्र ,पखती, कखती,पखती
आहुतियां ,बाइकिग,बाइफग,बाराकिंग
बने ,बुर्वग,बुर्जुला,बुर्मिग
विश्वराज ,दिवाएं,उलाएं,दिवाएं
घटनास्थल ,जुटएं,जुटएं,जुटएं
हैरत ,जिलाहसक,जिलाशालक,जिलाशासिक
हक्के ,उलसर,लालझर,लाभसर
वृद्घ ,भरदाईं,भरहईं,भरदाईं
पलटती , बडित,खंजात,खंडियो
लोकतन्त्र , बावय,बाध्र,बाध्र
छठी , बढ़ाब, बढ़ाब, बढ़ाब
सदय ,सीनेगा,सीढि़ट,सीनेह
ऋषिमुनि ,रक्र,रस्खा,रचाखा
सादरी ,असविधाएं,पसुविधाएं,अधिविधाएं
दिलों ,लाकने, लाईर,लाकना
भराए , पलदार,गुलझर,गुलझर
छुट्टे ,क्षुन्ति,परान्ति,क्षन्ति
सुखचैन ,सुलयोजित,सुनियोजिला,सुनियोदत
अन्नदान ,बगान ,लगार ,सगान 
तकिये ,कवें, बवें, बवें
सहृदयता , कताए, कताए, कताए
झाविमो ,मजमारी,महायरी,मनोमारी
उफनाने ,भद्य,भद्धि,भद्य
पलड़ा ,प्रतिञान, अरज्ञान,प्रोज्ञान
अरुणेंद्र ,धुलिहान,धुलिस्न,धुलियाओं
हर्ष ,पंचवामे,पंहुनामे,पंक्नामे
पथावरोध ,पर्गी,उर्गी,मुड़गी
नामों ,मेहनतरीश,मेहस्तकश,मेलानतकश
बंटती , बाष, बाष, बाष
करहा ,समरालीजन,पसुरालीजन,ससुरलीजन
दीर्घकाल ,बैनाना,बैनाना, सठना
पासपोर्ट ,दहजनों,दर्मिनों,दमजनों
चित्रण ,खरीकेवाने,खदेदवाने,खरीदलिने
खिंचने ,दुर्गुल,दुर्जणों,दुश्गुणों
औषधीय ,षष्या,षष्या, पष्टी
जगदंबिका ,सगेगी,सगेगी,मांजगी
दुर्दशाग्रस्त , कानूड,काटड,काटड
खाद्यान्न ,रचस्त्मक,रचनात्मय,रचनात्मणि
प्रसाशन , नाझा, नाझा, नाझा
मरदाना ,सलाकारी,सलाकारी,मलाकारी
बुद्धिजीवी ,उपनिब्ध,उपराब्ध,उपलब्बी
सुखदेवनगर ,चमचमार,चक्चमाता,चमरमाता
लड़ाने ,हृदयविरुरक,हृदयविदाताक,अदयविदारक
बिछायी ,सर्योग, पहयोग,सहलाग
नेत्रदानी ,गुर्ह,गुर्ह, उनाह
लिखापढ़ी ,शैक्रानी,शैलाराते,शैलाशनी
भीग ,दलकती,दलकती,मरकती
कटाया ,पपिका,सपिका,पपिका
टूट ,वैष्खी, बशाखी,वैश्खी
नलका ,दलशाना,पर्शाना, सर्शाना
दर्शायी , अरह्मांड,सरह्मांड, अरह्मांड
गौड़ ,जेवक, जेसीर,जेठार
जूठी ,बिकते ,बिकता ,सकती 
ट्रेनों , हजूसी, हजूसी, हजूसी
रूकवा , उयार, उयार, उयार
ऊंची ,मतमयी,उतमयी,उतमयी
सम्राट ,जिलेएंगे,मताएंगे,उताएंगे
गंधर्व ,त्रिस्णायत,त्रिगुणायम,त्रिश्णायत
अस्वीकृति ,सफीम,सफीम,उफीम
तीर्थस्थली ,जाट ,हैट ,जाट 
पुर्नस्थापन , कराछी, कराछी, कराछी
गुरचरण ,दसों ,दबे ,दबे 
टूटा ,टहलकला,टहलवार,प्हलकर
नील ,कुपोषिका,कुपोस्त,कुल्षित
उत्पत्ति ,कलुगू,कसआ,कलुगू
तंबाकू ,आयुवर्ण,पयुवर्ग,आयुवर्य
काटती , पजली,उजने, पजली
पिछला ,प्रेबध,प्रंबड़ी,प्रंबर
टुर्नामेंट ,प्टरजेंट,सटरजेंट,डिप्रजेंट
मशरूफ ,जनर्तरण,जनवितमंण,जगवितरण
विपश्यना ,विभागाध्यक्ति,विभागाध्यवाष,विद्गाध्यक्ष
मुशायरों ,मंडलयान,मंगनयान,मंगलयार
समधन ,मान्यतारी,मान्यवाएं,मान्यतारी
घमंड ,लाडता,लापने,लाचाता
पुनर्जन्म ,मूल्याकंद,मूल्यादान,मूल्यादान
जीवनी ,उवकूफ,बेवस्फ,बेवकूल
घासें ,मर्वाग,उर्वाग,सर्शाग
खेदजनक ,सुखर्ण,सुवजण,सुवर्थी
सोएं ,अवरध,अवस्ध,अवस्ध
मैदा ,उव्वारा,फरिवारा,सव्वारा
निवाला ,पखवाया,परिवाड़ा,पखवाई
खैरहनी ,मत्रुधन,पत्रुधन,शत्रुस्न
