﻿valid,invalid1,invalid2,invalid3
सक्षमता ,गुदब,उलाब,उलाब
काबलियत , पलायी, पलायी, पलायी
जमाता , कोटेयन,कोतयन,कोहयन
देंवेंद्र ,सर्वट, अर्वण,सर्तण
शुभचिंतक ,सगेगी,सगेगी,पगेगी
लौटाया , साड़ें, साड़ें, साड़ें
पोषण ,कननी ,कननी ,सननी 
हरिपद ,कपएं,उमाएं,कसएं
रामरूप ,पैरालाजिस्ट, प्थालाजिस्ट,पैथालाजिस्था
सौहार्दपूर्वक ,डलदाना,डलदाना,डलदाना
दिव्याशी ,मुड़े ,खोड़ ,गीड़ 
आवेदन , उहरे, उहरे,नन्रे
जलाधिवास ,निरतिथक,निरर्वाक,निरर्रक
वाचिका ,गृहरा, पहण,गृहरे
खोज ,दिखवाएंगी,दिखवासिगे,पखवाएंगे
पोस्त ,सहओ,उजाओ,उजाओ
सीडी ,क्यायल,क्वायता,क्षयल
अनभिज्ञता ,सैलाने,सैलाएं,सैलाने
सीएनटी ,महलाने,टटोलाने,टपलाने
चालान ,हवरों,हवरों, बवस
कर्मठता ,ममिसाल,बेमिसाना,बेमिदाल
रूखे ,ट्रांजिस्टरी,ट्रांजिस्तर,परांजिस्टर
बेवफा , बतुकी,बेतुन,उतुकी
कामकाज ,घूनो ,घूनो ,घूनो 
आहरित ,बोचे ,बोचे ,मोचे 
उतरेंगे ,विवानिस्पद,विवादाविपद,विवादास्पति
आंदोलनकारी ,बंदूगा, बंधगा,बंटेल
प्रज्ज्वलित ,सडरा,सडरा, कडरा
मंज ,वित्राय,मत्तीय,वित्रय
लोकसंपर्क ,संकुरों,संकुरों,संकुरों
भगत ,खींचेंने, उचने, उचने
कौस्तुभ ,रूखी ,कोंठी ,रूकी 
मुण्डन , जीतस,जीन्ही, जीतस
जुल्म ,फटमाए,परमाए,उरमाए
सांडा ,हलशा,हमेगी,कमेशा
जुटाया ,पुनर्णलन,पुनर्विलन,पुनर्मिलय
बनेंगे ,डॉता ,मैंता ,बेंता 
उपविधि ,खेलीं ,खेतों ,सुंला 
लड़ेंगे ,घुसपैथी, असपैठ,घुसकठ
जलपथ ,समलाथक, अमर्थक,सहर्थक
पश्चिमशरीरा ,हलजी,हलजी,हलजी
ठीकेदार ,ग्रीमसेवक,सरामसेवक,ग्रामगावक
शादीशुदा ,भुगवाना,भुगमना,भुलताना
गिनायी ,पभरी, बभरी, बभरी
तफरी ,जिलांतर्मित,जिलांतर्तत,जलांतर्गत
बमबारी ,परिपेबाष,परिक्क्ष,परिपेन्ष
योजनाए ,प्रंबदक,प्रंबन्क,प्रंपधक
मुसाफिर ,पौत्ष,उरूष,पौत्ष
आइपी ,जर्नायन,जर्नादगी,प्र्नादन
निरोधात्मक , उड़ाल, उड़ाल, उड़ाल
खांसी ,यादर्श्त,पददाश्त,याज्दाश्त
खजांची ,विश्याज्ञान,विद्यज्ञान, प्द्याज्ञान
जकात ,स्थिही,स्थिही,पयाही
प्रबंधकीय ,छपपटा,छटरिटा,छटकटा
बटेंगे ,सधराना,सुधर्ना,सधराना
उठवाई ,चढ़ाका, चलाका,चढ़ाका
घासफूस , पढ़ारा,पथड़े,पथड़े
कसेगी , पक्षण,रखषण,मक्षण
गुठली ,उठी ,उठा ,उगी 
बीतता ,फैंहू ,कैहू ,बाहू 
प्रचारिणी ,निडली,निडलों,निडलों
फिक्र ,उपुर्दे,सुधर्दे, अपुर्दे
अनुंसधान , बपीता,पपीलों,पपीलों
थानाप्रभारी ,उशानी,उशानी,निशाखी
कढ़ी ,अधूलि,कधूरा,अधूलि
गलीचा ,पफान,ऊफाये,ऊपन
निर्दोष ,अहारुद्राभिषेक,पहारुद्राभिषेक,मतरुद्राभिषेक
खटकी ,अखाए,सखाड़ा,अर्ड़ा
नामांकरण ,खिंलो ,बास ,बास 
गौरवपूर्ण ,गोलीखोरों,पताखोरों,सताखोरों
हैवान ,सूबी ,ऊभा ,दोंबी 
भेद ,अतित्यपरीक्षण,अन्त्यपरीकषण,अस्त्यपरीक्षण
फुलकारी ,सजहंस,राजरिस,राजरिस
पढ़ाओ ,अनशनकारों,अनशनशीरी,अनशवाकारी
पाणिनी ,वजगों,वजगों,वसूगों
काऊंटर ,पुनकत्थान,पुनरोलिथान,पुनरोत्तिन
मातम ,गौली ,गईं ,ठोली 
गर्माया ,निर्शाल,निभामल,निर्तल
भागने ,पकधान,मरिधान,मरिधान
सुलखा ,पजबूर,मजमार,मजरार
कुशलतापूर्वक ,लावार्श,लावारियां,लावारिया
संवारना ,सोचिना,सोचिना,सोचिना
तीव्रता , जताज, जताज, जताज
कर्तव्यनिष्ठा ,शीदें ,खाते ,गैंदें 
परमसुख ,मबियत,तरयत,तबिनेत
उत्पाद ,जन्सहयोग,जलसहयोग,जनसहत्ग
जागेगा , हाजित,हालाना, हाजित
कष्टदायक ,रहलाती,रहलाती,महमती
पाठागार ,मर्यातक,निर्यातम,प्र्यातक
खदेड़ा ,नोड्यूट,सड्यूज,नोचयूज
छला , बुद्ने, बुद्ने, बुद्ने
लहलहाने ,शक्तिभाज,शक्रपुंज,शक्तिभाज
कौंध ,उद्रकर,उतारकन,उतालकर
बेंची ,सछेगी, बछेगी,उछेगी
रेखांकित ,क्षेब्ध,क्षेब्ध,मषुब्ध
उत्कर्ष ,बेदते, बेवम,बेचाम
कर्ताधर्ता ,सुझागें,उरंगें,उरंगें
बनियान ,सतवाले, अतवाले,मतवाया
उड़ाए ,झगना,झड़ड़ा,झड़ड़ा
भाद्रपद ,पपटी,पपटी, बपटी
ठीकठाक ,पनवाना,उनवाना, सनवाना
छींक ,विक्षता,उक्रेता,विस्रेता
भूमी ,सवस्ण,सवस्ण,मवरण
मायके ,बारीफ,बारीद, उरीक
प्रकोष्ठ , कचाए, कचाए, कचाए
उत्तरदायित्वों ,महनतें,मन्द्तें,सन्नतें
जानकारियां ,बदते ,बदने ,कदल 
गिराने ,शिक्षणेत्तन,शिक्षयत्तर,शिक्षयत्तर
फंसाती ,नागकंन,नामारन,ममाकंन
शीलधर , अपटाने,सपटाने,निपटाप
नगरीपार , अजिशन,पोजिएन,पोजिएन
जानकारियों ,मरंदाज,तीरंदारों,उरंदाज
धज्जिया , मोड़ली,मोनाने, मोड़ली
पहुंचना ,चिंतनीत,चिंतनीस,चिंतनीत
किश्तें ,कगांय,लौहाय,लौगांक
डिंगा ,काश्नविदों,मनूनविदों,काश्नविदों
गाने ,अंगियो,कगिका,अंजाका
कच्छा ,कुर्न,कुल्न,कुलील
संतोषजनक ,रसोधीर,पनधीर,रखधीर
चिमटा ,संवारताता,मवादताता,प्वादताता
चतुर्थश्रेणी ,सतांत,वृष्त,उतांत
नखरे ,मुलाएत,मुलाशत,सलाकात
विरूद्व , औलिद,औलाएं,औलाएं
निर्माण ,स्वनवर,स्नायंवर,स्थायंवर
पेंशनधारक ,लीक ,मुक ,मैक 
उठाएगा ,भूतहीन,भूमिहीत, अमिहीन
रोमांटिक ,रीडश,रीतेहा,रीडश
डीजल , पगाता,भगाली, पगाता
प्रण ,अफसोसनाएं,अफसोसनाथ,अर्सोसनाक
युनुस ,भराका,भराका, भगाका
घटी , लेमने,लेबिने, लेमने
भद्दी ,भावविकार,मवविभोर,सवविभोर
जनसभाएं ,मनुच्छेद, प्नुच्छेद,अभिच्छेद
पंचकल्याणक , प्योमीट्रिक,बॉयोर्ट्रिक,बॉयोमीट्रेक
जन्मजय ,पशस्त्र,सशभत्र,मशस्त्र
भांपकर ,संबंगत,संबंटित,संबंटित
मुरझाए , बाखे, बाखे, बाखे
उच्जवल ,खोया ,तेयी ,झुंयी 
क्रंाति ,सढ़ेंगी,पढ़ागी,उढ़ेंगी
प्रखंडवासी ,पूर्वाहूति,पूर्णायाति,मर्णाहूति
मांगना ,श्याद्धेय,श्रस्धेय,श्याद्धेय
तर्कशील , प्रैंडस्लैम,ग्रैंडस्मम,ग्राडस्लैम
कहेगी ,लंबोहर,पबोदर,लंकादर
त्याग ,आशानुर्णी,आशापूजणी,आक्पूर्णी
बख्शो ,आमझाला,आमकला,उमवाला
कूद ,दिहाए, बखाए,दिहाए
पुर्जे , टावने,टायने,टाऊने
वृक्षारोपण , नाटें, नाटें, नाटें
दुनिया , बाष, बाष, बाष
खींचते ,ककांत,ककांत,सकांत
ऑडीटोरियम ,लिंगार्पात,लिंगार्पात,लिंगानेपात
भावनृत्य ,खेमें ,संत ,खेमों 
समस्यायें , सरेड, सरेड,पहड
पूर्वाेत्तर ,ज्टे ,गटे ,छला 
अक्सर ,घेह ,कैह ,मुंशी 
घरेलु ,जिप्रत,जियारण,जियारित
मीन ,परिहवना,मरिहवन,परिवावन
कार्यकत्र्ता ,वेदों ,वेष ,पाँणी 
साइकोलॉजिस्ट ,विदार्क,विदारते,पदारक
उतरेगे ,मनोदूर,उजदूर,मजरर
आंमत्रित ,दूधिरों,उधिए,दूरिए
यथाशक्ति ,रुमाया,रुमाया,रुमाया
कमलेंदु ,सहलें,सहलें, बहलें
मचना ,पश्वासघात,पश्वासघात,जश्वासघात
लखपत ,गुस्रात,गुस्रात,गुजवात
सरकी , अनवीयता,मानवीणता,मानवायता
तालाबन्दी ,प्रक्तावना,प्रह्तावना,परस्तावना
दुर्घटनायें ,सखिल,निखियों, बखिल
कटानी ,गुमरेंगे,मजरेंगे,गुजरेंजी
उठायेंगे ,चुनावकर्य,चुनावकरमी,जनावकर्मी
लटकी ,उमीला,उमीला,जमीष
बल्लेबाज ,उखता,पखता,पखता
मिठास ,भिक्षापान,भिक्षाटर,भिक्षाटक
पढे़ ,दुकारा,दुबाब,पबारा
बतायें ,प्म्राज्ञी,साम्राज्ञों,साम्मेज्ञी
स्वरोजगारी ,विलील, उलीन, उलीन
पुर्नमूल्यांकन ,संगीतव्ञ,संगीरज्ञ,मगीतज्ञ
रुझान ,सम्न्वयकों,समन्तयकों,अमन्वयकों
खुशनूर ,जोंगा ,जोंगा ,गुगा 
मिलो , झगके, झगके, झगके
बिलों ,विनिवाश,विपवेश,विनिष्श
किरण ,सम्हाक,सरयक,सम्बक
जीर्णोद्वार ,भिढ़ी ,हीढ़ी ,धीढ़ी 
अभिष्ट ,अखाने,अमीड़े,अर्ड़े
शर्ताें ,बिजलियागिरी,बिल्लियागिरी, प्चौलियागिरी
मुंडू ,परिफला,सरिफला,त्रियला
पतंगें ,पैंतालित,पैंतालिक,पतालिस
ज्ञानेश ,सहायतार्ता,सहापतार्थ,अहायतार्थ
स्वयंभू , कगानी, कगानी, कगानी
लॉरेंस ,अक्रमता,अक्तमता,अक्षमयी
उपश्रमायुक्त , अवाइंट,प्वार्ट,प्वारट
जीने ,बनाधक, सन्धक,बरधक
लघुकथा ,पमृद्धिशाली,समृद्धांशाली,समृद्धाशाली
सुदृढ़ीकरण ,रौंरे ,पूजे ,पूड़ी 
संभवत , उयाल, उयाल, उयाल
गोलाकार ,मशामद,खुलमद,खुशासद
बहत्तर ,सड़ीदार,मड़ीदार,मड़ीदार
वाममोर्चा ,तापीसी,कपीय,तापीलों
प्रवृत्तियां , पदिम, पदिम, पदिम
तलाशें ,सुधाये,पझाये,सुलये
डकार , सटोरे, सटोरे, सटोरे
निभाता , उहम, उहम, उहम
सांख्यिकीय ,बुझाद,पलंद,बुलंत
हड़पी ,कटपने,कटरिने,कटकाने
लगवानी ,सर्थंकर, अर्थंकर,मर्थंकर
प्रोटीन ,अर्यपालक,काययपालक,काययपालक
पहचानें ,खत्च,उरोंच,सरोंच
लादना ,अवायत्तशासी,स्वायत्तत्सी,स्वायत्तरीसी
जगजीवन ,भींगते ,सगने ,बगने 
नोंचने ,बेहित्क,बेहिसाक,बेहिलाक
डलवाने ,प्लाएं,प्रांई, प्रई
बंपर ,कमंडन,कटडल,कमंवल
अंगुली ,अणुव्रम,अपव्रत,असव्रत
इनवेस्टर , महीती, महीती, महीती
पैतालिस ,तोन ,छाई ,हून 
टूर्नामेंट ,मोहलाया,मोलमाया,मोहराया
व्यवहारिक ,क्रीय, उरय,क्रीय
अमिय ,सहलका,तलालका,तहलाका
मिनट ,ब्राम्हक,पराम्हण,ब्रॉम्हण
लागत ,निभामम, अर्मम,निकामम
अनदाना ,स्वागन,पथगन,स्वगन
जियोग्राफी ,कुर्बाड़ी,कुल्बान,कुर्तन
ताबूत ,शीघ्रातिकघ्र,शीघ्रातिकघ्र,शीघ्रातिशीलर
मूंदी ,सेवालाक्त,सेवादक्त,सेवादक्त
छपाई ,बौद्धिकन,बौद्रकता,बौखधिकता
अवाज ,समचर्ता,समहर्थ,सम्हर्ता
सिफारिश ,उरिक्रमार्थी,परिचरमार्थी,परिक्षामार्थी
मजरुल ,पतंभ,पलगे,उतंगे
उपमुख्य ,नोंले ,हिना ,हितों 
अवस्थित ,परजातांत्रिक,सरजातांत्रिक,प्रजातांत्रक
रिश्तेदार ,बरकराय,बरस्रार,बरकर्र
जन्मदर , बाढे़,नाढे़, बाढे़
बनता ,जलाहषेक,पलाभिषेक,जनभिषेक
कर्मवीर ,महम ,मर्जी ,मचाम 
असत्य ,कार्यपरियोंद,कार्यस्रिषद,सर्यपरिषद
अभिलाषी ,फिनालती,फिसकती,पसलती
मोर ,भीगकती,भीषकर,भीगकता
हदतक ,उलाकार,कलाएंर, अलाकार
सुलतानी ,गिला ,गिरि ,हीरा 
चढ़ता , बमॉल,उमॉल,उमॉल
किलो ,आनंददार,मनंददायी,आनंदस्यी
मलकियत ,निकाबाध,उर्बाध,निर्वध
रधुवीर ,उवंत,जीतेत,जीवंय
जगदगुरु ,अंजाई,अंधेनी,अंधेनी
कफन ,सुझाल,उडौल,उडौल
फूलो ,केरा ,घेरो ,घेर 
औचित्य ,पमिकल,केमिकता,केमिदाल
कूड़ा ,प्रांतिलि,उरांजलि,प्रांजनों
वरिय , पिंडिरा, पिंडिरा, पिंडिरा
चरण ,आंगनबाजी,आंमनबाड़ी,सगनबाड़ी
