﻿valid,invalid1,invalid2,invalid3
कतराने , पहकी, पहकी, पहकी
शिवस्थान ,वनस्थति,वनस्थन,वर्स्थली
रणगांव ,छुटवारा,छुटवारा,छुटरिरा
मंत्रोच्चारण ,दुकारू,दुकारू,सधारू
हस्तशिल्पियों ,विस्याकर,विद्याकल,विद्धिकर
समझेंगे ,दलती ,दहान ,दहान 
चर्चाएं ,पदान ,नादानी ,नाकान 
एडवोकेट ,पिसे ,छिंला ,पिया 
वर्गगज ,चापाहिल,चारकल,चापाहिल
स्वर ,प्रिसंदर्शन,प्रिसंदर्शन,प्रियदर्मिन
गढ्डों ,नगजा,नतीय, उतीजा
रोषपूर्ण ,अभिमरी,उधमरी,अधकरी
समाओ ,श्रीगारी,श्रृंखरी,श्रृंखरी
सीका , डिमांबी,डिबिबी,डिब्ज
खोरी ,परदाली,परकली,पकसौली
निर्वाची ,किजी ,खेजी ,खेजी 
त्रिभुवन ,रोपा ,ठोज ,रोका 
मंडराता ,प्रमनिधी,प्रतिभाधी,प्रतियाधी
दालें ,ससूगैस,आंसूलेस,आंगगैस
जगाता ,कैटरिक,कैरोवॉक,मटवॉक
पथरीली ,सूर्यमिणी,पर्यमणी,सूर्यस्णी
चंदनवन , गगते,गगता, गगते
भ्राता ,मोड़ष,मोड़ष, मोहष
मुखाग्नि ,उईसेंस,लाईल्स,लाईल्स
डकैत , शाखाल, शाखाल, शाखाल
एलीमेंटरी ,पावतु, पलतु,पार्तु
वर्गाें , अयाराम,दयायम,दयाराते
बंधी ,उम्मीदर्रों,उम्मीदवासी,उम्मीरिवारों
बेगुनाह ,पक्तीकरण,युद्तीकरण,युद्तीकरण
चमकाई ,मनोनीश,मनोहात,मनोनीश
दहकते ,चिन्रा,चिन्रा,चिन्रा
भादो ,आन्दोलनशीरी,आन्दोलनगरी,आन्नलनकारी
कसेगा ,फिढ़ा ,फिढ़ा ,चुंढ़ा 
छीनना ,मनवादर,मनमिंदय,मनमिंदगी
पोंगल , सौंपेता,सौंपेंता, सौंपेता
बेघर , उहकर,बहनर,बहनर
शीतकालीन ,उत्निरीक्षक,पपनिरीक्षक,उपनिरीक्षरों
दिलाएंगे ,धूलदारी, अलभरी,धूलभर
रूपांतर ,निपकना,पपटाना,निपकना
विवश , साकें,ककें, साकें
भौंचक ,रंगमंगल,रंगमंगल,रंगलाडल
पढ़ाएगा ,स्वहिशों,स्वहिशों,स्थाहित
चेंकिंग ,सरने ,गिद्ने ,गिरते 
धर्मपरायण ,अनुराजित,अभिराजित,अनुराजित
जुल्मों ,रिवाशा,रिझाशा, पक्शा
खूबियां ,सद्रर्म,सद्यार्म,सद्ककम
यथावत , उयानी, उयानी, उयानी
अंधेरे ,शिकाना, शिकाया,शिकाना
मोहरे , सड्डे,गुलाडे,गुर्डे
उपायुक्त ,नाप ,नाड़ा ,नाड़ा 
सुझाई ,सेवाववृत्ता,सेवानिवृत्रों,सेवानिवृत्रों
नमी ,पढ़ाता ,पत्र ,पत्य 
बौआ ,महारूनसंपर्क,मरजनसंपर्क,महाजनसंपर्य
ब्लाउज ,कुरिवार, मरियर,कुल्यर
शफीक ,विभक्स,विभत्री,विभत्री
जानदार ,परृंगार,श्रृंगाह,श्रृंखर
वृश्चिक ,महनरी, अशीनरी,महानरी
दिशाहीन ,सत्भालने,सम्पालने,सम्पालने
सुखी , प्रेजा, प्रेजा,प्रने
बिनो ,लबी ,डॉबी ,चाहूं 
ठहरी ,पक्षमर,पक्षधनों, प्क्षधर
धड़ ,गाको ,जाट ,पंको 
भुपेश , बजाम,हजाई,हजाई
ग्वाला , कगायी,मंडयी,पगायी
धनघटा , जुटामा,जुड़मा,जुम्र
कीमा ,स्कैंडन,स्वाडल,स्वाडल
परिसदन ,जललाना,जठलाने,जठवाना
चेता ,आपातवाल,आपापाकाल,आपातकाओं
अंतर्राष्ट्रीय ,जेहाई,जेहाने,उहाद
वादकारी ,धंलों ,धंलों ,नानी 
पंचों ,हलझार,उलधर, अलधर
धैर्यवान ,पढ़ागे,पहगे,पलगे
बदसलूकी ,रूंडों ,गुंडे ,गुंजा 
ट्यूबलाइट ,संरचनात्रक,परचनात्मक,संरचनारामक
बिखेरेगा ,मानरा, उत्रा,मात्तों
मशरूम ,शराकी,शराकी,शराकी
नवेंदु ,पफान,पफान,तूफाये
उपाध्यक्षा ,विद्धभूषण,पद्याभूषण,विद्याभूतेण
निपुणता ,निसहार,निकाहाय,निसहारों
सुंदर ,चिंह्नियों,सह्नित,चिंह्वात
कर्णदीप ,गंभीरतापूर्धक,पभीरतापूर्वक,गंभीरतालर्वक
सैंतीस ,पशियर,उशियर,कैशिकार
रौंदने ,क्लास्मेक्स,क्लाइसक्स,क्लाइकक्स
जमींदार ,जुव ,अव ,गाजे 
युगांतर ,सयेगे, बयेगे,पयेगे
बदहवासी ,पटकयां,पटकायां,पटरिक
घूंसा ,खिंटे ,रुंटे ,बांधें 
नकारे ,पर्गी,उर्गी,मिर्म
जयजीत ,पकखना,उरखना,पहखना
छिपकली ,ढवारने,ढवाहिसी,ढवारती
चेले ,ज्वलब्शील,ज्वलनगल,ज्वलनशीय
टोनी ,इमायतें,इमायतें,इकरतें
मस्त ,भ्रष्टाचारमुक्षी,भ्रत्टाचारमुक्त,भ्रष्टाचारमुक्षों
जुआरी ,एचनेइवी,एचआइन,एचनेइवी
हमलाकर , कचते,उचते,सींचक
मुठ्ठी ,सुदस्शना,सुदर्रना,सुसर्शना
हल्की ,पैरना,पैरना,उखाना
अबतक ,अफनारों,अफनरों,अफनारों
विहार ,विक्षिप्पे,विशेषिप्त,विश्षिप्त
इंटीरियर ,बेवते,बेचाते,बेवते
जुटते ,भाईते,भाविते, भाषाते
सत्तारूढ़ ,आनाकार,उनाकानी,आनाएनी
सलाहाकार ,संसर्ण,संसर्थ,संसर्थी
बांटेंगे ,परिनना,परनना,पहराना
लीलाएं ,फहमाइश,प्रमाइश,फरमाइयों
दिशांत , विराए, विराए, विराए
बीमाधारक ,भौंति ,भौंति ,पेति 
टांगकर ,पफूर्ति,उफूर्ति,स्वीर्ति
भौजाई ,कमा ,कमा ,कमा 
हारती ,हिप ,हॉप ,बाग 
दयमंती ,सटाधार,सटाकती,सटाकने
अरविन्द ,मंत्लगान,मंगलतान,मंगवागान
संभलते ,लौहाता,लौटेता,लौहाता
भोट ,चाँच ,फँच ,स्च 
मोड़ , बराएं, बराएं,कसएं
दायर , अकराते,टकलते,टपराते
बोनसाई ,संजो ,झाँग ,झाँग 
संकटग्रस्त ,दुखड़जन,दुकाभंजन,मखभंजन
रसोईगैस ,वनत्र,वसूत्र,वस्तिर
भुलाने , उलाया, उलाया, उलाया
मरंमत , ससुधा,ससुओं,ससुओं
पिटवाया ,खदेल,खदेल,खदेल
नशाखोरी ,परेनर,उरेनर,ट्रॉनर
नईबस्ती ,उनेडी,कनेह,कनेगी
परोपकार ,पेड़ ,पेड़े ,पेड़ 
निर्माता ,धौनो ,चुक ,दूनो 
इहलीला ,जलमभूमि,जन्महमि,जन्मनामि
मनाही ,उरतें, सरतें,उरतें
क्षैतिज ,उतकाने,उतरिने,मतरने
सीमाएं ,आंसूक,आंतना,आंतना
विश्वदेव ,सरकची,सरकची,उरपंची
पंचक्रांति , कखना, कखना, कखना
आलोकित ,पर्यकक्षक,पर्यकक्षक, प्र्यवेक्षक
घुड़सवार ,चैत्तों, चैत्रों, चैत्रों
लौटाना ,कलाष्ठा,करष्ठा,कनिष्टि
महिलाकर्मी ,चबूगिरों,चलतरों,चबूतकों
नेत्र ,हताएं,हटाशा,हताएं
निगल , अठाधीश,उठाधीश,मठाधीय
सर्वदीप ,भूतबंगर, अतबंगला,भूस्बंगला
पक्षपाती ,शूद्य,शूद्धि,शूद्धि
हिंसा , ककाने, ककाने,छत्ने
समयबद्ध ,ताल ,धंन ,बेंन 
भाइयों ,लंबारा,लंबारा, कढौरा
अहम ,फास्टभुड,प्स्टफूड,सस्टफूड
पेटियां ,आदमहर,आदरखोर,आत्मखोर
गीला ,लौट ,आँटा ,डॉटा 
मुंड ,सर्रियता,सर्रियता,सक्रिवाता
अनूठा , बमेला,चमेगा, बमेला
कारनामा ,व्यवधारी,व्यवर्न,व्यक्धान
नाना ,दलबदर,प्लबदल,दलबदन
हरिहर , टटोने, टटोने, टटोने
सेवाओं ,उष्क,सष्क, बष्क
कबुतरी ,संवप्ता,संवाप्ता,संवाप्ता
निरीक्षिका , नाढ़, नाढ़, नाढ़
प्रार्थना ,छल्ना,छल्ना, छत्ना
वैद्य ,कोषालता,कोतलता,कोमलना
बंधता ,पालिजामे,पायजात,पायजाने
पुनरुद्धार ,पानीवात,पालिपत,पालिपत
बैराज ,उड़चशिक्षा,उच्चरिक्षा,उच्चहाक्षा
ट्राइसाइकिल ,लोकशिष्षा,लोकशियाषा,लोकशिक्तों
तरफदार ,मोहलात,मोहरात,मोबालत
लादे ,झौंना ,छांना ,ढोंना 
मुकाम ,पशुल्लि,पशुचालि,परबलि
जानकरी ,नालिने, नायने, नायने
निकलें ,जंजीव,जंजीज,जंजीज
फव्वारे ,मलझनें,उलझड़ी,पलझनें
रोटी ,उहलना,टहराना,महलना
नीतियां ,पनाख्त,शिनाएंत,शिनायेत
परित्यक्ता ,जनसफॉभागिता,जनसम्भागिता,जनसहभावाता
संतुलन ,स्थावित्त,स्वविधित,मववित्त
खरबूजा ,पतृत्व,मातृत्र,मानत्व
भटकते ,खटपने,खटपने, खरीकने
सरकती , बबिश,उबिश,दवाश
सांध्य ,निर्जनों,निकाजन, पर्जन
जूती ,नंगी ,नंगी ,नागा 
एसाइनमेंट ,सहरायोग,सहजनग, अहजयोग
शोषण ,रोए ,चुंता ,कंता 
सामवेद ,जनसाधानण,जनसाक्रण,जनसाधालुण
इन्साफ ,शालित्रीय,शातित्रीय,पस्त्रीय
डंके ,मवान्न,पवान्न,सवान्न
हिंसक ,वायुमंडलीन,वायुक्डलीय,वायुक्डलीय
लगनेवाले ,चीजें ,जि़रा ,चीकू 
तानाशाही ,पमरसता,सहरसता,सहरसता
क्रोध , उथरी,पढ़ारी,पढ़ारी
मोहरा ,छंज ,जेज ,वृष 
स्रोत , कटांक,उटांक,छल्क
पैमाइश ,पूंछड़ों,पूंछड़े,सछने
प्रतिशतता ,गुदहों,सनाहों, बनाहों
बर्फी ,नोना ,खु़ना ,खु़ना 
खास्ता ,आविभाभाव,आविकभाव,आविवाभाव
धमका , बभालो,संभास, बभालो
शाहिद ,कषति,क्रेति, बषति
पीकर ,कुंज ,सौंडे ,सौंडे 
गौमांस ,मल्टीस्पेशियक्टी,मल्टीस्तशियलिटी,मल्ट्स्पेशियलिटी
रिकार्डिंग ,सब्जाल, पब्बल,सब्जिल
प्रमाण ,प्र्षवंती,पर्षवंती, अर्षवंती
प्रसूति ,सढ़ावे,सढ़ावे,उढ़ावे
विचारधीन ,पथीखाना,हारखाना,हाथीखानों
जुवान ,चंद्रदाणि,प्द्रमणि,चंद्रहणि
खदानें ,पिद ,खेर ,खेलों 
भोजपुरी ,जंड़ ,मुड़ ,पेशी 
वसूलना , नाझे, नाझे, नाझे
खंगाली ,सर्लोचक, अमालोचक,सम्लोचक
खाले ,परतूतें, अरतूतें,कलातूतें
प्रविधि ,पखायें, बखायें,कखायें
बढ़ाएंगी ,निकाजीव,निर्तव,पर्जीव
बनोगी ,भटपने, भगकने,भटरिने
संदिग्ध ,चालें ,चाहो ,स्चा 
सुकून , बवों, बवों, बवों
विवेचन ,गधे ,गयीं ,गधों 
प्रतिहस्ताक्षरित ,सहमय, पहमत, पहमत
कन्नौज ,रूढि़सा,रूपने, पपसा
उद्घघाटन , खिलाली, खिलाली,खिल्ले
सेंकेंड ,व्रर्थ,व्यर्ण, अयर्थ
मिली ,सफियत,कैफियम,मफियत
निर्भीकता ,रेसलता,रेसलता,रेसमर
लालसराय ,पढ़ाचो,पढ़ाचो,उर्चो
सहायक , कडोगा,उडोगा,पंहुगा
उत्साहवर्धक ,जाम ,गेंला ,जातीं 
मालाओं ,घूसों ,घूसे ,घूमी 
हाथों ,छुआइत,छुआयत,छुआवत
बुढ़ी ,मनुसचिव,अनुसचिका,अनुसदव
गति ,रंगी ,पीग ,पीग 
आशा ,पटना ,धन्ना ,धर्ना 
किले ,धनकनें,धड़बनें,धमकनें
विद्रोह ,रूढि़क,रूकेक,रूढि़क
प्रावधान ,परगम,सरगति,सरमाम
कराएंगे , छिपाकी, छिपाकी, छिपाकी
पैंट ,मप्यूटराइजड,कंप्यूटराज्जड,उप्यूटराइजड
विभागाध्यक्षा , बएं, बएं, बएं
अस्सी ,सहवाइकल,सरवाइनल,अरवाइकल
तिलकूट ,सहगा,सहगा,उजेगा
लंबी , अलकूप,नलवाप,नलकूद
न्यायसंगत , गिराध,गिलाध,गिलाध
छकाया ,क्रियानुक्ठान,क्रिसंनुष्ठान,क्रियान्ष्ठान
दुष्परिणाम ,खगौना,खगौला,खगौड़ा
नामी ,ईनाना,ईनाना,ईनाना
आभूषण ,बैती ,बैती ,बैती 
बारूदी ,अक्षुब्य,अभिषुण्य,अपषुण्य
विधिपूर्वक ,निर्त्त,निपत्त,निमियात
महाप्राण ,कविदा,संवियों,पविदा
त्वचा , अमीव, अमीव, अमीव
विरूद्ध ,महाछरों,मनोछरों,महछरों
मंगवा ,उत्तरमस्तिकाओं,उत्तरतिस्तिकाओं,उत्तरमस्तिकाओं
उपलब्धियों ,त्रैटिपूर्ण,त्रुटिहीर्ण,त्रुषोपूर्ण
पूछकर ,खुशिपी,खुरण,खुलापी
पुनर्निर्धारण , बठुन,मिठुर,मिठुरे
द्वारचार ,ध्वंर,सवंस,पवंस
क्षेत्रांतर्गत ,खुशिती, सलती,खुराती
प्रवृति ,चंाने ,ढे़ने ,पीढि़ 
