﻿valid,invalid1,invalid2,invalid3
मायना ,आइसेंक्रीम,आइस्तरीम,आरोस्क्रीम
पटकनी ,आकल्मिक,आकस्थिक,आकस्याक
मरणासन्न ,छत्ला,छत्ला,छल्हा
विषपान ,चुनापी,चुकापी, चुरापी
लाभपात्र ,हवाईपत्टी,हस्ईपट्टी,हवावपट्टी
माहिर ,पवयव, सवयव,अनयव
सोहा ,पपरोक्त,उदरोक्त,उत्रोक्त
प्रवाह ,शिक्षिणी,शिक्कक,शिक्टक
भंजन ,कछुड़ी,कसए, बछुए
छैल , उलाम, उलाम, उलाम
कीटनाशी , पयात, पयात,आयारी
दार्शनिक ,विचाति,कभुति,विचाति
मुहार ,तोलकती,तोलवार,तोलकने
चुलबुली ,गुजरनेताली,पजरनेवाली,गुजलनेवाली
पर्यावरणविद् ,उजेंगे,बजेंसी,बतागे
इसकारण ,पदूषी,विधाषी, बदूषी
सुधा ,एलोपैड,एलोवेथ,एलोवेथ
चश्मे ,बशों, साशों, साशों
प्रायोजित ,गुहामा, गुजमा,गुम्हें
टोरंट ,नोंव ,घाटा ,औैव 
अष्टधातु ,अवलतें,अदायतें,अदार्तें
पिलाकर ,रूमारू,रूकेरू,रूकेरू
चिल्लाते ,फूटी ,खला ,ढूंला 
लोकलुभावन , पिछई, पिछई, पिछई
ललित ,कुमाहा,उशहा,कुमाहा
तादाद ,तीक्ष्यों,तीक्ष्यों,तीव्ष्ण
फसाद ,अनसास,अहलास,अभिसास
पथराव , पसौदा,मसौटी,उसौदा
मनमोहा ,मचार्ज,रिचाएज,रिचार्द
पिचकारी ,अंप्पी, बप्र,अंप्त
ठिकाना , पकसा,पढ़ासा, पकसा
निजावत ,पालिकाध्यस्ष,पालिकाशोयक्ष,पालिकाध्यक्त
अहसान , छलर, छलर,छल्र
पीतवस्त्रधारी ,अजारब,अजायर,अजायर
अटकी ,झरना ,झरती ,झरण 
फलक ,उपेंद्ध,मपेंद्र, सपेंद्र
त्रिशुल ,मुहाटे,उखौटे,मुद्टे
सांझे ,आहुचा,आहुच, सहुत
दर्शकदीर्घा ,उकूल,उकूल,पकूल
जलमहल ,साफा ,रेख ,रेख 
बसंतराय ,सिररे,सिकुरे, सिखारे
नाकामयाब ,छाड़ ,चीया ,नुया 
असुर ,प्राटफॉर्म,जलेटफॉर्म,प्रेटफॉर्म
कुलप्रकाश ,एल्त्रीकरण,एकत्रीयरण,एकत्यकरण
रची ,गररी,गगते,गररी
पहुँचे ,धनवागाही,धनउन्ही,धनउगारों
बख्शने ,विस्ताटक,विस्साटक,विस्तुटक
वितरकों ,पोस्तार्माटम,पोस्मर्माटम,पोस्मर्माटम
भोली ,उहत्वाकांक्षी,महत्रकांक्षी,पहत्वाकांक्षी
रीति ,प्ताहरण,चिंताहमण,मताहरण
मांगलिक ,सम्यूनिकेशन,कम्रानिकेशन,कम्प्निकेशन
हांफने ,मोंगते,मोंगता,मोंगता
बालू ,अवसोस,अनुसोस,मफसोस
सेल्सियस ,धंसे ,टॉसे ,टॉसे 
भवनीत ,चंाई ,नान ,नागा 
टांक , उनहा,तपहा, उनहा
चाहूंगी ,निभारती,पहारती,निहाड़िती
सरंक्षण ,उनपेटी,मनपेटी,सनपेटी
मंजर ,बुधारे,बुधारे, कधानी
हरियाली ,धनषपूजा,पनुषपूजा,पनुषपूजा
कोषाध्यक्ष ,अंगरसाषक,अंगरक्रक,सगरक्षक
मुनीश्वर ,औद्यानित,औद्यादाक,औद्यावक
धरा ,दुधाकी,दुबरू,दुबरू
ट्राय ,द्वापन,द्वालर,द्धिपर
ईंटे ,तानों ,मर ,मौैर 
सर्वागीण ,समस्थित, अमर्थित,सत्र्थित
सद्विचार ,सैन्यतर्मी,सैन्यकलामी,सैन्यक्र्मी
लोकतांत्रिक ,कीटाना,कीर्णु,कीमणु
चोक ,पहुंदादी, अरदादी,परिदादी
सुघर ,सिकुएं,सिरएं,पखाएं
मतदानकर्मी ,फूकेंने, फूहने,फूटेने
मिलाए ,सधरें,सुनरें,सधरें
वार्षिकोत्सव ,दीनाएंथ,उनानाथ,दीनानाई
बोतले ,नवजन्न,नवरान्मे,नवजन्ध
पीले ,असम्जता,असहगाता,असहजन
अपच ,प्काकरण,टीकानरण,टीकार्रण
ढले , अहाकवि,महाड़िवि,महाकती
सीरत ,सत्रवन,पत्तावन,सत्रावन
प्राक्कलन ,युक्तिर्रण,युक्षाकरण,युवातिकरण
फरिश्ते ,वर्गीकरम,वर्गीकल्ण,वनगीकरण
अमृतधारी ,पदिबदरी,आदिग्दरी,आरबदरी
निषेध ,गजने ,गहन ,सजन 
आरूढ़ , बथक,मिथड़े, बथक
सिरकटी ,सांठयोठ,मठगांठ,सांठयोठ
खूंटी ,गुना ,खौप ,गुरू 
महारथी , ककीर,लड़र,लड़ार
गाछ ,बर्बल,बर्बल,बर्मिर
पैरवी ,मुहाख,मुहाख,मुर्य
पार्टीजन ,मोतिल्लावासी, प्हल्लावासी,मोहल्पावासी
चटखारे ,काट ,भौपी ,भौपी 
नौकरी ,कजाबी,तेवबी, बजाबी
बख्शेंगे ,फैलाला,फैलाला, ससला
मवेशी ,सलेगें,उलेगें,मिटागें
सांठगाठ , कुमाले, कुमाले, कुमाले
साझेदारी ,सशियों,उशियों,खुदयों
उपाए ,प्रह्दशनी,प्रर्विशनी,प्रर्दहनी
गस्त ,लुढ़या,लुढ़या,लुढ़या
पागल ,पबूतरबाज,कबूतस्बाज,कबूतकाबाज
कुंभकर्णी ,गोला ,उल ,गोद 
अनुकूल ,महासमास,महासमारी,महासमधि
शनिधाम ,मेल ,वंल ,झोकों 
बगान ,चिड़िरकारी,चित्यकारी,प्त्रकारी
संभला ,संवेदकरण,संप्दीकरण,संवेताकरण
खुदायी ,फीता ,हिंकी ,मंकी 
कड़ाके ,सठने, कठने,सठने
गहना ,विश्वनाप,विश्वारूप,मश्वरूप
संस्कारों ,सजारों,समारों, बत्रों
तरबतर ,उश्वासी,विश्वाना,विश्रसी
बलबूते , पलाए,उलाए,उलाए
नमकीन , बपों, बपों, बपों
विकलांगजन ,शिष्बचन,शिलाबचन,शिवबचना
घोंटकर , उहात, उहात,देहारा
पंखें ,ह़जरित,ह़जरात,ह़जरती
फेसिंग ,पयनमुक्त,चहनमुक्त,चयनकाक्त
समुद्रतल ,पषुधा,क्रेधा,कषुधा
कार्यबल ,पक्षिण,दक्टण,दक्षियों
नसीर , बएं, बएं, बएं
पीला , बरिता,उरिता, बरिता
गहन ,सराना ,गिराई ,गिराए 
तोड़ना ,बैंके ,बिक ,अौक 
राहदारी ,वेषमषा,वेषभूति,वेषणाषा
द्वेष ,तर्जर,तर्जल,तलाजनी
तोहफा ,ककालीं,निभालीं,निशालीं
धर्मजीत ,प्रामयापक,प्राधियापक,सराध्यापक
शीट ,खामिनी, पमियां, पमियां
देहान्त ,घपन,घड़िले,घपना
तरसेंगे ,दमशनशास्त्र,दर्शनशास्त्व,दर्शनमंस्त्र
आषाढ़ ,काश्तव्र,काश्तेकार,काश्तकाओं
फाक ,सफूंद,पफूंद,कफूंद
सम्बोधित ,उमकते,चलाकते,चमराते
छिपाई ,कयश,सुझाश,सुनश
इंस्पेक्टरी ,औैब ,दासी ,पांब 
फलदायी ,तेजनाफ्तार,तेजरफ्टिंर,तेजरफ्ताप
वेंटिलेशन ,जजलीकर्मी,बिजलीकर्ता,बिजलीकरमी
बेमौसमी ,विरारे,विचाने,विरारे
उदाहरण ,उपचारालन,सपचाराधीन,उपचारार्न
पगबाधा ,शिकाना,शिकाया,शिकाना
मजदूरी ,सुप्पे,सुप्प,सुलत
खाद्य , अज्यसभा,राज्यमाभा,राज्यमिभा
अधिवक्तागण ,शिक्टकों, अक्षकों,सक्षकों
वटवृक्ष ,फकी ,दोंकी ,होंकी 
होनेवाली ,मानो ,ढेरें ,माह 
विषहर ,मधिभार,अधिरार,अधिभाषी
ज्योंहि ,नकलनहीन,नकराविहीन,नकसंविहीन
फोटोकॉपी , भट्नी, भट्नी, भट्नी
सुप्रसिद्ध , पटीली,उटीली,सटीली
खत्म ,बिलदाता,बिलझता,मलखता
मनिष , सहाती,उहाती,उहाती
फूलना ,परकना,पहुंवाना,परवाया
खूर्द ,ज्योर्णमय,ज्योर्वमय,ज्योर्गमय
शुरूआती ,बंधीकधारी,बंदूकशीरी,प्दूकधारी
पटाखे ,कपतीं, परतीं, परतीं
अभागा ,सम्भवकों,सम्भवती,सम्रवत
घटनाओं ,नामांटिन,नामांकते,नामांतन
पता , बेगाली,बेगाया,बेगाया
मुद्दत ,प्रक्ष्ठाता,प्रौतिष्ठाता,जरतिष्ठाता
सीमेंट ,गैजेजों,गैलजों,गैराना
परमपूज्य ,सुरक्षाफलों,अरक्षाबलों,सुरक्षाकृलों
अस्थिर ,कलाष्का,कनिहाका,कनिष्य
मिश्रण ,प्रहति, अरकृति,प्रांकृति
पृष्टि ,केन्दोराध्यक्ष,केन्द्राध्यक्त,केन्तराध्यक्ष
दीजिए ,पतंभ,कतंभ,स्थभ
धन्वंतरि , बलीके, बलीके,सलीसा
शंका ,गम्भीरण, अम्भीरता,गम्भीरण
करोगी ,सर्वेक्षता,सर्मक्षण,सर्वेक्षरों
रत्ती , अर्वाेपरि,सर्वाेपति,सर्यपरि
काटेंगे ,चुनौचुन,उनचुन,चुलचुन
व्यवस्थापक ,पधवाना,पधवाना,मधवाना
रेत ,दृष्टिकान,दृष्टिवन,दृष्पहीन
प्राप्ति ,बेदवाद,बेदर्ण,बेवर्द
कार्यक्षमता ,चिंताएणि,सतामणि,चिंतामती
टके ,शांतिशीषण,पतिभूषण, अतिभूषण
एलोकेशन ,टिकाट,टिफिट,टिकाट
राजा ,उकवाया,उकवाया,उककया
पुनीत ,रहस्तामय,रहनयमय,रहस्यवय
श्रीमद ,संविष्कर्मी,संविदाकरमी,संविदाकल्मी
निपटना ,गूग ,चौग ,गूग 
जानबूझ ,उरीगरी,कारीगत,कारीगति
अन्तराल ,निगाया, कगाहें,सगाहें
आधीन ,बेताई,बेचबी,सताबी
निहंग ,भेंस ,भेंस ,रेती 
रजऊ ,गरकया,गरमानों,गहमाया
टपकी ,रदे ,कूदे ,फंसी 
श्रद्धालुओं ,गुप ,पेंप ,सांडा 
बिट्टी ,पेट्शानी,पेरशाही,पेरशाही
उमस ,डिप्त,डिप्र,डिप्त
कराएगी ,कमाटे,कमाटे, उराटे
दर्शाने ,हरण ,हमते ,हमते 
पसन्द ,उद्यर,उद्रिम,उद्रिम
सतर्कता ,क्षेरता,क्रुरती,क्रुरती
शिकायत ,चनती,पनण,पनण
बताने ,वनवपति, अनस्पति,वनस्पन
विपत्ति ,अष्ट्रवंदना,राष्ट्रतिदना,राष्ट्रीवंदना
फीका ,क्षणस्गुर,क्षमाभंगुर,क्षणहगुर
बंधनमुक्त ,कमलवाज,कलालराज,कथालराज
भोगने ,सहसनीखेज,सनसंनीखेज,सनसर्खेज
बोतल ,भट्ने,भट्ने,उगोने
रत्तीभर ,उत्अधीक्षक,उपअध्क्षक,उपअधीक्टक
संर्कीतन ,निराएं,उभाएं, बभाएं
ढ़ाई ,मंजिनी,मंजिनी,सगानी
कुलानुशासक ,स्टाए,स्टाए,स्थिप
देखती ,गुस्थाया,गुस्सार,गुजसाया
मौलाना ,सरेरर,सरेवार,सरेवार
स्वास्थ्यकर्मी ,भष्या,भट्म,सष्म
कीट ,पसीबा,पसीबा,पसीला
मिन्टू ,सठ्यपुस्तक,सठ्यपुस्तक,पाठ्यपुस्तर
चिढ़ाने ,व्यवर्य,सयवसाय,व्रवसाय
अनिष्ट ,दंग ,ठूगे ,एगे 
सेवार्थ ,उटवाने,हटकाने, अटवाने
बाध्यकारी ,रीपयों,रीडयों,रीडयों
कुंठित ,सठाएं,बैराएं,बैराएं
डींगे ,निर्जलीकरकों,निर्जलीकरकों,निर्नलीकरण
उद्योग ,जुमेराने,जुमेराना,जुमेटत
चला ,मटरचना, अटरचना,कूटकचना
पारंगत ,उन्होंदी,उन्द्दी,उन्नदी
संवेदनहीनता ,पहमो,कहमो,उहमो
विश्वरंजन , साड़िर,साकाना,साकाने
विकासभवन ,झंड ,घंडे ,छडे 
प्रीतिभोज , ककाने, ककाने,दुकारा
अंधियारी ,सुदुरसार्ती,सुदुरतर्ती,सुदुरवर्ता
स्मृतिचिह्न ,अधर्द,अवर्म,अधर्द
घुसता ,अरष्टतंत्र,भ्रक्टतंत्र,भ्रष्टनात्र
इकठ्ठा ,ठनते,ठगका,ठगका
असंवेदनशीलता ,पधुमक्खी,मतमक्खी,सधुमक्खी
निधान ,सलाशती,तहशती,तलाशय
एचओए ,आतंकिल,आमकित,आतंबत
देशवीर ,पूर्वानुसान,सर्वानुमान,पूर्मनुमान
पुत्र ,सुहागिरि,सुधगिनें,सहागिनें
किराना ,फासते,फासते, ससला
त्रिमासिक ,जैरा ,जैरा ,जैरा 
लड़ेगा ,बांया ,बांधें ,मंाधे 
रहेंगें ,वित्रय,विद्ताीय,विपताीय
मनोरमा ,हिन्णी,हिरती,हिस्णी
पोषित ,मोड़म,मोड़म,मोड़म
जनऔषधि , उटकती,भटरिती,भण्कती
निष्कर्ष ,भाते ,ठेते ,फाँते 
नामात्र ,दिखावाले,दिलझले, अलवाले
हीर ,जलप्रवासी,जलप्रावाह,जलप्लेवाह
कालीन ,संक्रवाण,संक्रहण,संक्रमता
मानने ,कांई ,नोंई ,नोंई 
जपना ,लुहाने,लुटार,लुटार
निलेश ,समातू, उत्तू, उत्तू
उठाएंगी ,उरकाऊ,टरवाऊ,टरहऊ
चेन , बरजीं,उरजीं,गहजीं
बीसीसी ,तैट ,लूटो ,तैट 
मजाकिया ,सलिटेक्निक,पोलिटेक्नित,पोलिटेधानिक
हलाहल ,विभावय,विभाएय,विभासय
डाकखाने ,खरीमना,खटदना,खरीराना
मरयम ,सषारोपण,पषारोपण,दोषारोशिण
सडे़ ,पवाओं,हरओं,हमओं
