﻿valid,invalid1,invalid2,invalid3
फतवा ,गौसाने,गौसार,गौशाई
मालिन ,सजनन्दन,राजनस्दन,राजनन्धन
दुआ ,निकाध, उबंध, उबंध
पुनर्मतदान ,कंदकंपी,कंपटापी,कंपनापी
जिलाबदर ,धर्ली, उनौली,धमली
बदलेगी ,पहुंरौली, अखरौली,सखरौली
देगे ,बाहुण्ड्री,बाउम्ड्री,बाहुण्ड्री
निरकारी ,पूर्वशशि,पूर्णशकों,पूज्णशशि
बेमकसद ,नशामुक्ष,मशामुक्त,नशाखुक्त
संदर्भ ,पत्राएं,यास्राएं,यात्राने
मुश्किलें ,छात्रदाघ,मत्रसंघ,प्त्रसंघ
मनाने ,सुधारिय,सुप्रिक,मप्रिय
पाचन , उकन,शिकना, उकन
रुग्ण , साड़िन, साड़िन, साड़िन
चौंकिए ,शिकदु,शिविदु,शिविदु
सुमंत ,राजाभर,रातरार,रातवार
कमांडेन्ट ,अभिकरणीय,अधिकरणीय,अनुकरमय
कार्यकारी ,चौतरते,चौपरफा,उतरफा
सुमंगलम ,सौंसी ,टील ,टील 
गुरूगोष्ठी , बथक, बथक, बथक
एंव ,हटापे,हड़ना,हलपे
अर्थदण्ड ,आयमारदाता,आयकरबाता,आनंकरदाता
पधारो ,घपन,घपन,घपना
आत्मीय , उलना,खोलेंना,खोलेंना
गुंडा ,प्रलनकारी,प्रौलयंकारी,प्रदयंकारी
सौगंध ,शैड़ी ,शैड़ी ,घोल 
अध्येता ,विकासमल,विकासशीटों, अकासशील
प्रतिमास ,तम्मकू,तस्बाकू, अम्बाकू
तसदीक ,पढ़ाड़ी,पढ़ाड़ी, उकौड़ी
मुहल्लेवासी , अगनभेदी,गगमभेदी,मगनभेदी
कढ़ाई ,भगाली,भगोए, कगाए
मंगतू ,पदनेवाली,परिनेवाली,परिनेवाली
रसूख ,हैरवागेज,हैदतंगेज,हैरवागेज
भूतपूर्व , दीजिला,दीर्ला,दीवाब
शिक्षकविहीन ,चुराती ,चुस्ना ,चुनाना 
बुरका ,भाल ,वाल ,दियों 
बाण ,तरवाकी,तरक्त,तलाक्की
समाधान ,द्विसर्षिक,पविवार्षिक,जविवार्षिक
ठोंकने ,नुमावदे,नुमाकदे,नुमाइंड
उपला ,मेष ,पिलों ,मेघों 
अधिनायक , कगों, कगों, कगों
बदलो , लदाम, लदाम, लदाम
शार्गिद ,मिटप, उलाप, उलाप
भौंसले ,ठंड ,छंडी ,लौडी 
गणपति ,जतामर,जतामर,जतारर
समाहित ,रेंगकता,सगकर, अगकर
समाजहित ,सजगति,सजगना,मजगता
बहल ,पमीकल,कैमीकता,कैशकल
सृजनशील ,अर्वता, सर्हता,अर्हरी
उत्तरीय ,भटकाओं,भटपने,भटवाने
जनकदुलारी ,यौनायेर,यौनायेर,यौनाचाने
दैवीय ,रसायस्क,रणयनिक,रसायमाक
पिरोए ,सत्तापतिष,सत्तालिक्ष, प्त्तापक्ष
भाषी ,जीवंश, बवांश,जीवांग
ज्यादातर ,मवकेंद्र,सवकेंद्र,स्थाकेंद्र
घटेगा ,बिगमती,बिगलती,बिगलती
सांसदों ,संकटमोचर, प्कटमोचन,संकटमोचल
शोभनीय , परीब, परीब, परीब
गिरफतार ,पिपपक्ष,पितृपर्ष,पिचपक्ष
ढाका ,जिलेमेवारी,जिम्मेशरी,जिलेमेवारी
शुरुआत ,स्माम्प,स्टाम्ब,स्टाम्र
लाडली ,जम्प्रेषण,सहप्रेषण,सम्प्राषण
प्रदीप्त ,ओली ,गाँली ,थैलों 
जलचरों ,नोंनी ,खादें ,नौंनी 
नथनी ,शहत्र,शरत्र,शस्त्य
पौष्टिक ,अपरोट,अखरोध,अनुरोट
मंदबुद्धि ,पद्वेष,विस्वेष,विद्रष
भिड़ ,एनकरण,एकाकरण,एकीकवाण
आँख ,पपूर,नुपूत,नुकीर
गड्ढा ,सूत्का,सूचिस,उचिका
सभ्याचार ,बाग ,तंगी ,तंज 
डिजिटाइजेशन ,उरसंस्करण,प्रसंस्कगण,प्रक्स्करण
हालत ,कुचक्ने,कुललने,कुचवाने
दंगा ,स्पनिधाएं,स्पर्धान,स्पर्रएं
अस्तित्व ,शासनायश,शासनार्श,शासर्देश
अध्याय ,वनरक्रक,वर्रक्षक,वनरवाषक
आती , लौटई,लौटेई,लौटेंई
चोले ,दुश्चार,दुपचार,दुराचारे
उद्घोषणा ,सतनारार्ण,सतनारार्ण,जतनारायण
अनावश्यक , उरहद,समहद,सरवाद
चौकी ,इन्याजार,इन्तकार,इन्याजार
विजयी ,गुरुद्चन,गुरुबचक,गुरुबचल
नाजायज ,संवददार,संवदस्ता,संवदर्ता
दमनात्मक , सभिन्न,पभिन्न,अभिन्द
हिंदुत्व ,गरया,गरया, सढ़ैया
पतित ,अज्बात,अनञात,अवञात
रवैया ,बरचन,बच्छिन,बनाचन
मर्ज ,परिवारवासी,पत्वारवाले,परिवारीवाले
औंधे ,वार्यकार,वार्वाकार,वार्यकार
मांगे ,शिक्टक,शिक्षद,शिवाषक
मंत्रणा ,सजाल ,सबले ,सजाल 
जलनिकास , बरायी, बरायी,उरायी
घटते , भगोक, भगोक, भगोक
दुघर्टनाएं , रंजिने, रंजिने, रंजिने
अगाह ,गुरूमुही,गुरूमुही,गुस्मुख
सहमती ,रजाययों,रजाइए,रणइयों
अंचलवार ,महानित्संग,महासमिसंग,महासत्तिग
प्रशिक्षणरत ,कारावाने,कारावाने,काराहस
गमछा ,पिण्डदारी,पिचडदान,मण्डदान
लेखिका ,समन्यवहाक,समन्यवहाक,सम्न्यवयक
उपजाई ,जलयापरा,सलयात्रा,जन्यात्रा
जंगलराज ,अंगाशा,अंजाशा,अंजाशा
मंहत ,प्रस्दिन,प्रोतिदिन, अरतिदिन
समाये ,दूरी ,दूरी ,शुनी 
दीनता ,शौंचाएय,शौंचारय,शौंचायय
अनाधिकृत ,महाश्मे,महाश्मे,सहाश्य
सत्संग ,क्षमारिय,प्षत्रिय,क्षत्रित
गोलमाल , तड़ना, तड़ना, तड़ना
बोलबाला ,कटती ,कटती ,कटता 
रामउचित ,भड़पने,भड़कारों,उड़काने
कराउंगा ,पधकर्ता,शोधशार्ता,शोधलेर्ता
सुख ,संभावट,संभाविना,संभावट
ऊंचाईयां ,ईलाएं,ईष्ज,ईस्ज
छेड़ने ,उच्तरदायी,उत्तरदार,उत्यरदायी
बिग्रेडियर ,निरासर,निकधार,निरासर
अज्ञानतावश ,उखाता, कखाता,उखाता
अनुज , कष्टि,वृत्टि,वृद्टि
नपुंसक ,बहुपतिगी,बहुपर्गी,बहुपतिगी
निवासियों ,विद्धिन,पद्वान,सद्वान
साजोसामान ,आैड़ो ,जोर ,भिड़ो 
फहराना , उहिनी,मोटनी, उहिनी
दीपइंद्र ,मनोसैना,मजसैना,सटसैना
पेशबंदी ,उर्थपुरोहित,तीर्थपुत्हित,सर्थपुरोहित
लगानेवाले ,गेड़िआ,गेरूष,गेरूरी
निलम्बन ,शिशिश,सशिर,शिशिका
राजधानीवासी ,शुभकामच्एं,पभकामनाएं,पभकामनाएं
उपप्राचार्या ,लीजिग,उडिंग,लीलाग
कीमतें , बपटा,चपने,चढ़ाटा
इच्छाधारी ,मानयमिक,मान्यमिक,मान्यमिक
निहत्थे ,चमम,चमम,चमम
निज ,झूली ,सेली ,झूली 
विमर्श ,उपचिपा,चिपटापा,चिपकपा
एकात्मता ,घेरेसदी,घेरेवादी,घेरेसदी
सुस्ताने ,महवाते,सनवाते,मजवाते
बरा ,झांखी ,चेखी ,सूती 
कविताएं , मरमान,अरमाया, मरमान
आलेखन ,खिंचकने,खिंचक्ने, अचवाने
त्यागा ,धड़वेश,धनवेशी,पनवेश
बेझिझक , नीलास,नीरते, नीलास
तटवर्ती , सेविधा, सेविधा, सेविधा
उत्प्रेरकों ,मौसेद,उजूद,मौजूरी
कृत ,जीविकोपार्जय,अविकोपार्जन,जीविकोपार्वन
मालपुआ ,रेढ़ा ,दिढ़ा ,पिढ़ा 
भावनात्मक , पजना, पजना, पजना
अपरंपार ,प्त्रांकन,चित्रांकर,चित्रकन
भुलैया ,रथ ,सोथ ,पंजों 
लुक्का ,आरवाषी,आश्क्षी,आरदाषी
राजपत ,सडराती,मंगराती,मंडराज
गुरुमुखी ,सीधी ,लूमा ,लूमा 
अजान ,प्रार्ण,प्राकथी,प्रामथी
लाभार्थियों ,कम्मीउंडर,कम्पादडर,कष्पाउंडर
ताना ,आश्वाली,आनेहिली,आनेहली
महिलायें ,टुकता,टुकता, टुन्ड़ी
बरसा ,उपरण्ड, अपखण्ड,उपखण्य
बदस्तूर ,एंजियोलालास्टी,एंजिस्प्लास्टी,एंजियोलालास्टी
भूकंपरोधी ,फिगू ,फिगू ,किंगू 
भूतल ,कबेंगे,कबेंगे,सबेंगे
पकड़ने ,अघोग,अघोल,पघोर
प्रतिस्थापन ,नहाबा,नहाबा,नहाबा
दौड़ा ,समस्तीरार,जमस्तीपुर,सर्स्तीपुर
दुखी ,दिवराय,मवसीय,पवसीय
निभाए , प्लंकरण,अलंकर्ण,अलंकरता
मोडा ,मंजिये,मंत्ला,मंत्ला
समाप्ति ,आयुसीत,आयुसेत,आयुक्षा
प्रसिद्घ ,घबरएं,घबटाएं,उबराएं
दावपेंच ,निष्टिदन,निष्टिदन, अष्पादन
मुनष्य , प्रेवर, प्रेवर, प्रेवर
सवाली ,फूंककते,फूंककते,फूंककती
पुलपर ,धांर ,भैंर ,सेर 
लट्ठे ,अलार्द,अलाकम,पलार्म
निर्विरोध , वृद्त,वृष्त, वृद्त
सलाना ,पुल ,पुर ,पुलों 
पुरानों , सलपरी,जलझरी,जयपरी
बॉयफ्रेंड ,प्रधानाचार्मी,प्रधानाचार्ण,प्रह्नाचार्यों
बदनियती ,शर्मिदल,शर्मिदन,शर्मिदन
फलदायक , प्रांय, प्रांय, प्रांय
पारिजात ,विधानपूरिषद,विस्नपरिषद,विस्नपरिषद
कपूर , उरसार,प्रेसार,प्रांसार
सुहाने , रस्नी, रस्नी, रस्नी
मंत्रालय , उकड़े,पढ़ाड़े,परड़े
पदाधिकार ,दहकल,दर्कल,ममकल
जुटानी ,पनदेखा,अनपखा,अनदेव
पुश्तैनी ,अनुदेशर,अधिदेशकों,अभिदेशकों
दफ्ती ,अकेगी, पकेली, पकेली
हलवे ,नक्तलवादी,नक्षालवादी,नक्सलदादी
खाताधारियों ,लथराथ,लथकथ,लथकथ
गोद ,सूर्ष्मता,सूक्ष्टता,सूचीष्मता
रूस्तम ,शिवटमंडल,शिष्टमंथल,शिष्टमंगल
गर्मी , नाघु, नाघु,कघु
गठन ,समावपक्षीय,उर्वपक्षीय,सर्वस्क्षीय
विजय ,मांगी ,कग ,कग 
खुलासे , फैलेंई, फैलेंई, फैलेंई
लौटेगी ,सरमरा,चरवारा,चलमरा
विरल ,घिठे ,पीठे ,पौठे 
वार्ता ,परमदेह,परक्देव,परिमदेव
घुमाती ,भक्तिपूर्ति,भक्तिपूर्ति,भक्तिवेर्ण
भेदभाव , स्थिई,स्थाएं,स्थाह
कुरानख्वानी ,प्रज्वलिन,प्रज्यलन,प्रदवलन
उगलेगी ,गलाशर,गलाएर,गलाकते
बैरंग ,मलीस, उलीन,मलीस
समाजसेवा , बपाल,कपाए,पपाल
मद्य ,प्रवान्त,प्रशालत,प्रशान्य
सपेरे ,चूमेरे,चूकगी,चूसगी
भ्रूण ,सतार ,सतार ,कताएं 
अरुणेश ,उलधर,उलधर,जलझर
ट्रैक्टर , ससले,फिरौले, ससले
सौतेले ,मयखानी,उयखाने,मयलने
दोसा ,प्रस्ववित,प्रदतावित,प्रेस्तावित
निरन्तर ,सछाला,उछाड़ा,सछाला
दुनाली ,प्भ्रवाल,सर्रवाल,सभ्रवासी
जनधन ,पवाएं,पवाएं,सेवाब
जीवनचर्या ,दीक्वाली,दीपामाली,दीनवाली
घोषणाएं ,करवाहगी,कलावाएगी,कमवाएगी
ऋतु ,ख़ुको ,बैंडों ,बैंडों 
आक्रमण ,अखामां,अखामां,अखामां
ढैंचा ,अनुसेरह,अनुग्रत,अनुग्रम
चुस्त ,मेंबरदाप,पबरशिप,मेंबसाशिप
आकांक्षी ,लेटवातीफ,लेटलवाफ,लेटलतीब
पंक्तिया ,मध्मज्ञ,मध्मज्ञ,पर्मज्ञ
वर्षी ,संने ,येने ,संने 
नीलमणि ,पिटाते,पिटाते, उलाते
बचाना ,सटिल,कुटिका,सटिल
प्रियता ,पूच ,खौच ,शौक 
गुदगुदाया ,नजरदार,नबंरदारी,नबंरकर
सिन्दूर ,जगल ,उगन ,जगना 
गहराया ,आत्कवाद,आतंकवाला,आतंर्वाद
सेनापति ,प्र्णमाला,पर्णमाला,मर्णमाला
खरीदगी ,कर्ज ,उर्म ,उर्म 
पक्कीकरण ,संधारों,संवान,संवान
फुगाना ,ढेनी ,ढेनी ,खींनी 
शराबमुक्त ,यौवक,यौवक,यौवरों
नरेन्द्र ,बण्डन,सण्डल,बरडल
सब्ज , पठोर,उठोर,उठोर
पहनें , कताता, कताता, कताता
हिंदु ,चिह्त्सालय,चिड़त्सालय,चिकित्साहिय
गाए , अनवायी, अनवायी,उनवायी
चाटने ,मंत्तों,मंत्तों, मंत्य
सिपाही ,प्रेन्नति,प्रोग्नति,प्रोन्नता
झुलसाया , बगाध,पगाध, बगाध
तनातनी ,उजाते, पजाते,उजाते
उमड़ ,नशेवार, अटवार,नटकार
कारिंदे ,सकुओं,पकुन,सकुड़े
दोस्तो ,शहतें,शक्तें,शहीतें
गर्भाधान ,संक्रमता,संक्रमता,संक्रवाक
रासुका ,उसलाहों,असलाने,अपलाहों
वाटिका ,चटती, सटनी,चटता
अंतराल , उगड़ा, उगड़ा, उगड़ा
बेबाक , उचनी, उचनी,बेतुनी
अक्षय ,मगपत्र,मांगलत्र,मांगपत्व
दुकानदारों ,गेटे ,जुड़ ,जुटा 
