﻿valid,invalid1,invalid2,invalid3
नवीन ,यतीमखाव, अतीमखाना,यतीजखाना
गुण्डों ,लटषित,लगाषित,लक्षियों
पारित ,कपतीं,उहतीं,कपतीं
पदम ,पृथछा,पृच्चे,पृथ्छा
द्रव्य ,उपाटा,उपाटा,पपाटा
संवाददात ,उदस्यों,सर्स्यों, पदस्यों
शहनाई ,मुक्तियाता,मुक्तिमाता,मुक्तियाता
विलोम , अर्दभरी,दर्दस्री,दर्दलिरी
एस्कॉर्ट ,संवान,संगीलो,कगीन
बाधक ,अवहेलय,अवस्लना,अवहेलक
राह , उचने,सोचिने, उचने
बिस्तर ,ममाचम,पमाचम,चरचम
अधिष्ठानों ,कार्यतत्त,कार्मवृत्त,कान्यवृत्त
हवा ,घबमीटर,सनमीटर,सनमीटर
कटियाबाज ,राहों ,राहों ,पुशि 
सर्विस ,परियादीय,परिस्दीय,परिक्दीय
जुटा ,पालों ,जुक ,पाना 
गायन ,सलेदार,जिलेदान,उलेदार
अध्यक्षता ,झोपना,झोपने,झोपने
लगातर ,विज्ञासुयों,सज्ञानियों,विज्जनियों
रूचि ,इश्तरर,सश्तकार, अश्तकार
अनुजा ,हरिवाए,हटपए,हटकए
बोलो ,ढपन, बपली,ढपना
पत्नी ,भववाएंगे,भरस्एंगे,भरवाहगे
चौद्वार ,दूतों ,दूजा ,दूरी 
कटवानी ,पताने ,सहने ,उताने 
घूरना ,ज्वानो,सञानो,ज्वनो
हावी ,कढ़ने ,चढ़ाने ,कढ़ने 
सप्ताह ,मुजने, मुक्रा,मुजने
ठूंठ ,राष्ट्रीयवात,राष्ट्रीयस्त,राष्ट्रीशकृत
पंक्तियों ,प्न्द्रित,केबिद्रित,केबिद्रित
निरीक्षक ,सीग ,माँगी ,खग 
खिलने , पच्चें, पच्चें,बहचें
अवगुण ,कर्तव्यहीष्ठ,कर्तव्यमंष्ठ,कम्तव्यनिष्ठ
महकता ,मईनिंग,पईनिंग, अईनिंग
विकार ,कट्टंी,छुड़ाटंी,छुपाटंी
प्रेसवार्ता ,प्रज्वलिटी,प्रज्वरूत,प्रज्वस्त
विशेषज्ञ ,उतातें,उतातें, कतातें
छींटदार ,समार्णो,सहर्णो, पवर्णो
एएचपीएस ,उपेक्षागार्ण,उपेक्षेपूर्ण,उपेक्षापूर्मी
बीमारियां ,पाशा ,पाशा ,पाली 
टाले ,सोनोग्राय,सोनोवृराफी,सोनोग्राज
खुराफाती ,तराए, बराजू,तलाजू
दीमक ,जटलरशाही, प्टलरशाही, प्टलरशाही
मदद ,नालिगी,नामिगी,नाकागी
उर्फ ,बहऊं,सताऊं,बहऊं
अतिवृष्टि , कधता,अंजाता,अंजाता
बदजुबानी ,धधता,सधक,धधना
जलभराव ,सखाये,उखाये,पखाये
विफरे ,उद्भवों, अद्भव,मद्भव
जत्थे ,अध्वंपन,अपयापन,अपयापन
सहमें ,जमाभर,उलभर, अलभर
ठोंक ,परिचाने,पकचारी,परिचारे
खिलौना ,पकूटर,स्कूटता,मकूटर
पर्चे ,आश्रोश,आर्रोश,आमरोश
उठेंगे ,खानापूजा,खातेपूरी,खासपूरी
बताई ,कसगे, बरेंगे,कपगे
बांधो , उयासी,प्रसी, उयासी
प्रबंध ,उत्राल,उत्याल,सत्पल
अभिनेता ,औंटे ,खोजे ,खोयी 
ज्ञानसरोवर ,बोला ,बोरा ,बोगी 
रखवाई ,सछड़ेपन,पिछड़ेपण,पिछड़ेपथ
मेहर ,जरूणतमंदों,जगरतमंदों,जन्रतमंदों
भाईचारक , कझी, कझी, कझी
थानेसर ,पैथोरोलियम,पैरारोलियम,पैट्रोलियता
क्षेत्ररक्षक ,फटिल,फटिल,फटिल
नौवें , उटेंगे,जुटगे,जुटेंड
पुरुषोत्तम ,मौजूरी,मौसेड़,मौलिरी
सामरिक ,सद्मेश,पद्मेल,उद्मेश
डलवाएं ,झाँप ,रेती ,रेस 
प्रतिरक्षा ,महलाने, अहलाने,बनालाने
आलस्य ,जॉजी ,झेजी ,गूंजे 
जागता ,सुखलाख,उखदुख,पखदुख
दूरभाष ,बनाकात,बनकात,उरकात
बरसाना ,भयतजन,भक्तरन,भक्तजलि
फटे , टलल, टलल, टलल
झाकियां ,पालगाहार,पातानहार,पातानहार
ककरहिया ,परियोथेनाकर्मी,मरियोजनाकर्मी,परियोजनाकर्स
सजाए ,बाराबंधों,उराबंकी,बाराहकी
पुत्रगण ,निमिल,निमिनी,निमिल
फिदा ,प्रज्ञापुराश,प्रज्ज्पुराण,प्रत्ञापुराण
निखार ,शुमाने, शुष्र,शुमाने
खरीदे ,भूधान,भूधार,भूधान
समीक्षात्मक ,अंगूत, ककित,अंधेत
धरती ,छोये ,ढुये ,छोये 
वर्करों ,बाइ ,बाड़े ,बाल 
गौण ,साम्प्यूदायिक,साम्रारदायिक,उम्प्रदायिक
खोजेंगे ,मस्साकसी,प्स्साकसी,रस्सागसी
भूखे ,नाश ,नाथ ,नारे 
घबराया , पर्जन, पर्जन, पर्जन
लुटेरे ,जगव, पबाव, पबाव
काव्यांजलि ,मरपयोग,दुष्पयोग,दुष्पयोग
सड़ने ,उड़ोसी,पढ़ासी,सड़ोसी
अल्सर ,मिटाला,मिथड़े,मिथड़े
वंशवाद ,तदकथ,तकर्थ,तलार्थ
ज्योतिर्लिग , अपरहिट,पपरहिट,सुसरहिट
कथावाचन ,अतक ,अतर ,पतरी 
रमणीक ,छलदाता, अलकता,छपकता
छिपा ,वातानुपालित,वाहनुकूलित,वाताधिकूलित
फलदार ,मिआ ,खंआ ,धुंए 
क्रियान्वयन ,कनस्थर,कनवातर,कमस्तर
चढे़ ,अनाभा,अखाभा,अखाभा
प्रकाशकों ,उञान, बञान,पञान
सड़ी ,शाक ,थूला ,गौला 
डालता ,मोटरसायस्ल,मोटरशियकिल,मोटरशियकिल
सड़े ,लंप ,टिंप ,बिप 
बेटी ,खदेलीय,उगोलीय,खटलीय
लाओगे ,तनख्याह,तनख्वाद,तत्ख्वाह
ब्रहम ,निस्शक्तों,निश्शबातों,प्श्शक्तों
बिछी ,पकरक,उत्रक,परिरक
फीते ,सोचो ,सोए ,सोमा 
अलका , छिपाका, छिपाका, छिपाका
निवासीगण ,ग्रामपंचायण,उरामपंचायत,ग्रामपंचायम
अफेयर ,खेमकज,खेमराना,खेमकज
ऩजर ,बर्दातात,सर्दास्त,बर्वस्त
प्रीति ,रटाए ,रटाए ,बटाया 
जलाओ ,अभिमाने,अजमानों,मजमाने
लाडोवाली ,कुचति,कुचति,कुचति
आर्कषण ,नवनिसुवाचित,नवनिरीवाचित,नवनिर्शचित
एआईवाईएफ ,निर्क्त,निकक्त,निभाक्त
राना , लड़ावा, लड़ावा, लड़ावा
भाविक ,आदाम ,आदानी ,आसन 
डमरु ,जम्मेवारियां,जिम्मेवाहयां,जिलांमेवारियां
एेसा ,शालीसता,उलीनता,शाहनता
जलजीरा , पबरों,नंबरू,नंदोरों
गठरी ,लाईगे,लादगे,सयेंगे
ढूंढना ,हकवारी,हकरारी,हकरारी
जुटेगी ,मुस्थाम,मुस्त्म,मुरलिम
कमाई ,पालपें,उइपें,कइपें
नाचते , उयार, उयार, उयार
नवोन्मेषी ,असहारों,अभिहायों,अभिहायों
अंजाने ,कैंसते,कैंसते,कैंसना
चंद्रग्रहण ,अनुबदध,अनुपान्ध,असबन्ध
आत्मनिर्भरता , पषय, पषय, पषय
भीमताल ,रंगोबिरंगी,रंगबिरंथ,रंगबिजगी
रस्म ,जर्कीटेक्ट,जर्कीटेक्ट,आरोकीटेक्ट
एकीकृत , अनाली, अनाली, अनाली
आध्यात्मिक ,सर्गुरु,सतगुल,उतगुरु
संगणक ,सर्वर्ञ,समवज्ञ,सर्वज्य
अथक ,पदाव्कारी, अदाधिकारी,परधिकारी
झूलाघाट , पगम, पगम, पगम
तपती ,सत्यस्ती,सत्तावती,पत्यवती
शिखर ,ग्रेटने,ग्लैटर,ग्रेरर
जुटाकर ,गाँले ,झूठी ,घोले 
कुंवारी ,जड़े ,जड़ा ,पोगे 
आनंददायक , फेसिंनी, फेसिंनी, फेसिंनी
गिनती ,राशिना,रासले, रात्ना
लावा , प्ववित्तपोषी,स्वविद्तपोषी,स्ववित्तत्षी
फकत ,सुकन्ट,सुकसाया,सुकसाया
वसूलने ,अपुर्देखाक,सुरर्देखाक,सुपुर्देशक
नवीं ,निकत्रक,नियंत्सक,नियंत्याक
बंदिशों ,पत्रिरी,पत्यारी,पहुंथरी
खसरा ,परह्मभोज,ब्रतिमभोज,जरह्मभोज
अधवार ,स्वंगतगान,स्वागतवान,स्वावतगान
जनांदोलन ,बदलस्मती,बदस्स्मती,बदस्स्मती
गिराया ,मपखाना,तोहखाना, अपखाना
बारहवां , जोड़िने, जोड़िने, जोड़िने
सौजन्य ,स्थालॉकरण,स्थायीकलाण,स्थायीकरक
दूधवा ,स्टाति,स्टाति,उवाति
पुरूषार्थ ,उरचे, सरचे,पलचे
रुकवाने ,मन्याएं,कन्होंएं,कन्नएं
महेंदी ,खजूस, खजूसी,खजूस
निर्वेश ,जीवस्दायी,पवनदायी,जीवरदायी
अंतरात्मा ,भिखाषुणी,पक्षुणी,पक्षुणी
लाभ ,मुककिन,मुमकिया,मुमकित
पैडल ,बिठाआ,बिताआ,बिताआ
पुण्यकाल ,पसायनयुक्त,रसायमयुक्त,उसायनयुक्त
कांति ,पैकवास, अकर्स,पैकरास
दलदल ,गुंरी ,भाड़ ,भाली 
चकित , हमती, हमती, हमती
बेगम ,नथूल,उथूनी,उथूनी
गेहूँ ,कचीं, बाचीं,साचीं
कार्बनिक ,प्रस्द्वंद्विता,प्रतिद्रीद्विता,प्रतिद्वंद्विद्
बोरी , उलीता,पलीय,पलीय
पद्धति ,चलाकाए,चलाकाए,चलकाए
हिन्दुस्तानी ,चरनाचूर,मकनाचूर,चकड़चूर
उपदंडाधिकारी ,पढ़ाटा, परटा, परटा
परोसा ,सप्तरषि,पप्तऋषि,सप्रेऋषि
विदित ,लादसा,लादसा,लादसा
शिक्षादान ,बगना ,लगता ,लगल 
रटने ,रहरातों,रहरातों,रहमय
सौन्दर्यीकरण ,सरभादेवी,प्रभाविवी,सरभादेवी
बहुभाषी ,गाड़ी ,खुना ,तोना 
हटाई ,सझाती,उझाती,पझाती
सुधारेगी ,जूसगे, बझेंगे,जूझगे
पूर ,सेरा ,सेरा ,सेरा 
टंकी ,श्रेद्धालु,सरद्धालु,श्रद्रोलु
सरीखा ,रिफाकता,रिफारित,रिफाकते
मुक्केबाजी ,श्लोकोच्चारिण,सलोकोच्चारण,श्लोकोच्चारिण
खानदानी , बछी, बछी,नाछी
निंदा ,रूढि़ली, पधौली, पधौली
संवर ,पारंलपन,पातालपन,पारिलपन
जलायें ,पंट्ठी,पंट्ठी,पंडिटे
रंक , पिछई, पिछई, पिछई
जिलास्तरीय ,आसमाया,मसमान,आसलन
थाना ,महासमन,महासचिर,पहासमर
परिव्यय ,गुणवंशी,गुजवंती,उणवंती
लतपथ ,बरासर,बरासर,बनबर
वायदा ,सत्तारुष,पत्तारुढ़,सत्रारुढ़
दीक्षांत ,जगड़ग,जगवाग,सगमग
प्रजाति ,मुल्हे, मुड़क, मुड़क
साढ़ ,शंारे ,नौरे ,जांरे 
फहराया ,कसदा,उरौंदा,कमादा
बेतरतीब , पसित,शासियों,शासियों
बेकसूर ,पर्रैया,पर्रैया,हर्तया
हुस्न ,बुबाने,बुर्ई,बुबाने
बरौंधा ,किनौला,सनौनी,किनौला
गन्ने ,कईए,आसाए,पईए
हिंदी ,भोज्र,भोज्र,भोज्ञा
मृत्यु ,कैतू ,बूतू ,हेवी 
संलिप्तता ,अत्तरोत्तर,उत्तरोत्रर,उत्तरोत्रर
जुएं ,धुंढ़ी ,नाढ़ी ,भैढ़ी 
लिहाज ,दर्वता,मर्शाता,दर्मिता
आदिवासी ,खमिनाजा,खदेयाजा,खमितिजा
उत्सुकता , घड़िते, घड़िते, घड़िते
महापंडित , बलूंगा,सलूंगा,मिटगा
विधायकजी ,सम्बति,सम्बति,सम्मीति
दुर्भावनापूर्ण ,वादों ,वालों ,वायु 
बदहाल ,पशोमति,यशोमय,मशोमति
दृश्यकला ,इंतो ,डोतो ,जीयो 
बौर ,अधिवज,उधिराज,उधिराज
नाश ,खाठा ,दीठा ,गोंद 
उलझे ,सनेाज,सनेाज,पनेाज
बढोत्तरी ,प्रस्थव,प्रस्थिव,प्रक्ताव
मांगीं ,वालीं ,डारा ,वादा 
प्राप्तांक ,चंद्रदातु,चंद्रवातु,चंद्धकेतु
धामों ,प्रचवना,प्रक्वन,प्रचवना
कायम ,अतंर्थत,अनुर्गत,अतंर्गण
रुपए ,मटवारियों,पटखरियों,पटवारिक
कराटेकार ,प्रस्यावों,प्रक्तावों, अरस्तावों
लगाओ ,इंद्रवाषण,इंद्धभूषण,इंद्रभूतेण
बीता ,जनमंदी,जगमंच,जनवाच
पेशी ,दृष्टिरचर,दृष्पगोचर,दृष्पगोचर
उत्साहपूर्वक ,निभाम,निजाना,निजाने
जलविहीन ,लील ,रान ,लीची 
दूरस्थ ,शिविय,शिकय,उवाय
प्यारा , बाभ, बाभ, बाभ
सुजाता ,अल्हाहार,अनुपाहार,अल्पारिर
दंत , अरदक्षिणा,प्रदक्ष्णा,प्रदक्रणा
अधजली , ककाने, ककाने, ककाने
मौसा ,सद्धिजीवियों,बुद्धाजीवियों,बुद्धिस्वियों
खंगालना , कझना, कझना,मंत्ना
खरंजे ,गांववाना,गांवराले,गांधीवाले
बलमा ,उरधानाध्यापिका,प्रशिनाध्यापिका,प्रस्नाध्यापिका
जनशिक्षा ,ताजाड़रीन,मजातरीन, अजातरीन
हथनी ,लिहानी,लिपजा, बहाजा
आमलोग ,उनहानि,जगहानि,जनकानि
चुनेंगे , अरिमल,त्योमल,सरिमल
फुहारें ,भैरना,भैरते,भैरते
पट्टिकाएं ,विपरक,विरारक,विचार्क
