﻿valid,invalid1,invalid2,invalid3
नेह ,लटखड़ा,लटखड़ा,लगाखड़ा
परामर्शी ,पहामाया,सहामाया,महायया
समाते ,टांग ,टांगों ,टांगें 
कार्यशाला ,सरेरणास्रोत,प्रेरणाक्रोत,प्रेरणास्रोधी
गोष्ठियां ,ध्वार,ध्येल,ध्येल
अंग ,भेवी ,बीते ,किवी 
बुरी ,लहफशाह,लतीफताह,प्तीफशाह
जीर्ण ,अनिवारीयता,अववार्यता, प्निवार्यता
मण्डलीय ,गिरफ्ताशाया,गिरतितारिया,गिरह्तारिया
अनुशासनिक ,पडलों,मंगालों, बडलों
भभकने ,अंतरसाज्जीय,अंगरराज्जीय, प्तरराज्जीय
चार्जशीट ,वरिवारी,वस्वारी,वनकरी
बाशिंदे ,अरासया,अरासया,अभिध्या
छूना ,पर्सरलिटी,पर्सरलिटी,पशुसनेलिटी
अंधेरी ,मुकम्मता,मुकम्भल,मुख्म्मल
अंध ,घड़िक,घड़िक, घराक
बोध ,बहनर,सहनजी,बहनत
संतो ,पढ़ाग, पकग,पढ़ाग
कुमाऊंनी ,वक्ण,वक्ण,वक्ण
जटाधारी ,रतर,रसीनी, रस्नी
सयाना , प्राद्धकर्म,श्राद्धकगम,श्राद्रीकर्म
आत्माएं , बयौता,कयौता,पयौता
छटपटाती ,उरशिक्षणोपरांत, अरशिक्षणोपरांत,प्रशिक्रणोपरांत
कायाकल्प ,आवमहत्याएं,आत्महत्यापी,आत्महजयाएं
साईं ,विद्रलय,विस्यालय,विद्यापय
बुन ,धोखाएंड़ी,पखाधड़ी,धोखाधता
शाश्वत , बड़वां,जुटवां, बड़वां
रहावन ,रूढि़वाई,पढि़वादी,उढि़वादी
खूंट ,अभयवान,अभियदान,अभयदारों
तलाशे ,सपालें,उपालें,पपालें
बढ़ोई ,सैर ,शीनी ,सैर 
चचेरी , मोटचा, मोटचा,मोर्जी
चुना ,समपलीकरण,समतलीकर्ण,समयलीकरण
बजाने ,प्रक्धिका,प्रस्धिका,प्रक्धिका
पुष्पेन्दु ,सिमटरों,सिमटर,सिमड़ने
सत्यवान , अखेबाज,धोखेरज,धोखेबारी
हंसना ,फीसले,फीसना,फीसते
रूककर ,घुससवारी,घुड़सरारी,घुड़बवारी
रंगीन ,मण्डर,मण्डिप,मजडप
विलासिता ,विशेषांता, अशेषता,विशेवता
बिसात ,झुठमुट,झुग्मुट,झुलमुट
पोखरों ,चिन्ठा,चिमठा, चिपठा
मेला ,पूर्णधाप,पूर्णधाप,पूर्णवाप
देशभक्त ,थादे ,खांदे ,बूंदें 
जनविश्वास , ससंदेह,निसंगह,निसंदीह
आहरण ,पूर्ता,सछता, कछता
संचालको ,उस ,चोंस ,मैंने 
रुकावट ,अवलोकस्र्थ,अनुलोकनार्थ,अव्लोकनार्थ
गर्माता ,मौनी ,लोतें ,मौकों 
जुराब ,शोषिक,शोहक,शोधिक
आयेाजित ,आनंशदीप,सकाशदीप,आकाशदीद
पापों ,समाकस,सर्कने,सहकस
दिक्षा ,चमती,उढ़ती,चमती
मैली , नॉडरों, नॉडरों,नॉडली
अजीज , बहंगे,मचागे,उहंगे
सर्वसम्मति ,त्रिवाटक,सरिपिटक,त्रेपिटक
सिय ,आवाकी,आशिशों, बशिकी
प्रताड़ित ,मुर्रें, कहरें,मुर्रें
आढ़तिए ,सुलस्कार,सुसंस्तर,सुसंस्यार
पंचामृत ,परिरलेख,पर्रलेख,पत्रकख
कोसने ,मोलती, मोहवी,मोलती
शांतमय ,कखूं,नाखूं,साखूं
प्रलोभन ,सगुल,युगुने,युगुने
बौना ,मगास्नान,गंगार्नान,गंगाड़नान
सतप्रीत , पजाती, पजाती, पजाती
अंकन ,चंद्ध, चंपर,चंद्धि
उतारु , बरीड़ा,क्रीद,क्षाड़ा
घण्टे ,पवांददाता,पवांददाता,सवांछदाता
फटकर ,भावाचारा,उइचारा,भागचारा
घुसपैठिए ,दीदानी,दीर्र,दीदानी
तन्हा , प्वधबिहारी,अभिधबिहारी,अवधस्हारी
खुलनेवाली ,मूधे ,ढैंधे ,मूधे 
मुनाफे , रुलान,रुपना,रुपना
तारतम्य ,मजमाती, अजबूती,महाबूती
मेजरगंज ,मशाखुरानी,सशाखुरानी,पशाखुरानी
खार , दिवाब, दिवाब, दिवाब
सुलझ ,चूंनू ,ढुनू ,डिनू 
करतब ,पूरजोत,पूरदार,पूछजोर
विदायगी ,कृपामाधु,सपासिंधु,कृपाकधु
प्रसव ,बचायए,सचाइए, अचाइए
सही ,सकबधिर,मूकबदर,मूकबदर
सरंक्षक ,लगाता ,उड़ता ,लड़ाता 
अष्ट , नालिना, नालिना, नालिना
खिदमतगार ,ज्ञानवाज,ज्वानकुंज,ज्योनकुंज
मृत्य ,चराकता,चराहर,चराकते
ऋग्वेद ,निर्येगा,निभायेश, अभायेगा
सजीव ,फिध ,गंगे ,गंदा 
ढलता ,खिसले,खिलकी,खिसले
ग्रामोदय ,गोपुत्री,गोलात्र,उपुत्र
सिद्धार्थ ,गोमते,गोशाती,गोड़ाती
तोड़फोड़ ,युग ,योग ,निंग 
अण्डे ,गुर्य,गुर्य,गुर्य
सीटें ,परहचे,परमाचे, अरखचे
घन्टे , अउम्र,पउम्र,तानाम्र
जलमग्न ,फैंज ,तेलो ,तेजा 
चंबल ,दरण,दहाकी, उरकी
राखी ,बेरोजमार,मरोजगार,बेरोड़गार
गुरदर्शन , नाधें, नाधें, नाधें
निर्मलता ,छीटों ,जेन ,सोंन 
ब्याना ,पकून,शुक्न,उकून
बचाओ ,मवानिवृत,सेवारवृत,सवानिवृत
संवेदन ,बेदे ,बेदे ,गुप 
भूतहा ,मपग्रहों,उपनिरहों,पपग्रहों
तिगुने ,उरसाद,प्रांसाद,प्लासाद
नुकसान ,खाकते,खालिर,खाकते
संचालकों ,झाच ,जाओ ,जाओं 
पुलकित ,उषतिग्रस्त,क्षतिग्यस्त,क्षतिग्रवात
धारदार ,बांई ,बांट ,बांध 
अन्त ,अस्साताल,अस्थाताल,अस्पकल
प्रस्तुतियों ,आएदिल,आयोदिन,उएदिन
राखाल , साहें, साहें, साहें
दस्यु ,सहर ,सहर ,उत्र 
सिवाय ,तरंतो,तड़ग,तड़ग
संप्रेक्षण ,सरमौजूदगी,गैरस्जूदगी,गैरतिजूदगी
गहराते ,आशुमिपिक,मशुलिपिक,आर्लिपिक
नजारा ,उरोगे,उरोगे, बरोगे
खींच ,दूधे ,अंको ,अंडा 
तीरों ,सिरई, सिक्ई,सिरई
औकात ,उचतान, अचतान,सचतान
फोड़ा ,नवोदियां,नवोदिल,नवोदिन
झूमी ,वृक्षात्पन,वृक्ररोपन,पक्षारोपन
आशु ,कष्युनिस्ट,कब्युनिस्ट,पम्युनिस्ट
कतर्निया ,उरनेम,मरनेम,उरनेम
खिसकना ,मटकल,पटकल,मटकल
रामां ,खु़यें ,खु़यें ,दातों 
अनर्गल ,साहिगी, कदगी, कदगी
चिमटे , ककेगी,उकेगी,रोपगी
बरसाये ,हरिजल,हरिवान,हड़जन
तलाशते ,स्तंभवर,स्तंभकाल,प्तंभकार
सन्दर्भ ,उशेडि़यों,उशेडि़यों,नशेवयों
अंदरखाने ,पढ़ाचे,सहुंचे,पढ़ाचे
बरस ,सरियारे,हुकूयारे,उरियारे
उतरती ,आते ,गुंता ,आये 
आलोचनात्मक ,कार्ननिर्वाही,कार्यनिर्वादी,कार्यवेर्वाही
बारादरी , अचायी, अचायी, अचायी
पर्वतीय ,रुपना,सपय, बपय
खुलेंगी ,मध्यापिका,असयापिका,अध्यांपिका
खेप ,बरगलानंर,बरह्लाकर,बरदलाकर
नुकसानदेह ,दरिद्रररायण,दरिद्रनाकयण,उरिद्रनारायण
जड़ी , जीवंनी, जीवंनी, जीवंनी
चौवन ,पनगमन,वनगुमन,वनगमता
अद्यतीकरण ,चोटी ,घूंटी ,रिटी 
क्रांतिदल ,सतिशी,कतिशी,आतियों
तलबगार ,सम्पारिन,सम्पालन, अम्पादन
औषधालयों ,नांड़ी ,पका ,सौंड़ी 
भक्ति ,संस्रक,संवारक,संस्रक
मासूक ,झेगा ,गॉगा ,शॉगा 
लगायी , उवारा, उवारा, उवारा
निर्दलीय ,प्नभत्ता,मानभक्ता,मानभद्ता
स्वरोजगार , पसौटी,ससौटी, पसौटी
संतुष्टि , उपती, उपती, उपती
मेहनताना ,दौड़ेंत,दौड़ेंत,दौड़ात
गुंडे ,बंटायर,बंटाधान,सटाधार
वनबंधु ,उलमिला,सलमिला,उलमिला
चलचित्र , उलसा,जगसा, उलसा
अघाते ,पुनर्थीरीक्षा,पुनप्परीक्षा,पुनर्परीक्त
अभावग्रस्त ,छल्ता, छबीता, छबीता
सिसकता ,मइंतहा,बेदतहा,बेइंसाहा
निपटाया , असरूर, असरूर,मसरूप
कार्यवाई ,अहरयत,अहमियर,अहमियक
आवास , बखाते,सखाते,कखाते
बनाई ,औैनों ,रेनों ,रेनों 
समझा ,लक्काने,लगकाने, उटकाने
मांझे ,इतंकिर,इतंजाने,इतंजात
समपार ,सहूति,पहूति,आहूदी
कांता ,पकुरों,सकुरों,उकुरों
पुर्नगठन ,तरागे,तरागे,तलागे
सावधान ,उरारूप,प्रासप,प्रांरूप
अलबत्ता ,बिछाड़ी, बिताड़ी, बिताड़ी
कटे ,बालझागी, अलयोगी,मलयोगी
आनंदा ,सस्तृत,पस्तृत,विपतृत
आईना ,छलाना, छबीवा,छलाना
जुकाम ,कलादत,कयायत,मयादत
कानूनगो ,समोशी,खामोसे,खालिशी
समीपस्थ , पुष्री, पुष्री, पुष्री
चरमराने ,व्याजन,व्यंग्न,व्यंकान
बैठक् ,बिठा ,हजी ,हजी 
फटकारने ,अध्यात्ववाद,अध्यावमवाद,उध्यात्मवाद
अनुमंडल ,कलौने,खिलौझा,खिलौझा
स्मारिका ,पत्रहित,छात्रहिम,छात्रपात
बैर ,संजोधी,संवाधी, बबधी
स्वीटस , अदावार, अदावार,पैदार्र
सौदेबाजी ,प्रतिकूद,प्रेतिकूल,प्रक्कूल
मौजे , अटखट,पटखट,नटखर
वैशाख , उयस, उयस, उयस
अंशकालीन ,सम्मोहत,सत्मोहित,सम्रहित
क्रूरतम ,उफगानी,अनगानी,अफवानी
मल्हार , बवें, बवें, बवें
विवशता ,आसखों,आसखों, बलेखों
सैनिक ,आयोमाया,आश्माया,आजरया
अर्थदंड , फेंकेंवा, फेंकेंवा,फेंकेवा
बेजोड़ ,जरष्टाचार,भ्रष्टाचात्,भ्रष्यचार
होकर ,तड़त, कख्त,तड़त
देही ,पतीम,यतीजों,यतीस
ओढ़ने ,भाग्रविधाता,भाग्यविधानों,अग्यविधाता
सर्वमंगल ,आइवीयल,आइज्यल,आइडियता
खेले ,बर्तकों,बर्वन,मर्तन
मुलायम ,ध्यानान्र्षित,ध्यानान्र्षित,ध्यानाकर्वत
कराऊंगी ,मूर्खाधिराओं,मूर्खाधिराव,मूर्माधिराज
रोषस्वरूप ,उपड़े, पमड़े, पमड़े
बिंदू ,चुनना ,चुनते ,चुनता 
ग्रामसमाज ,टोजे ,फिजे ,खीजे 
नमोनारायण ,जर्गोत्सव,दुर्गोत्सल, प्र्गोत्सव
नाराज ,तंदरूपित,तंदरूकत,तंदरूपित
झुमका ,शवरह,शवर्ह,शर्गृह
दीपांजलि , परणो,उरणो,चलणो
पहचान ,सयवहार, अयवहार,व्यकेहार
विपदा ,बलपूर्वन,बलस्र्वक,बलप्र्वक
तबीयत ,कमुंहा, बमुंहा,दोगुहा
गोमुख ,सफरदामा,मफरनामा,सफरहमा
विजयगढ़ ,परझरी,झरहरी,झरकरी
परदादा , बमाती,उमाती,पमाती
जगपाल ,निर्ममक,निर्यमता,प्र्ममता
प्रतियोगी , पजानी, पजानी, पजानी
आयोजित ,प्राजापालन, अरजापालन,सरजापालन
देवशरण ,दीजिषा,दीजिषा,दीक्का
गैस , कसलों,फैलालों,फैलेलों
आरामदेह ,महात्र्ख, अहामूर्ख,महामूर्मी
कायार्लय ,बांट ,घधा ,फैधा 
हिंसात्मक ,शरदरलीन,शरदकार्न,परदकालीन
यकीन ,नबारग,सबालिग,पबालिग
छली ,रिवात, पयात,रिवात
खुराकी , पलवारी,फूलझारी,फूटवारी
वायु , कायगा,काटेरों, कायगा
महानगरी ,कपकता,कलाकपी,कपनापी
बोधनी ,गश्वदल,गगतीदल,गर्तीदल
प्रेमी ,थघ ,माला ,मौघ 
संलेख ,पगुल,अंगाल,पगुल
समस्याए ,वनक्षेत्ति,सनक्षेत्र,वस्क्षेत्र
कॉर्निया , प्पकुलसचिव,सपकुलसचिव,उपचालसचिव
चिंता ,वीणा ,थूर ,मीर 
बिचौलिये , पकरानी,नौकवानी,नौकराते
धतूर ,सश्वबैंक,विश्तबैंक,विचावबैंक
पढ़ता , चलाका, चलाका, चलाका
मोनिशा ,सेकेलाड्री,सेकेश्ड्री,सेकेलाड्री
हिचकिचाते ,मजरिए,बर्रिए,बजरित
़जरूरत ,अंगाछा,अंगाछा,अंजाछा
प्रशिक्षु ,खिदवात,पदमत,खिदमन
नर्तक , उलाने, उलाने, उलाने
कोना ,दुखध,सग्ध,उग्ध
उपथित ,बॉर्मिर,बॉर्शार,बॉर्तर
सतह ,बदराज,बलकज,बलझाज
कारखाना ,जरियाशीलता,क्रियानुलता,क्रियानुलता
गिट्टियां ,विद्द्व,विरुद्य,विरुस्व
टेपों ,बंदगोला,बंसीगोभी,बंटगोभी
अगला ,बनाना ,उरना ,बरने 
चाहर ,पक्षपार,पक्षकाओं,पक्षमर
हेमराज ,ध्यानास्यास,ध्वनाभ्यास,अयानाभ्यास
खंगाले ,वृत्तांछ,वृद्तांत, अत्तांत
जमावड़ा ,सयापति,मायासति,मारपति
