﻿valid,invalid1,invalid2,invalid3
शोकसभा ,सहगा,उकूंगा,सजागा
पदनाम ,फके ,धृके ,फेके 
अभिजोत ,भण्पायी,भण्पायी,मरपायी
उर्वरकता ,झपट्रोमार,झनट्टामार,जपट्टामार
एकतरफ ,मार्गशीलष,मार्गशीलष,मार्गशीर्ति
अनामिका ,उबाब,उबाब,उबाब
असलहाधारी ,पिटा ,पिता ,पिय 
जातीय ,कखो, बाखो,बखो
सुकृति , नाढ़, नाढ़, नाढ़
थप्पड़ ,सुद ,सुद ,बूंदें 
क्रिकेट ,सगालते,खंगालन,खंडलते
मंत्रियों ,फोध ,लांध ,सुई 
गवाएं ,बीहने,बीतरा,बीतरा
कूदा ,प्लमटोल,टालमगाल,टालमराल
रंगमंच ,लाभचिंरद,लाभपारद,लाभाप्रद
घुसना ,बढ़ाशा,बढ़ाशा,उताशा
अनुष्ठान ,महत्रों,पहत्व,मनोत्व
टैक्टर ,रहकता,रहकते,रहलार
अंतपुर ,सहल्र्मियों,सहनर्मियों,सहकरामियों
अनमने ,शूटता,शूटना,शूटती
संवत ,उत्रना,उभारण,उलरना
दुल्हैंडी ,अवर्ष,अवस्ष,अवस्ष
सिराज ,बाथरूर,बागरूम,बाथलीम
मजहब ,फेरे ,ढुक ,औंक 
पंचो ,विधार्का,मधायिका,विरायिका
काजल ,सीरियास,सीरिजस,सीरिवास
हिन्दी , कनती,सुलती,सुलती
जनअदालत ,निगड़ने,निपलने, सगलने
बेमतलब , सगाया, सगाया,उमया
नाविक ,जुबाद,जुबाद, जुल्न
बचाया ,उजोन,ओढ़ान,ओजोरी
असलहे , कजारू,उजारू,बारिरू
धार्मिक ,छानरों,छावरों,छाएरों
दारू , अवर्टर, अवर्टर,इंजेर्टर
़खत्म ,सनुवादक,सनुवादक,अनुवादगी
पैदा , उनोली,सनोगे,सनोगे
तब्दील ,युवादयक्ष,युवानियक्ष,युवाध्यकाष
मनायी ,इंडियामार्मी,पडियामार्का,इंडिटोमार्का
गणितज्ञ ,उपस्थती,उदस्थिती,उद्स्थिती
अशुद्धि ,मव्यता, सव्यता,दिलयता
पीत ,फूलमात्ती,फूलपयोती,पलपत्ती
सदाचार ,श्रेरश, अरेयश,श्रयश
दशक ,गोष्ई,गोसाने,गोष्ई
जबानी ,महापुमय,मतत्मय,प्हात्मय
पुरुषों ,मकलेंगी,निभालेंगी,उकलेंगी
तलवारबाजी ,जनजाघय,जनसंतीय,जनसंतीय
छापामारा , पहाए, पहाए,ढहारा
देशविरोधी ,ठेधा ,कंघी ,कंडा 
बन्दूक ,रील ,चीना ,चीता 
बाड़ी ,स्वाहिति,स्वार्ति,स्वार्ति
शावकों ,नगने, उगरी,नन्री
व्यवसायिक ,प्रविधिटि,प्रस्ष्टि,मरविष्टि
लेंगी ,कांकय,कांकय,कांकय
उपवन , पलदार,फूलदारी, पलदार
चुकानी ,जहरखुरार,जहनखुरानों,जहलखुरानों
प्रयोजन ,विकासमरी,विशेसकारी,विकासचिरी
फ्रेंचाइजी ,ज्येनवीर,ज्येनवीर,ज्ञानवार
सरोबार ,गुलाबधन,गुरूबधर,प्लाबधर
उपमण्डल ,मुख्हरम,मर्हरम,मुस्हरम
डरना , डण्या, डण्या, डण्या
गर्वित , सठाने, सठाने, सठाने
कार्यदिवस ,सलाशयों,पलाशयों,जलाएयों
वृत्ति ,पषित,दूल्त,दूधित
विभूति ,स्वराण,उवर्ण,स्वस्ण
पटे ,महीली, बझली,मचाली
अंबे , पम्मत, पम्मत,हिम्हात
थोपे ,दुग्गाष्टमी,दुर्गावाटमी,जर्गाष्टमी
नक्षत्र , उहाल, उहाल, उहाल
गुणवत्तापूर्ण ,अंधेना,अंगते,अंधेना
तेजपत्ता ,पलपकर,मलटकर,पलपकर
अदूरदर्शी ,चूँजा ,विजा ,भेजीं 
ढंककर ,शस्राध्यक्ष,शहराध्यक्ति,शस्राध्यक्ष
छड़ी ,बर्बाड़ी,सर्बाद,बर्मिद
अभिवंचित ,उपमुख्यकत्री,उपमुख्यमंत्व,उधमुख्यमंत्री
समल ,कृपानास्यण,कृपानारायर,कृपातरायण
घटाएं ,गोभी ,शुभ ,शुरू 
ओवन ,पिलारे,पिटरे, सटारे
बौखलाये ,महरीरें,पहरीरें,उहरीरें
मेहरबान ,लेगें ,लेप ,लैना 
हटाएगी ,प्त्यानाश,सत्रानाश,सत्यात्श
अदायगी ,दरिश्र,दरद्र,परिद्र
कंटेनर ,सजारे,सजारे,सजारे
मनू ,अनशनस्त्ल,अनशनस्तल,अनस्नस्थल
शाहबाद ,उजनाएं,योजमाएं,योद्नाएं
चटकीं ,माइक्रोद्फ्ट,माइकोरोसॉफ्ट,माइक्षेसॉफ्ट
खेतिहर , अदगाह,ईदवाह,ईदगारी
शयनयान ,पहनीत,परवात,पकनीत
अंजीर ,ग्रकण,ग्रहर,ग्रवाण
परिवर्तनशील ,सुविवशुल्क,सविधाशुल्क,सुविवाशुल्क
यांत्रिकीकरण , कठकों,बैनाकों,उठकों
खींचे ,दायी ,फेंम ,दागे 
रुदौली ,प्रवधाता,प्रतिक्ता,प्रक्क्ता
घुटता , कलिकों,सलिकों,उलिकों
नंदोई ,कलेक्शरी,कलेक्ट्ठा,कलेशंट्री
देररात ,पभोर,सभोर,पभोर
बुझे ,महंका,महंका, मचाका
पनवारी ,क्रह्बद्ध,क्रीमबद्ध,क्रमसद्ध
प्रेरणा ,कसचे, कमाचे, कमाचे
नरबलि ,गोमूत्व,समूत्र, अमूत्र
लालू ,पभिनय,अभियोय,अभियोय
पोत ,उखता,उखता,दिहाता
खिलाएगी ,खुरपर,खुरपर,खुरापका
मायूस ,रहनातें,सहमतें,उहमतें
विमुक्ति ,ओलंस्वी,ओजस्या,ओटीस्वी
उभरता ,नीडे़ ,टडे़ ,चैडे़ 
सिधारी ,पवकुंड,उवकुंड,शिवकुंभ
कपडे़ ,मुक्तिष्रण,मुक्तिकरत,मुक्तिकरकों
जीवित्पुत्रिका ,सांख्यिका,सांख्सकी,सख्यिकी
हुजूम ,मक्सल,एक्सरों,एक्टल
नवासी ,उनीत,उनीत,उनीत
तारीक ,पलनो,पलनो,पलनो
करनेवालों ,सनसेवा,मनसेवा,जनदावा
राजमिस्त्री ,सच्छाईयों,अच्छाधायों,अच्छाईसी
दिलाती ,जगभरी,जलझरी,पलभरी
भूषा ,चेताएनी,चेताएनी,मतावनी
सन्मार्ग ,निसंदेच,निसंकोट,निसंकोण
बेपटरी ,पदस्षेप,सदक्षेप,पदलषेप
गायिका ,श्रीयंवर,प्रीयंत्र, अरीयंत्र
ऋतुराज ,गदाधन,गद्धर,गरधर
जनकल्याण , संजोरा, संजोरा,संबंरा
विश्वसनीय ,हड़वाया,हटपया,हटकाया
खेती ,सभावने,पभावने, अभावने
पुरूषों , करीफ, करीफ, करीफ
शिक्षिकाएं ,टिग ,ढंके ,टिग 
घिनौना ,रोचकती,रोजकता,रोशकता
बचपन ,हांप ,कांता ,कांच 
खप्पर ,वीरहमि,वीरहमि,वीरभूत
आक्सफोर्ड ,भौंकी ,चंद ,चंद 
कतई ,भूखण्या,भूखण्या,भूखलाड
पुकारी ,सौभाध्यवश,पभाग्यवश,सौभाग्यवाश
सकला , अस्टेबल,कांस्टेयल,कांस्तबल
वसूलता ,छुटा ,लौंपी ,लैपी 
प्रखंडों ,प्रदूषणामुक्त,प्रधाषणमुक्त,प्रधाषणमुक्त
क्षतिपूरक ,खंभों ,नीती ,सा़ती 
कैंब्रिज , डांसते, डांसते,डांडिते
संच ,थघ ,संघों ,संघों 
रवि ,धनसान,धनसाया,धड़सार
मोच ,बर्वान, उलवान, उलवान
महाकुंभ ,कछड़ा,सछला, बछला
लिटा ,आपातर्लीन,आपातकारिन,आपाध्कालीन
परिधि ,पर्मोधर्म,परमोधकीम,परमोधर्य
कार्यवाही ,लड़खा,उक्खा,लड़खा
हलवाई ,रूखे ,गोके ,रूचि 
खोल ,रौशव,रौशव, रौनन
वफा ,चूल्ने,चूल्ने,चूल्ने
धार ,पटोकापी,फोटोकारों, अटोकापी
गला ,ममियाना,शार्याना,शामियात
बेस्वाद , अन्दगी,जिलादगी,सन्दगी
पुष्टी ,मिसाइए,मिसाइए,मिठाइलें
धवस्त ,परिभाषिका,परिवाषित,परिभावत
माली , अत्थान,उपथान,मत्थान
जांबाज , पवराज,शिवराते,मवराज
परेशानियां ,लुप्र,लुभात,लुटेत
वार्डब्वाय ,संगीन्नता,संपनानता,संपन्विता
लहराई ,सिकुकी,सिकुकी,सिकुकी
चींटी , प्बेडकरवादी,अंबेडलारवादी,अंबेडकतवादी
जानने , वित्रों, वित्रों, वित्रों
कोहरी ,महलने,टहनने,उहलने
कक्षाएं , कयज,जानज,पयज
व्यवसायीकरण ,जीवइपी,जीआछूपी,जीआवपी
फांदने ,गिनना ,गिनाना ,गिरण 
अनुदानित ,फड़ ,फड़ ,भटा 
मधुरता ,पहासचिवों,पहासचिवों,पहासचिवों
राजकोषीय ,हैजे ,नौंजा ,चूंजा 
संजोकर ,बनसेगी,बरमागी,बरहगी
धंसते ,सहस्थाधारा,सहलरधारा,सहस्रबारा
अलविदा ,सीमेण्ड,सीमेटट,सीमेण्या
भूगर्भीय ,बंकते, बंधर,बंटार
कल्प ,चूँगा ,भगा ,रुगा 
रखाव ,सरिस्थिति,पर्स्थिति,परियाथिति
खीरे ,न्यूक्लिपिर,सयूक्लियर, प्यूक्लियर
क्रीडा ,जनहिया,जनहिया, सनहित
सौतेलापन ,बमि,बमि, बामि
खुशकिस्मत ,समियों,पमियों,कसयों
किला ,मल्पतरु,कमपतरु,सल्पतरु
सर्वानंद , महंके, महंके, महंके
पेंच ,चाहेंदी,चालागी,चालागी
बिठाकर , नासें, नासें, नासें
बचाती ,मस्थाई,अनथाई,अनथाई
प्याज , भगाटी, भगाटी, भगाटी
ठिठुरते ,जबर्दस्था,जबस्दस्ती,जबर्दस्थ
सदगुण ,परडे़, बकडे़,उकडे़
परिणय , अंतना, अंतना, अंतना
रेणूका ,पहगामी,उहगामी,सहनमी
बालिक ,पुर्पगुच्छ,पुष्पक्च्छ,पुष्पराच्छ
दुपट्टे ,शुद्धीकरकों,जद्धीकरण,अद्धीकरण
अदन ,लड़के ,लड़के ,लड़ते 
कीड़ों ,परन ,अहन ,उहन 
ठंडाई ,शास्हार,शामिहार,शाकावर
खननकारी ,बुरान्द,बुलझद,बुलान्द
आयुर्वेदाचार्य ,टरकाओं, परकाने,टरवाने
हुनरमंद ,हटओम,परिओम,हरिओगे
गुनगुनाने ,क्व ,नींद ,नींद 
गंवाई ,कचहत,कचहन,पचहरी
इफ्तिकार ,आत्मर्ध,आत्यबोध,आत्मगाध
प्लेटिना ,खात्य,खात्तों,खास्मे
भरभरा ,छत्रधक,छत्रवार,छत्रधता
आलिम ,सजना ,समान ,अजन 
उघोग ,विदेव, विचाश,विदेव
चलेंगी ,मारपीटजर,परपीटकर,मारपीटकल
लुभावनी , उजाने,खजारों,खर्ने
हड्डी , मरमाने,गरमान,गरमानों
लोट्स ,उठरी,सठवा,उमवा
सामान ,उहिलाएं,उहिलाएं,महिलाते
स्वरचित ,इंवरलाक,इंटरलाल,इंसारलाक
मस्जिदे ,जीतरा,जीतरा, जीतेता
काग ,बताले, सदले,बताले
झगड़ने ,सदुए,पदुए,तेंदुषी
प्रोत्साहित ,निरह्क्षता,नित्पेक्षता,सरपेक्षता
त्रिकोणासन ,मोहस्रमा,मोहतवामा,मोहतरण
कविताओं ,गृहमंत्व,गृहरत्री,गृहमंत्व
बाइज्जत ,दबेले,उबेगा,दबागा
जाति ,शाहल्रकंडी,शान्पुरकंडी,शाहस्रकंडी
फेंकने ,उलदला,दहदला,दहदला
इंकलाबी ,शिक्पाल,शिशुपार,शिक्पाल
मैन ,सेवयूट,सेवायूट,सेक्यूट
अंक ,आरोपरात्र,आरोपपत्त,आरोपपट्र
पासबुक , विसानी,विसाने, विसानी
खिलाना ,शौहा ,पांहा ,पोता 
सौगात ,शागिगंज,उहगंज,पहगंज
बंजरबाग ,हृदयघालु,हृदरघात,हृदस्घात
बांटेगा , उमना, उमना, उमना
नन्ही ,गणतन्नर,पणतन्त्र,जणतन्त्र
पानीटंकी ,पललू,पललू, परलू
भौगोलिक ,तौठा ,तौठा ,तौठा 
ठिकानों ,आवासवान,आवासमन,आवासचिन
प्रत्यायन , अरत्युत्तर,प्रेत्युत्तर,प्रत्यात्तर
बिंदु ,रिहाकशी,रिहाकशी,रिहाड़िशी
गाडि़या ,अजियोथेरेपिस्ट,अजियोथेरेपिस्ट,फीजियोथेरेपिस्था
बाईं , हलाएं, हलाएं, हलाएं
संदर्भो ,चोकना, चोटिर, चोटिर
अखंडता , उलनी, उलनी, उलनी
प्रणाली , कगला,मंत्ला,मंत्ला
समूल ,जादूरुक,जायरुक,जायरुक
एकांत ,उपूत,कपूजी, बपूत
नियोजित ,गुनशरण,गुरुस्रण,गुरुशरम
जागते ,ठूजा ,पूछें ,पूती 
समूची ,लगयित,ललाकत,ललाकात
भव्य ,सरीय,वसूय,वरीब
मेडिकोज ,सुलना,सुझाभ,सुलते
हंगामा ,पगाती,सगाती, कगाती
लोक ,सगकर,सगकर,भींगवार
भ्रामक ,सोस ,फेंस ,सोस 
दुलर्भ ,चित्रहखा,मत्रलेखा,चित्तालेखा
बंदीरक्षक ,छल्जा,छबीजा,छज्यों
मारे ,उष्टांत, अष्टांत,दृष्ठित
परमात्मानंद ,प्रला, उयाला, उयाला
स्वायत्तता ,फरा ,धौंरा ,घिरे 
घण्टाघर ,संधारों,पधाली,उधाली
सुखदेई ,नींव ,बॉद ,बॉद 
