﻿valid,invalid1,invalid2,invalid3
जगमगाती ,हॉटा ,फेटा ,हॉटा 
अविष्कार ,जयक्गला,जगमंगला,जयमंजिला
रिपूदमन ,उखती,उखती, कखती
सर्वे ,टक्षिर,टरकर,टक्षर
बक्शीश ,नशों ,पीेवी ,नशों 
पर्यटनस्थल ,टीएदिटी,टीएमत, अएमटी
उन्नयन , अलखंड, अलखंड, अलखंड
भागेगा , प्लाहाबाद,इत्हाबाद,इस्हाबाद
कहासुनी ,सिक्ने,सिकुने, कखाने
मुख्यारोपी ,पारम्पक्क,पारम्पर्क,सरम्परिक
आसमानी ,फुफेदा,फुस्रा,फुफेदी
अपेक्षाएं ,मपद्रव,मपद्रव,उपरारव
गूंजेगी , उलाप,विकाप,विधाप
भगवाना ,धनकने,धसलिने,ससकने
निष्ठावान ,ताजपोत,सजपोशी,पजपोशी
ममेरा , उहला,टशला,टशला
स्याह ,टिका ,छैका ,छैका 
सहानुभूतिपूर्वक , झंडिर,झंकृर,झंकाना
शिरकत , कुर्न,कुल्न,कुल्न
फटकारीं ,जीवनकाओं,मवनकाल,जीवरकाल
जीत ,साइफट, अइफन,साइफलों
गणमान्य ,रूपेरे,रूमाण,रूकेण
दुख , रस्र, रस्र,रबले
प्रांतीय ,यातनाई,यास्नाएं,यातरएं
लोकगायक ,रसीगी,उखेगी,उखेगी
विश्वदीपक ,बुंड़ ,बुंड़ ,गारा 
कॉरपोरेशन ,डराकना,डरावत, मरावना
मिन्नतें ,लुरी ,छूना ,लुरी 
दिशासूचक ,सुलवाएं,सलझाएं,सुलकएं
स्वामियों ,मलीथिन, अलीथिन,उलीथिन
सूखे ,रेशेड़िर,रेशेड़िर, अशेदार
मोटापे ,सेक ,शोलों ,चुक 
गुफा ,छायाबीन,छात्बीन,छात्बीन
रशीद ,मचाज,मरीबों,मरीबों
ज्ञापन ,सिरमारे,मरफिरे,उरफिरे
अध्यादेश ,उखरने,उखलाने,उपड़ने
सम्मान ,पोता ,पोह ,पोल 
लताड़ा ,अस्वीकृर,अस्थाकार,अपवीकार
कानूनगों ,फेहरिक्त,फेहलस्त,फेडरिस्त
स्थापना ,अन्नास्वास, प्न्नाधिवास,अन्नाधिवार
सृंजय ,पमले,मालिले, बमले
सप्ताहभर ,प्शम्भर,पशम्भर, अशम्भर
सम्राज्य ,पभद्र,अभद्धि,अभद्ध
बट्टे ,फाड़लें,फार्लें, बइलें
उपनगर ,सप्पनभोग,छप्पत्भोग,छप्पराभोग
उपमंत्री , अत्विक,सात्तक,साइविक
मानसिकता ,सष्ट्रपिता,राष्ट्सपिता,राष्ट्रपियों
इनामों , हंगाता,हंबता, हंगाता
प्रकट ,नृदा ,माँदा ,वॉदा 
टहनी ,राजवाति,राजवाति,राजवाति
फरमाते ,छींस ,ठूंठ ,जुस 
सत्यम् ,बायकारों,बायदाट,बायकार
कैबिनेट ,ममारकी,स्वीरकी,स्माककी
सहभागिता ,हिंदपीटी,सदपीढ़ी,हिंदवाढ़ी
जहाज ,तोल ,वॉला ,तोल 
संग्रह , कधेंगी, कधेंगी, कधेंगी
योद्धा ,शोभास्मान,शोभायमानों,शोरयमान
जाऐगी ,फौवां ,नये ,एेवां 
प्रदर्शन ,प्द्यान्न,खद्यन्न,खरीयान्न
बंटना ,सुहागना,सुहाड़िन,सहागन
पुलिसकर्मी ,बनना ,चुनते ,चुनाना 
लूटी ,उराण,उराण, सराण
सदस्य ,पदमात,खिलमात,खिदर्त
पेंचीदा ,कखेगें,रसीगें,उखेगें
घुमने ,ढाता ,तोडे़ ,तोड़े 
अच्छों ,सेवानिर्त्त,सेवानिवृत्रों,सेवादवृत्त
वास्तविक ,दिव्वदु,पव्येंदु,मव्येंदु
भंवर ,उइंदा,आददा,आददा
मिटते ,पचंभे,अगभे,उचंभे
बंगलादेशी , शरने, शरने, शरने
भिखारिन ,सद्याव,सर्भाव,सद्रिव
चखकर , उवात, उवात, उवात
व्यावसायी ,डोंगा ,चंगी ,पैगी 
तमाशे ,अकालण,अकालण,अकारती
बुनियादी ,नच ,सींचा ,वंच 
जीवन ,कगेश,अंगेगे,अंधेश
पचांयत ,पग्ध,कग्ध,मुर्ध
दारी , अहबोले,मुंहनले,मुंहनले
तरीके , कठने,उठरी,उठरी
संभावनाएं ,सूची ,सूख ,सूबा 
गजाधर ,नौची ,नौची ,सोया 
दपंती ,छांसी ,तांसी ,छांसी 
मुखौटा ,लिटी ,बोल ,लिटी 
समारोहों , रूपते,रूढि़ते,रूढि़ते
अम्बुज ,कौंली ,फंाली ,डाट 
नीलाम ,मुदगित, अदगिल,मुस्गिल
चित्त ,निर्देदाक,निर्देसिक,मर्देशक
अधिवर्षता ,फिल्ला,फिल्हा,फिल्ले
उबरना , सटावा, सटावा,इशावा
चुकाएंगे ,रजिस्थिरों,मजिस्टरों,रजिस्तरों
सत्ते ,गाए ,गाए ,गाए 
बाधित ,मलमनी,फूलझनी,मलमनी
दूग्ध ,उचेगा,उचेगा,उचेगा
प्रगति ,सकृतिक,सांख्तिक,सांयतिक
अवज्ञा ,अन्तर्शत,जन्तर्गत,अवतर्गत
सुनानी ,गारंमेंट, अरमेंट, अरमेंट
कमलाकर ,स्केलग,स्केतग,स्केलग
कटाए ,विधाह,उवाह,उवाह
उड़ाते ,हिंओ ,ढूंओ ,जीता 
नवगठित ,तेध ,नीेध ,रुंधे 
राजयोगी ,धधना,सधका,कधका
सुकुमारी ,सयवस्थाएं,व्हावस्थाएं,जयवस्थाएं
सोभा ,तुड़ ,फांड़ ,बाड़ 
मिलजुल ,चंचने,चंचना,चंचना
निखरेगी ,इनाने,इनाने,इनाने
दिलवाएं ,दुहर ,दुहरे ,कहने 
झरोखा ,गूट ,रांट ,वोटें 
उपलक्ष्य ,साविधारी,साक्त्री,सावितीरी
स्टंटमैन ,अभिहाज,अनुहाज,अलवाज
अर्थनीति ,उमाए,कसए,उमाए
भागना ,तब्तिली,तहदीली,तब्दीप
झूलने ,मूसयवान,मूल्हावान,मूल्हावान
सचिव ,तफनश,सफतीश,सफतीश
कवि ,जगाना ,जगता ,जलना 
ददरी ,दोस्सी,दोस्सी,दोस्सी
सलिल , सानें, सानें, सानें
बांया ,बौटी ,फाँटी ,सटे 
मुख्याध्यापक ,फंडो ,शिडो ,जुटें 
वृत ,निरीवाचित,निर्वाचियों,निर्वाचियों
ढाणी ,डूबरू,डूबरू, डूबेंने
इंचार्ज ,कृपाए,पपाण,कृपाए
कालिंदी , अपस्थति,उपराथति,उपराथति
मखना ,हैण्डपत्पों,हैण्डपक्पों,हैलीडपम्पों
ग्रूप ,कुलझत,कुचवंत,कुरवंत
प्रणय ,संस्थागरी,मस्थागत,संस्तगत
इल्जाम , अरीमद्,श्रीराद्,श्रीराद्
ठहरने ,महानभाव,सहानुभाव,महापभाव
लब्ध ,उतदान,उपकन,उलदान
बाक ,व्यकेस्था,व्यक्स्था, अयवस्था
खुदवाया ,हड़फनामे,हमफनामे,हमफनामे
आसीन ,अंगयर,मपायर,अंधायर
आख्यान ,उत्रकतावश,उत्सुकतावरी,उत्सुकस्वश
तरसाया ,अपथिंग, सर्थिंग,अपथिंग
असहयोग ,लेबिर, पजर,लेजरा
फावड़े ,मालुगू, बलुम,पलुम
बुझाने ,संभात्,संभात्,संबंत्
जाऐंगे ,रेडियोगाजिस्ट,रेडियोलोजिस्ती,रेडियोलोजिस्त
धुन , कंजल,कंकाना, कंजल
ईपीएफ ,शिवास्त,शिकसात, अकस्त
भंग ,प्रोजकाल,प्रोजकाल,सरोटोकाल
सीख , कपण, कपण, कपण
हर्जाना ,कयका,नयरी,नगाका
लगाई ,संकवान,उकलन,संवालन
प्रसासन ,हाटा ,छूरी ,हाटा 
बोलें ,स्वेनान्तरण,स्वनान्तरण,स्वनान्तरण
एटलस ,इच्छाड़,इच्छिएं, अच्छाएं
चमका ,सुधझेगी,सुधझेगी,सुनझेगी
तत्वों ,प्रकक,मरतीक,सरतीक
प्रतिपदा ,दुघघटनाग्रस्त,उर्घटनाग्रस्त,दुर्घटनाकरस्त
यमुना ,प्लझाएगी,सुलगाएगी,मलझाएगी
पौरुष ,उड़ाजा,उड़ाजा,पपजा
थानाध्यक्षों ,मतरता,उन्रता,उन्रता
छपकर , बाष, बाष, बाष
शक्तिमान ,खिलौता, खिसता,खिलेता
उगला ,दरख्यास्त,दरस्वास्त,दरख्वास्था
विधवा ,पक्षाकर्मी,शिक्षाकरमी,शिक्षामिर्मी
सिखायेगी ,इनवर्टरी,इनसंर्टर,इनवर्थिर
बीत ,दोनों ,फांने ,ऐंने 
सुलहनामे ,पनुमानत,अनुष्नत,अपमानत
चरणामृत ,नगाक,नगाक, नन्क
रातों ,सजाध,कड़ांध,सजाध
जोड़ें , सलसे,झुकसे, सलसे
निर्बल , बसुरी, बसुरी,आसुधा
नज्मी ,सबादी,सबादी,आबाब
मुश्किलों ,दार्पात्र,दानपात्री,दानवात्र
बैंगन ,वृआ ,फैआ ,फैआ 
अतिक्रमणकारी ,पार्शाव,मर्थिव,पार्वव
हत्याकर ,ख़ुड ,ख़ुड ,झुंडों 
पचहत्तर ,एली ,एली ,झेल 
निम्र ,टपलता,टरलता,टहनता
संवर्ग , सढ़नी,उढ़नी,उढ़नी
पुरोहितों ,पीतांकर,पीड़िकर,पीटवार
सारगर्भित ,गुरुषारण, अरुचरण,सरुचरण
बढ़ार ,सजाहा,सजाहा, उराहा
कर्ता ,सठित, सठियों,सठित
प्रभावकारी ,इद्रहत,इद्रजीवि,इश्रजीत
नोच ,दण्डात्मणि,दण्डुत्मक,दण्डात्मय
खुदकशी ,धाराना,धाराना,धाराना
मुनासिब ,खंभा ,नबा ,खबा 
चक्की ,तड़ण,तड़ण, तलाण
परिजन ,ओलापियन,मलंपियन,पलंपियन
साक्षात् , छेड़क,छेड़ेक, छेड़क
निवेशक ,ऐथनाटिक्स,ऐथलेटिक्षा, प्थलेटिक्स
दुर्गापूजा ,ज्यातिसर,ज्योतिसक,ज्योतिभार
शरणार्थी ,भूना ,भूखों ,भूमि 
चन्देश्वर ,श्रीचस्ण,श्रीचरम,श्रीचस्ण
उमदा ,हालरी,हाजना,हालरी
जनप्रतिनिधि ,सश्रामघाट,विद्रामघाट,विश्रामघाती
तीरथ ,पठजोड़,सठजोड़,गर्जोड़
पूर्णरुपेण ,मचागे,मचागे,पहगे
लुभाएगा ,ओेगी ,भोलू ,भोर 
इमोशनल ,पूर्वमंत्रों,पूर्ममंत्री,पूर्यमंत्री
आजकल ,मध्रसंक्रांति,अकरसंक्रांति,मकरवृक्रांति
शबाब ,बिठाख,बिछख,बिठाख
अन्जुमन ,रचनात्मकरों,रचनात्मकल,रचनात्मकलों
दोहराव ,मंदावाने, सगवाने, सगवाने
धर्मप्रेमी ,दर्शबाम,दर्शनर,दलशनम
पाखंड ,बमबर,बनबम,समबम
मौजूदा ,परीड़ांषित,परीक्षियों, अरीक्षित
कलेंडर ,शांतदूत,शांतियात,शांतिदूर
पैत्रक ,मानेटमाग,मालटरिंग,मानेटदेग
बगुले ,दलबदर,सलबदलू,दलबन्लू
बवाना ,सहटे,सहटे,सजाटे
युद्ध ,पनदंड,मनदंड,मानपड
बारदाना , अवाश्म,जीतश्म,जीवार्म
जलस्रोत , प्स्थापित,पस्थापित,विशेथापित
चबा ,सर्मिट,सर्वट, अर्किट
पिशाच ,कान्स्थाबल,कान्स्टेडेंल,कान्स्टेक्ल
पूंजीवादी , बकीरें,लड़रें,उकीरें
जलाएं ,मुक्तकीन,मुस्तव्न,मुर्तकीन
नवरत्न ,पहचें, बहुंचें,पहचें
दामाद ,डेरा ,घोरे ,शेरे 
संवारते ,उपनगवाय,उपनगर्य,उपचागरीय
अर्जन ,जेठाने,जेठाये, बठानी
बाधा ,प्नशक्ति, अनशक्ति,प्नशक्ति
चेहरा , कख्ते,उख्ते, कख्ते
निर्गत ,ठादा ,शंदा ,शंदा 
नवरात्रे ,रिसाइकियां, असाइकिल,रिश्इकिल
पकाएं ,पकताबद्ध,एकतालिद्ध,एनताबद्ध
रंगों ,पशु ,चेडी़ ,पढ़ीं 
रिटेलर्स ,उशूक,सशूक,उशूक
लेगी ,वन्देप्राणी,वन्यक्राणी,अन्यप्राणी
विशेश्वर ,मल्हाल,पल्हाल,मल्हाल
रोकनी ,पधकती,धधर्ती,धराकती
बेकरारी ,गुमस्दगी,गुमचदगी,गुरुशुदगी
जलने , अण्डित,दर्डित,दण्डियों
जोंक ,सधाईयां,बदईयां,बदईयां
पंखे , बशंस,नृपस, बशंस
सवैया ,अइवर्जन,डाइवसाजन,डाइस्र्जन
पकड़ाए ,ओझले,ओझले,सझल
ठेला ,हुड़रियत,हुर्वायत,हुर्यायत
कॉलगर्ल ,जनवलाब,जनसैलाल,जनसैनिब
पर्यटन ,मरचंड,प्रहड,प्रेचंड
रिजेक्ट ,जैठ ,उंठ ,कोना 
धुलाने ,तवज्य,तवज्म,तवरजों
तोरणद्वार ,जबभागीदारी,जनकगीदारी,जनभातदारी
खाया ,तरुरर,मरुवर,तरुवत
वापिस ,पबरें,खर्रें,सबरें
पुतान ,लेरा ,छुपे ,छुड़ा 
कमरे ,ब्रह्मज्यीनी,अरह्मज्ञानी,उरह्मज्ञानी
डाकू ,हजयात्रों,हजमत्री,हजयात्व
मारेगा ,अनुद्धकुंभ,अर्द्धकीभ,पर्द्धकुंभ
अफसर ,जवदेनशील,संवदेनतिल,संवविनशील
विराजते ,बच्चादारों,बच्छादानी,बच्छेदानी
चक्कर , फांसर, फांसर, फांसर
रीत , बएगा,उएगा,छाएस
अमानती , कमित, कमित,नालित
अड्डा ,फंफूना,फंफूना, फंसेना
यादकर ,तोमा ,घुसी ,ढोमा 
सींग , अध्यांचल, अध्यांचल,विध्यांगल
