﻿valid,invalid1,invalid2,invalid3
गैरजिम्मेदाराना ,तैनाने, तैयाने,तैलीने
वीरानगी ,द्वारकालीश,द्वारकार्श,द्वारक्धीश
आविष्कार , उलाने, उलाने, उलाने
लिपाई ,दीप ,ताया ,दीघा 
माले ,निम्नगम,सम्नतम,निम्नशीम
सुहागिन ,खुदरकर,प्दवाकर,मदवाकर
छोरे ,रसीत,रक्के, कक्त
बिखेरेगी ,उक्शे,बहशे,बनाशे
अधिकता , मांगेंता, मांगेंता, मांगेंता
अरुन ,आउटग्र्सिग,आउटसोर्धग, प्उटसोर्सिग
पुष्पराज ,पभिप्रेरणा,अभिलेरेरणा,अभिप्रेरम
लायी ,मुस्रविंद,मुखारकद,मुखारकद
पुष्प ,पत्रिर,परथर,पत्थव
दौड़ाई ,पगालनी,खंगाएंनी,खंडलनी
सजे , प्र्मरक्षा,सर्मरक्षा,धर्यरक्षा
गढ़ाए ,मत्मसात,सत्मसात,आत्मसायी
मोहिता ,मूंछ ,शैंदे ,मूंछ 
जलपात्र ,सजाटे,सजाटे,समेरे
स्वागतयोग्य , बदसों,उदसों,हासिसों
अंतर्देशीय , अकराता,उकराता,टककता
चुकाए ,भौतियों,उतिकी,भौतिल
टोयोटा , सल्तानी,सुधतानी,सुल्हनी
रेलसेवा ,च्यवस्प्राश,च्यवनयुराश,च्यवनप्राम
निराले ,सुनी ,गंर ,सुनी 
सेनीटेशन ,संपाहिन,संस्दन, अपादन
अभिशाप ,सन्मदिन,जन्मदिता,जन्मदियों
झाड़ू ,बंदिब,बंटायों,बंटायों
ढ़लते ,टीलों ,कुंम ,शैंम 
नेकी ,उजिस्ट्रीकरण,रजिस्ट्रीक्रण,उजिस्ट्रीकरण
बारीकी ,आत्मगाभोर,अत्मविभोर,आर्मविभोर
दुआख्वानी ,डूबरू,डूबरू,डूबेंना
पोशाकें , अहलाते,महलाते,नहनाते
मंगलवार ,शिक्षार्य,पक्षार्थी,शिल्षार्थी
बहुजन , कछने,पूछड़े, कछने
कूडे़ ,आंसूने,आंसूने, आंवने
कुचल ,बॉस्केटनाल,बॉयोकेटबाल,बॉस्वटबाल
चीनी ,टशका,टटोका,सपका
फलहारी ,हिस्ती,हिन्ती, सलती
बिछेगी ,बखो,बखो,बखो
फेरीवाले ,खिलावाने,खिलावाने,सचवाने
सिलसिले ,पूर्यातट,पूर्वस्ट,पूर्यातट
सांत्वना ,उकझोर, अकझोर,उकझोर
मखनी ,निर्यणकार्य,नियमाणकार्य,निर्माणकारिय
बोलों , बप्र,विप्त,विप्पे
कोरमा ,टशपे,टहपे,टहपे
एकमुश्त ,ध्वंनी, उयानी, उयानी
समितिया ,हिस्सेविरी,हिन्सेदारी,हिस्तुदारी
एकतरफा ,बेलतरी,सहतरी,बेहतकों
बालकुमार , अचदेव,पंचदेशी,पंचदेशों
अभि ,मुख्यवेयापिका,मुहयध्यापिका,मुख्यध्यालका
न्यायमूर्ति ,सवारत, अवारत,उवारत
बिंब ,तराए,तलाइ,तड़इ
तस्करा ,पतीजतन,नतीजतर, अतीजतन
सेमीफाइनल ,शराबती,शरवाती,मरबती
कदंब ,स्वासबन,स्वालंदान,स्नालंबन
बदलवाने ,चुटैची,उटैल,चुभल
फिरंगी ,पजपुरोहित,राजपुरोजत,राज्पुरोहित
किलोवाट ,रहनय,रहस्वी,रहलाय
सस्वर ,सनमंडल,वनमंडन,मनमंडल
एलोपैथिक ,डीडीआरा,डीडीपार, अडीआर
कीर्ति , पहत, पहत, पहत
जांचा ,जनसुनवाद,जन्सुनवाई,जनस्नवाई
अंतरगत ,असमरथता,जसमर्थता,असमरथता
जवाहर ,पभव, कभव,विभली
खटारा ,तन्द्ई,तरहाई,तस्हाई
सभाजीत ,असुरवाषित,असुरतषित,असुराक्षित
महाशिवरात्री ,पखता,उखता,उखता
व्याख्या , पिछत, पिछत, पिछत
उर्वरता ,जोंघ ,ढेघ ,ऋघ 
वचनबद्ध ,सर्तफा,सर्शाफा,सहराफा
सुविधायुक्त ,जनशयाब्दी,जनशनब्दी,जनशतानिदी
कवायद ,रौंज ,शौज ,ताऊ 
जमा ,निबंटिक,निपधक,निकाधक
निष्ठा ,समायनगर,सत्यक्गर,सत्यनशीर
बढ़ा ,औंदा ,विभू ,विष 
उदास ,दूरदर्ण,मरदर्शी,मरदर्शी
हजामत ,काफड़ा, काफड़े,काफड़ा
तमतमा ,उरसाई, अरसाई,बरमाई
मच्छरदानी ,होशियात,उशियारी,होशिष्री
उत्साह ,जायेता,जायेता,जायेता
इलेक्ट्रानिक्स ,संदेमात्मक,संवाहात्मक,संवाहात्मक
भटकना ,कलालघाती,कलालहाटी, अलालघाटी
गोभी ,लठमानों,लटमार,लठमानी
सिखाया ,उनायेंगे,मनातगे,महायेंगे
व्याख्याता ,सातस,उईंस,सईंस
प्रबुद्धजन , पनिये,सुनियों,सुधाये
कौतुहल ,शातिक,शातिया,शातिक
धमकाना , बखिला,सखिला,उखिला
फटकारते ,पनना ,बहाना ,कनना 
समर ,उहार्द,सौभार्द,सौहाकद
गुजारता ,त्रेहार,त्योजिर,मयोहार
अरून ,हौदा ,अति ,अड़े 
आनन्द ,ममलजीत,कमलहात,कमलब्त
सौंफ ,ककंड,सेकंजे,सेकंज
लोगों , पहस,उहस, पहस
कम्प्यूटर्स ,दिखाड़गा,दिलएगा,सखाएगा
तुलसी ,एंटीबॉयोजक,एंटीबॉयोगिक,एंटीबॉयोजिक
कमाया ,शातियाना,शातिरोना,शार्राना
भ्रांति ,सस्साए, अस्साए,गुजसाए
स्तब्ध ,राहफलें,राजफलें,राइफत
घड़ा ,रूच ,पंगु ,टीच 
मातारानी ,गालीस्लौज,गालीगतिज,गालीवेलौज
जगतगुरु ,उनूनी, पनूनी, पनूनी
लपट ,संभारेंगे,संवार्गे,संवार्गे
दीपाक्षी ,हितयतें,हिचयतें,मदायतें
वीणा ,उपनिशक,उपदेसिक,उपस्शक
समलैंगिक ,पकसाने,उकसाल,उत्साने
गठबंधनों ,साईचाल,सामाकिल,साईकियों
सुराही , नाढ़ों,कढ़ों, नाढ़ों
उत्तीर्ण , दास्न,दामती, दास्न
मूर्तिकला ,गाख ,कूंख ,कूंख 
युगेश्वर ,निकनेबाज,निशानेशज,निष्नेबाज
सरासर ,जहने ,जहरे ,जहरे 
दंड ,जेलतराश,सबतराश,मबतराश
तारीफ ,पहूकार,साहूकाओं, अहूकार
आराध्या ,लेटेस्य,लेखास्ट,लेखस्ट
नौका ,सस्थाध्यक्ष,संघथाध्यक्ष,संघथाध्यक्ष
वर्षीय ,सहझायी,उमझायी,सर्झायी
शम्मा ,क्रिसचिस,क्रिसमयी,क्रिसवास
गवाना ,झुलवाने,झुरसाने, सलसाने
ग्रामीणों ,पैरोपिर,पैदाकार,पैरोहर
लगायें ,शान ,शान ,शान 
कन्याधन ,दहाद, बमाद,दमाया
तिलांजलि ,मलाबादार, अलाईदार,महाईदार
रखवाली ,भुतक,भुनाही, भुलाही
बख्शिश ,मिरते,मिटागी, उरगी
पुंसवन ,विद्लेषण,विश्वषण,विश्लेपण
आदर्शवादी ,उवंतु,भवंश, बवंतु
मधेश्वर ,पशियां,उशियां, बशियां
ठिठुरना ,गिनी ,ढुना ,अंना 
गवर्नेंस ,रंगशन,रंगाशन,रंगशन
कामरूप ,मन्तित,चिन्तियां,चिल्तित
तिमिर ,प्रतीर्षा,प्रोतीक्षा,प्रोतीक्षा
हटेंगे , बयरी, बयरी,शाखारी
पुस्ताकलय ,सरम ,क्रेम ,क्रण 
शंभु , दर्ने, दर्ने, दर्ने
उगाएं ,धड़बल,धनकल,धमबल
भावुक ,तड़जा,सनूजा,तपजा
हैंडपम्पों ,वर्षापाल,वनाषापात,वर्षापार
मूल्याकन ,स्वीनरा,स्वीटरा,मवीकारा
थपथपाई ,उर्छित, अर्छित,मूर्जत
बख्शीस ,सलाएगी,पिलाएम,पिलाएस
वर्चस्व , अलवाते,पलवाते,खुलझाते
कंपाऊ ,मैकेलाकल,मैकेनिकला,मैकेनियल
सेवई ,उतरे ,उतरे ,कतर 
बेंचते ,सुखजीबान,सुखजीकृन,सुसजीवन
उजले ,सार्वतशिक,साहिवदेशिक,साप्वदेशिक
अकुंश ,सरत्र,मयंत्र,मयंत्र
आगोश ,तानेवाने,ताराबाने,तानेजने
टूटना ,आलौकिया,आमकिक,आमकिक
अनुरक्षण ,एसरूपता,एकरूस्ता,प्करूपता
चटकने ,पत्रकुट,पत्रकुट,चित्रकुरे
कार्यकारिणी ,डिजायवार,डिफायनर,डिजारोनर
दीपाकर ,यलें ,रुलें ,सौंलें 
गृहस्थ ,वसुर,वक्धा,वजधा
इलाही , पमानी,रूमाता,रूमाता
बिखेरे , अरज्ञानंद,प्रदञानंद,परज्ञानंद
पल्ला ,रूलाएं,रूलाएं,रूमाया
जगाएंगे ,पनानकर,स्नाधिकर,स्थानकर
शिवस्वरूप ,जीवंने,जीतरा, जीविने
मिनाज ,नष्या, नवाट,नष्ठी
गिले ,बिछावा,बितावा,बितावा
दंडाधिकारी ,उरिचित,परिचियां,परिचियां
तपिश ,छल्के,छत्के,छत्के
औपचारिकता ,कोमते, पमल,कोमते
रुलाने , पल्तान,उल्तान,सुनतान
विकल्प ,उखायी,सिमयी,सखायी
फुलवारीशरीफ ,दुस्निवारण,दुग्निवारण,दुखनिवारत
अश्वमेध , चित्ने, चित्ने, चित्ने
धातुकर्म ,अर्यमिततायें,अनियमितत्यें,अर्यमिततायें
छात्रवृत्ति , अयूतनम,प्यूतनम,न्यूतनन
मुँह ,घनवनाने,घपघनाने,घसीघनाने
इत्तफाकिया , अर्यकाल,कार्यवाल,कार्वाकाल
सेमिनार ,लौम ,ढूंम ,सीना 
विषमताओं , नाढ़, नाढ़, नाढ़
रमानी ,सीताहरिण,सीताहगाण,सीताहगाण
बछरायूं ,पगोने,भिगोड़े,भिड़ेंने
जारी , समरुद,अभिरुद,अपरुद
बाँट ,हिस्ती,हिस्ती,हिलासे
सदस्यगण ,पैगम्मर,पैगवाबर,पैगम्मर
राजस्व ,स्पाइसनिट,अपाइसजेट,स्पाइमेजेट
निभाएगा ,सदार्थ,पहुंर्थ,पदायथ
अनुरुप ,प्रज्जावयत,प्रेज्जावलित,प्रेज्जावलित
घूमेंगे ,निशाखी, बशान, बशान
मिलन ,वाट्सचिप,वाट्सदप,वाट्सएम
इंटरसिटी , सनैतिक,पनैतिक,पनैतिक
बाएं ,दिहाता,दिहाता,दिहाता
पक्षपात , पूछेती, पूछेती, पूछेती
नाश्ते ,उर्वन,उत्वर,उर्जर
चिढ़ाता ,उनायी,उनायी, कनायी
पटरे ,चिकित्सीब,चिकित्याय,चिल्त्सीय
सार्थकता ,मचकुंडीय,पंचनेडीय,पंचलडीय
मार्गदर्शिका ,गद्र, गजदी,गद्र
दफना ,विशेयालयों,विद्यादायों,पद्यालयों
गलने ,प्रतिनिधिक्ति,प्रतिनियुक्षों,प्रक्नियुक्ति
प्रांरभ ,नींले ,नींले ,फूटे 
महावत , बभेद,विधाद,पभेद
हिसाब ,नंदाचावी,मदादेवी,नंदादेव
असमय ,मनोपरिषद,महापरिषण,मनोपरिषद
योग्यतानुसार ,छुट्ओ,छुटओ,छुटओ
ज्ञानियों ,सुरक्षागार्य,सुरक्षागार्ण,सुव्क्षागार्ड
फैंका ,वितराक,वितकाक,वितकाक
गन्ना ,रिहाड़िशी,महायशी,रिहाड़िशी
जनसंघ ,सत्रूपता,सर्रूपता,समर्पता
अपरोक्ष , बपाय, बपाय, बपाय
वाहवाही , छुट्ई,छुटई, छुट्ई
बलिदान ,ज्ञानवर्तान,ज्ञानवर्वन,ज्ञानवर्धति
जंगली , प्ख्यसचिव,जख्यसचिव,मुद्यसचिव
सभासदों ,कागजाना,मगजात,कार्जात
परमार्थी ,गुंस ,ठेका ,हांस 
स्वेटर ,कूचों ,नाच ,कूचों 
आशियानें ,गुमड़म,समशुम,गुमकम
अमल ,पशंक,पशंक,पशंक
नियमपूर्वक ,गजना ,गजना ,उजरा 
अतिसार , अनाली, अनाली, अनाली
लौटेगा , अतीरात,बीतीत्त,बीमारात
माइक ,मडबाजे,सडबाजे,उडबाजे
ससुरालवाले ,पकरीरें,तककरें,तकवारें
खस्ताहालत ,गुजनानेवाले,पजरनेवाले,गुजरनेताले
मित्रो ,पआवजा,मुआवली,मुआछूजा
विक्षुब्ध , दर्ने, दर्ने,दबरू
तनावपूर्ण ,संबन्धिक,संबन्यात,संबड़धित
सुपरस्टार ,मर्चना, सर्चना,पर्चना
छोडे़ंगे ,उहुअर,महुमुर,मनअर
विरुध ,मंगड़ते,मंगमते,मंगड़ते
फेकू ,वृद्षों, बक्षों, बक्षों
वकालत ,इमरवान्सी,इनरजेन्सी,जमरजेन्सी
जोड़ती , खींचेंना, खींचेंना, खींचेंना
गर्मागर्मी ,हवाहवार,हवाहवार,हवाहवाद
प्रचलन ,चांदी ,डद ,डद 
तबलावादक ,उलदाने,उपझने,उलझरी
अन्तरराष्ट्रीय ,खात्ज, उरिज, उरिज
वारिस ,प्तनमान, अतनमान,वेतनशीन
नौकर ,अगरपाती,मगरबती,अगरदाती
दीनबंधु ,सगूलेटर,रेगूलेदार,रेगूलेटल
बिछाये ,कृड़ी ,उड़ा ,कृड़ी 
पल्टन ,समानन,समानन,समानती
कद्र ,अजीबोगवाब,अभिबोगरीब,अजीबोगरीयों
व्यवसाई ,पूर्थचंद्र,पूर्माचंद्र,पूर्णचंद्धि
मनमानेपन , दहाता,दवाता,दवाता
जश्न ,मपवाद,अपकद,अपवाई
सुधरवाने ,बौखघिक,सद्घिक,उद्घिक
शांतिपाठ ,धमावथ,धमार्द,धड़र्थ
टोटका ,पमाकन,नांमारिन,पमाकन
पिंजर ,बर्चस्था,बर्यस्व,बर्वस्व
पक्षाघात , बहैया, बहैया, बहैया
भभक , सचाने, सचाने, सचाने
पनपना ,कैंल ,फुटा ,कैंल 
खोजा ,उलकने,झलझने,उलकने
हरजाना ,घेंन ,शाल ,शाह 
