﻿valid,invalid1,invalid2,invalid3
एंकर ,इशाखी, सशानी, सशानी
मिसाइल ,जतावा ,जलते ,जलता 
फर्जी , पशवा,पेटिवा, पशवा
चढऩे ,पपालभाती,कलालभाती,मपालभाती
गुजिया ,भंडासे,भंडालों,भंडालों
दौड़ी , कभाली,संभाया,पभाली
सुरमुख ,कंबरू, कंजल,कंबरू
भगौना ,उजेंगी,भेजेंडा,भेदगी
तिल ,तोंवां ,तोंवां ,टंवां 
एक्साईज ,आरोग्रता,आरोग्रेता,मरोग्यता
चक्षु ,सस्साये,मस्साये,गुरुसाये
मानसी ,सढ़ाता, कढ़ाता, कढ़ाता
कदाचार ,काग ,भौरे ,काड़ा 
कुन्तल ,पजवंत,तेन्वंत,तेजरत
बुढ़ा ,संपर,संगद,संपर
तैल , अरणायाम,प्रिणायाम,प्रणायात
पटती ,टशके, बपके,टशके
टंगी , अनबंधू,उनबंधू,उनबंधू
विभागीय , सफसाना,अफसाया,अनुसाना
नौकायन ,धुना ,धुनों ,धुली 
सुलगता ,साजिए,पजिश,साड़िश
उपमुखिया ,माइगदर्शक,पर्गदर्शक, प्र्गदर्शक
बुजुर्ग ,प्वानिवृति,सेवानियति, अवानिवृति
बुझती ,पैंशनवास,पैंशलर्स,पैंशनर्ण
संक्षेप ,भ्रूरहत्या,भ्रूणहत्त,भ्रूणस्त्या
प्रदूषित ,छत्रकरी,छत्याधारी,छपरधारी
बीमारियों ,नागें,कगें,कगें
सूना ,पमिनी,पमिनी, बमिनी
हॉल ,मीक ,ठोके ,धौक 
सनबीम , सनाश,उनाश,उनाश
मैल , कचेंगे,बेचगे,पचेंगे
कैमरे ,मर्माहट,पर्माहत,मध्माहत
थिनर ,गोभी ,गोरा ,उंलों 
बिगाडऩे ,दुस्साहल,दुस्साहट,दुस्साहक
आलाप ,सदमश्री,पहमश्री,पदमश्य
बिल्डिंगें , कधीर,अधीचि,अधीचि
न्यारी ,कर्वण,कर्षरों,उर्षण
मंत्रित्व , बथन, बथन,मंत्न
गुलवीर ,पमसिक,तामसिनी,तारासिक
करनें ,खरीतिती, अरीदती,परीदती
अटे , दलिका, दलिका, दलिका
न्यायखंड ,भ्रमय,भ्रमती,भ्रांमर
आयुष , अकजुट,एकजुल,एकलट
अध्यनरत ,आसश,आसश, आपश
होड़ ,जानेमानों,जानेमाया,जानेहने
दानव ,छायाप्रम,छायाप्रक,पयाप्रति
डांटा ,खूंखाए,खूंखाया,खूंखाए
जलेगी ,कगांक, बगांक,मृगांय
हत्यारे ,मरबंधक,प्रतिधक,प्रवाधक
पकाना ,सुझाझी,सुलते, बलझी
कालीपूजा , बपति,संभाति, बपति
गीता ,अनजीत,अरिजीव,अरियात
स्वंतत्रता , प्मंत्रित,आमंजरित,आमंत्रिया
मशक्कत ,सशवात,सर्र्त,सशर्द
जन्मदाता ,बैंबा ,दिबा ,मुबा 
बौखलाई ,भूमिश्जन,भूमिनेजन,भूविपूजन
सवालों ,उगाटा,उड़ाटा, उठाटा
पुण्यतिथि ,प्रज्ज्वयन,प्रज्ज्वहान,प्रज्ज्वलता
दर्शाते ,निकाफल,सष्फल,निभाफल
कमाये ,अवैद्धि,अवैद्धि,अपद्य
मखमली ,दुखहरत,दुकाहरण,दुखवारण
पोस्टर ,कंसकंपाते,कंपनिपाते,कंपरपाते
बैठें ,पद्रक, सद्रक,मुकरक
दूंगा ,दुबाब, दुकारी, दुकारी
स्टैण्ड ,कार्सिलर,काउंसिलता,काउंसिकर
रंगभेद ,रसोकर,रसोकर,रणकर
तहसीलकर्मी ,धोने ,धोखे ,धोने 
प्रियव्रत ,पबसूरती,खुलसूरती,खुबकरती
गनीमत ,कलावाना, अटवाना, अटवाना
काफूर ,छिल ,शीनी ,छिल 
न्यायमित्र ,सनाएंगी,बनएंगी,बर्एंगी
आसार ,पहुमंजिला,बरमंजिला,प्हुमंजिला
फटकने ,सुसदर्गी,सुपुर्र्गी,सुपुददागी
ताकीद ,परमरार,परिमवीर,परमहर
जागृत ,रंगोना, रंजिना,रंगोना
नूराकुश्ती ,स्तम्र,स्तकाभ,उतम्भ
चुस्की ,संग्राना,संग्राज,मग्राम
चढ़ेगा ,तरू ,मेंला ,कृला 
धड़कने ,अंहिया,अंहिनी,अंगासा
लौटायी ,चमती,चमती,कमड़ी
मधूसूदन ,अध्यात्मिनी,अध्यात्सक,अध्यात्सक
घटाई ,शान्दा,शान्न,शान्ही
छात्राए ,मवादिष्ट,स्वादिहाट,स्वादिहाट
इंतजामात ,आत्रिक्शा,सटोरिक्शा,आर्रिक्शा
चर्चित , सचला,कुचते,कुमाला
करुंगी ,जौहरी ,जौहरी ,जौहन 
नास्ता ,वित्तमंगरी,विश्तमंत्री,वित्तमंडरी
तानाबाना , सराम,हटाम, सराम
तरंगे ,पत्थरस्ढ़,पत्मरगढ़,पर्थरगढ़
पकाया ,अर्मासरकारी,अव्धसरकारी,पर्धसरकारी
मनवाएंगे ,नाचकती,नाचकती,नाचवार
रपटा ,सणबांकुरे,रणधाकुरे,मणबांकुरे
भाभी ,कंदरप,उदर्प,कंपर्प
जंजीरें ,छात्रावाद, अत्रावास,छायारावास
खारीज ,पकट्ठा,पकट्ठा,इकट्रों
झुलसीं ,अभिकेत,अनिवात, पनिकेत
वृष ,कधू,कधू, नाधू
लखपति ,दौड़ा ,हींड़े ,दूड़े 
द्रोण ,ग्राया,ग्रट,ग्रट
दीवारे ,दुकाड़ा,दुकाड़ा,दुकाड़ा
फायदा ,रंगेहाल,उगेहाथ, अगेहाथ
दशम ,मनोभाल, सनोबल,पनोबल
क्षमायाचना , मिर्न, मिर्न, मिर्न
हेमा , अधिसत्व,बोधिसराव,बोधिसमव
भागती ,सटाक्लाज,पटाक्लाज,सेंटाक्लाओं
भूजलस्तर , उलोर,हिन्र,हिन्र
योनी ,डाकलिसिस,सयलिसिस,पयलिसिस
जलावनी ,खेडी ,शैलो ,हैलो 
मिचलाना ,खण्खटाए,खटरटाए,खरीखटाए
सरिया , उयास, उयास, उयास
वेदाचार्य ,आवश्यत,आवश्रिक,आवश्यत
परेशानी ,खण्डमिठ,खदेडपीठ,खण्डपीय
पूछती ,गिनावर,गिनावर, गिरेवर
स्वयंबर , कखती,पखती, कखती
उल्फत ,कमूचा,कमूचा,उमूचा
पुनर्निधारण ,रुपटाले,रुपजाले,रुपजाले
सुनाती ,क्षादों,पषार,उषार
गिरोहों , उड़ाले, उड़ाले,उमले
जानकार ,अभ्युलोय,अभ्युदगी,अभ्युदर
कड़े ,उचिए,सोचिका,सोचियां
स्वास्थ्यमंत्री ,विडियोजराफी,वित्योग्राफी,अडियोग्राफी
खैर ,दशरूथी,दशरती,मशरथी
उपचुनाव ,पंगता, पंचत,पंडात
निरंकार ,मराग्राफ,पैरामराफ,पैराग्राय
बेअदबी ,कढि़,कढि़,कढि़
मोड़ा , अरैक्टिस, अरैक्टिस,प्रैक्षिस
चारण ,झाड़ू ,झाड़ू ,झाड़ू 
सहेजे ,अल्लाता,अल्लता,अल्लता
दिक्कतें ,चाहमीन,चारामीन,चाऊमीला
खाये ,असर्मान,असमामान,पसम्मान
दंगल ,फंसेड़,फंसेरा,फंसेरा
जीवन्त ,दिखता ,सखनी ,दिखना 
कराने ,झोंकों ,झोंका ,साँक 
तरकारी ,पहाई,पहाने,पहाने
वंदना ,खास्थाहाल,खाद्ताहाल,खास्ताहाड़
संकलित ,रस्गे, बखोगे,रसीगे
धुंधले ,नशारवासी,प्गरवासी,मगरवासी
समन्वयक , पस्य,हासिय,हास्ती
संताप ,फसन ,फलते ,कलन 
भुजंग ,अश्लीलय,अश्तेलता,अश्लीलय
प्रधानी ,आईसर्रीम,आईजीक्रीम,आईसक्ष्म
आदेशक ,उछाड़ा,सछाले,उड़ाले
बालकरूपी ,प्रतिवाले,प्रातिवादी,प्रतिवाले
भयमुक्त ,पलची,उहुँची,उहुँची
बच्चे , नाढ़, नाढ़, नाढ़
धरपकड़ ,सढ़ता, कढ़ता, कढ़ता
धारा ,लाभार्थीपरण,लाभार्थीपदक,लाभार्षपरक
कमाता ,कम्पल,कम्मील,कलाबल
पीसा ,ऐश्वनाय,ऐश्वरय,ऐश्तर्य
क्विंटल ,उकेगा,उकेट,उड़ारा
नवदंपती ,उछड़ा,उछड़ा,उछड़ा
पद्मावत ,तंटे ,तंटे ,छुटा 
परिसेवा ,वर्वकार, अर्गाकार,वनागाकार
सड़के ,पैंसिन,पैंसिन,पैंतीन
जैविक ,उठाझी,सलझी,उड़ाझी
दामिनी ,जीतेह,जीविगी,जीवगी
स्वेच्छा ,नाचे ,जौंती ,यूती 
छुपा ,उपरता,उतामता,उन्रता
पेचीदा ,सजिरी,कजिरी,हाररी
ऋणधारक ,अमनबान,अमलाचैन,अमनबान
अनूठी ,परचिमोत्तर,पश्चिमोत्रिर,पश्चिमोत्तकों
विर्मश ,टमावर,टमाटन,पमाटर
तैर ,उयासती,उयासती,रिफासती
दंपती ,लोगे ,लोकों ,लोगे 
वालीबॉल , नाढ़, नाढ़, नाढ़
साम्रगी ,यंत्तों,यंत्तों, यंत्य
मेष ,इंड़े ,कौंड़े ,छेना 
खोलने ,कर्महरी,कर्वचारी,कलामचारी
परवरिश , उरहार,प्रहारा,प्लाहार
जनसंहार ,अविस्म्ब,अविलम्प,मविलम्ब
तानाशाह , ककता, ककता, ककता
नत्थे ,खु़वे ,माटी ,त्वे 
पलटा ,जलाबी,जगबी,जताबी
काटता ,खाती ,दमी ,टिमी 
सुचारु ,सहताहांत,सप्तालित,सप्लेहांत
रेजीडेट ,विधानात्र्य,विधानाचार्ता,विधारीचार्य
पहनावा ,कखंड,अमीड, बखंड
जागती ,अखबाड़ी,अभिबारों,अखबाजी
मोटरसाइकिलों ,संस्तों, बस्था,संवाथा
लाती ,स्नेक्ष,स्नेहस,स्नेक्त
जस्ट ,झुठे ,तेके ,झुक 
आदर्शदीप , पयाने,उयाने,उयाने
सखा , साकें,ककें, साकें
न्यायधीशों , कबाने, कबाने,दर्ने
मुकामी ,वारदारी,मरदातें,वारमातें
शिकवे ,मिशानी,मिर्ल,मिर्ल
छात्रवृति ,निकटाती,निपटाप,पपटाती
पलास्टर ,सत्झाएंगे,पमझाएंगे,सम्झाएंगे
अभिमंत्रित ,झगना,झलड़े,झगना
तोडऩे ,मिर्ई, सठाई, सठाई
उजाड़ा ,ज्ञातिषाचार्य,ज्ञातिषाचार्य,ज्योतिनिचार्य
नैवेद्य ,सडरा,सडरा, कडरा
फिल्टरेशन ,जयजर,जयलय,जनजय
डिग्री ,किशा ,शीशों ,खूंशा 
रचे , अचनाकार,रखनाकार,रसनाकार
खुदरा , बदरें,चाहिरें,चालरें
सुनवायी ,पुरातशेष,प्रावशेष,पुरावस्ष
लिखती , बर्य, बर्य,धैर्ज
दामोदर ,प्नसुविधा,जनसुवियों,जलसुविधा
मिथ्या ,उफाये,उफाया,उफाया
नंगे ,श्वेणी,उरेणी,उरेणी
ज्ञाता ,बिखती,बिखती,बिछारा
उसूल ,ज्ञानेश्यर,ज्ञानेत्वर,सञानेश्वर
मस्तक , अबारक,मुररक,मुबाड़िक
जगायी ,सीटिपी,पटीपी,सीटिपी
चंपत ,बिसौरा, बिताली,बिसौरा
कौटिल्य ,खस्तानंल,मस्ताहाल,पस्ताहाल
पहिया ,नियमाणधीन,निर्माणशीन,निर्माणशीन
रत्ति ,प्रतिकाधी,प्रतिभाधी,प्रितिरोधी
बांध ,शीशी ,हॉश ,हॉश 
झांका ,उपमंडब्धीश,उपेमंडलाधीश,उपमंडलाधीन
शैलेन ,परिचर्ण,परियार्या,परिवार्या
व्यक्तित्व , पसती, पसती, पसती
कटाव ,जांचेरी,सचेगी,सचेगी
वैकल्पिक ,मलधार,जलधान, अलधार
अभियांत्रिकी ,उन्नतशीन,उन्यतशील,उत्नतशील
आपूर्ति ,सत्बाजार,सरेबाइर,सरेमजार
खिसका ,सर्णायकों,सर्णायकों,निर्मयकों
पीतल ,पीटे ,लोंटे ,छांटा 
डॉक्टरी ,समड़ने,सहझाने,समकाने
शीलता ,कार्याधिशारी,कामयाधिकारी,अर्याधिकारी
गऊशाला ,उपनिषम,उपनियक,उपनिकम
प्रायोजन ,स्वाद्धि,स्मृद्य,स्थाद्धि
नवाया , उलाते, उलाते, उलाते
जरूरी ,समझिम,पमझिए,पमझिए
डिजाइनर्स ,तंव ,छाना ,जॉव 
दाढ़ी , कजनी, कजनी, कजनी
चमकाते ,पसोस,पसोस,कसोस
मैथिल ,लाईच,लादच,लाईच
नागमणी ,मननगरों,महानगत,महानगत
लुटेरी ,समायोधन,समाशोतन,समाशोतन
श्रद्घा , अखाज, अखाज, अखाज
जूट ,तेवक, तेजार,तेवला
अचूक ,सरिटिशकालीन,ब्रिटिशस्लीन,ब्रिटिशद्लीन
संहार ,बुझादा, बुलादा,बुराए
अल्पवृष्टि ,सकसाना,रूकसाल,रूढि़साना
सूबेदार , अचारिता, अचारिता, अचारिता
देयक ,निशालीं,उकलीं, बकलीं
परंपरागत ,कार्यसारिक,कार्यसाहिक,कान्यसाधक
खाक ,स्वार्बी,स्वालंब,उवालंबी
सोती , तारीने,तारिने, तारीने
नुकसानदायक ,प्रांजुब, अरांजुल,प्रांरल
वरिष्ठं ,क्रिसरूम,क्रीसरूम,क्लासवाम
शिला ,संताएं,संताया,संवान
खेतो ,समड़ती,उमराती,समड़ती
मध्यम , पमती,चूमला,चूड़िती
संकायाध्यक्ष ,ज्वानपीठ,पञानपीठ,ज्वानपीठ
मृदुल ,दाव ,दादू ,ढ़ादी 
सुलझाई ,नीमगायों, अलगायों,नीलकयों
अवरुद्ध ,गंडली,गंभीक,गंडाक
