﻿valid,invalid1,invalid2,invalid3
सुरीले ,मार्कण्डेड,मार्कण्डेड,मार्थण्डेय
भगवती ,पयंत्रित,नियंत्सत,निर्त्रित
अविलंब ,विर्याजन,विशेसजन,विस्सजन
नवोन्मेष ,ओढ़ाएस,पटीएस,ओढ़एस
धारणा , पूछेय,पूज्र,पूज्जा
बरसता ,परुवचन,गुणवचन,सरुवचन
नालायक ,कानक्षेत्राधिकारी,विनक्षेत्राधिकारी,उनक्षेत्राधिकारी
लम्बाई ,टूटेंता,टूटेंता,टूटेंता
घड़ी ,अनाएंर,अनादरी,अनादगी
रखवाले ,अशोरों, सशोक,अखाक
एमडीएफ , अदलेगा,बनालेगा,बदकगा
बुजुर्गाें ,पिछडारी,पिलाडारी,पिस्डारी
अमरपाल ,विकाव,विकाव,विकाव
जया ,जलझने, अलवाने,जलझने
फेंके ,उगाटे,उलना,उड़ाटे
उच्चायुक्त , अवारेगा,संवार्गा,उवारेगा
ठिठुरता ,कपगें,परेंगें,कपगें
रेडियोएक्टिव ,सुपुत्य,सुपुत्य, मपुत्र
समृद्धशाली ,कार्मित,कार्वक,काममिक
चाहा ,अखाए,अर्ड़ों,अर्ड़ों
चकराता ,थोति ,नीचे ,घेति 
रिसकर ,सकती ,पकर ,बकती 
इश्क ,समाधज,पजधज,सजरज
राहगीरों ,वीभगना,वीरासना,वीरासना
रचते ,हटे ,विटे ,कांजी 
ऱफ्तार ,मवेचक,विवेलिक,विस्चक
दोहने ,पहखनली,प्रखनली,परस्नली
विलक्षण ,पचलाधिकारी,अंचलधिकारी,अंकलाधिकारी
निवृति , उत्या, उत्या, उत्या
छटपटाने ,आंतडा,आंगडा, आंवडा
परमसंत ,पांके ,झोंक ,खके 
प्राक्टर ,मैंद ,टेद ,घोद 
अन्नदाता ,हाड़ा ,हाटों ,काता 
महाशय ,टिमटिक,टिमटियों,टिमड़मा
आयेंगे ,भेड़िने, उदने,भेदर
महामहिम ,उहिंसा,पहिंसा,पहिंसा
खाल ,शंकाना,शंकाने,शंकाने
तदुपरान्त ,खंदावत,खंदावर,खंदार्ली
उखाड़ ,सभ्र,सभ्र,पभ्य
चयनित ,विकयक,पधायक,विरायक
सुने ,उपधेश्य,सद्धेश्य,उद्धेश्त
लौटाए ,होटरी,होजरा,होलिरी
अंकतालिका ,परित्यास,परत्याग,परित्यार
दालचीनी ,कराम ,पसम ,कपम 
कनिष्क , अकसुद,मकसुर,मनोसुद
लगाव ,उनैली,कनैती,कनैती
प्रतिपूर्ति ,परिवर्तर,पर्वर्तक,परिवर्मिक
मिलाना ,पजनैतिक,राजनैतिथि,राजमतिक
जमाकर ,शहया,शहीया,शहीया
थाम , पहकी,पढ़ाकी,पढ़ाकी
फूटता ,ठोकेंरें, ककरें,ठोकेंरें
बुलावे ,पल्लाए,झपलाए,झल्हए
आऊंगी ,प्रशिक्षार्ति,प्रशिक्षार्य,प्रतिक्षार्थी
परमहंसाश्रम ,भागे ,कीग ,घेग 
आह्वान ,फैंधा ,सीधी ,फैंधा 
उलटा ,एलमत,पकमत,मकमत
अड़ा , उरारे, उरारे, उरारे
अबाध ,षडयंत्मिकारी,षडयंत्रस्री,षडयंत्रहरी
बढ़चढ़ ,गुस्त्खी,गुस्ताओं,मस्ताखी
टेकते ,मार्वों,मार्वों,सनवों
भतीजा ,जहाट्सऐप,व्याट्सऐप,व्हाट्सनिप
अपराह्व ,पलदाने,पलझाने,पलटरों
कटौती ,संधाधुंली,संववली,संधाधुंली
परीक्षाफल ,शौहरा,शौकिर,शौहरे
बहिन ,पफसोसजनक,उफसोसजनक,उफसोसजनक
शालीन ,विनते,विनकी,विनकी
जमात ,भूतप्रेम,भूतप्रात,भूतप्रित
क्षेत्राधीन ,पचाइयां,ऊंचाइश,ऊंचारयां
बसाऊ , बवें, बवें,कवें
उगा ,पमाज, बमाज,नमाया
सदमे ,चुकालू,चुकालू, चुरालू
डूबेगा ,पपटी,लिफाटी, बपटी
उपतहसील ,गृहजनदेद,गृहजनतिद,पहजनपद
निचली ,उटुता,सटुता, बटुता
धैर्यपूर्वक ,नहहत,नशेहत,नशेहत
सहना ,बच्चदानी,बच्चदानी,सच्चेदानी
कमी ,वोसा ,वोसा ,तोंसा 
धरौली ,बहुरंद,बनरंगी,बनरंगी
हटना ,वज्रहह,वनारगृह,मज्रगृह
ताबड़तोड़ ,सौंला ,गोपी ,गोरा 
नशीली ,सकंजे,पकंजे,शिकंप
जानो ,रिक्रचालक,रिक्शाचालता,रिक्शाजलक
झूम ,हौंसने, ससला, ससला
रॉकेट ,प्रस्सनिक,प्रशासनिया,प्रशासनिया
इमरती ,महात्रूष,प्हापुरूष,महापुरूम
ऋणात्मक ,ढोय ,डूय ,ढोय 
कोपलें , केसए, केसए,केबए
घटकर , बगिनी,योनिनी,कगिनी
बगा ,हमकाग, अमलोग,हमकग
पोह ,अपराकता,मपराजिता,अपरात्ता
कतर ,आक्रात्कता,आक्रामकशों,जक्रामकता
कम्यूनिष्ट ,चरए, कढ़ाए, कढ़ाए
महाआरती ,शंटी ,शंटी ,ठेटी 
निपटने ,धांधरोबाजी,धांधशाबाजी,धांधलेबाद
थर्मामीटर ,विकाशों,विदेड़े,विकाशों
रोजेदार , बाढे़,नाढे़, बाढे़
शाकम्भरी ,जयूनिसिपल,म्यूनिसिद्ल,म्यूनिसिद्ल
संवादादाता ,अर्राधकर्मी,अपराधकर्ति,अपप्धकर्मी
बस्ती ,खटचीले,खरीचीले,खटचीले
रोजाना , झूलर,झूमला, झूलर
अन्यत्र , प्मनरायन,राज्नरायन,रामन्रायन
पर्दानशीं ,संशोभित,संशोधियां,मशोधित
ऐंठी ,मुर्य,मुड़गे,मुर्य
पर्स , उदने,लाचाने, उदने
दरवाजे ,बदमियाजी,बदमिजार,बहुमिजाजी
लहराती , जुल्ना, जुल्ना, जुल्ना
बरगलाने ,वार्डलीदी,वार्डलीदी,वार्वाबंदी
अभिमानी , प्क्रानुक्रम,चतुरानुक्रम,चक्राधीक्रम
करकी ,डगी ,चंगी ,तेगी 
स्वधर्म ,झगकी,सपकी, बपकी
खामिया ,अभिरदता,अभ्रदाता,अभ्रकता
दरिंदा ,तगाली,पगादे,सगादे
भोगनी ,रेगुलराधिजेशन,रेगुलराइजेशक,मगुलराइजेशन
एथलेटिक , उलाने, उलाने,दिहाने
जानीमानी ,मौप ,अॅाप ,धांप 
महिला ,दैनियाभोगी,सनिकभोगी,सनिकभोगी
डैनी ,मठापटक,उठापकक,उच्पटक
चिल्लाकर ,सूचाई, बचारू,कचारू
प्रस्तुतिकरण ,पझीन,पझीन,पझीन
पैंतालीस ,ठहाई, बहाकों,ठप्कों
पारख ,बुलयाद, अनियाद,उनियाद
महकती , पैतने,पैदने,पैदने
भल्ले , बन्में,पन्में,जमामें
टिप ,लम्र,पम्हा,लगाहा
करोड़ो ,जुल्ए, जुड़ए, जुड़ए
कलशधारी ,धृगी ,ठगी ,चुंकि 
आइना , बरोप,अरोसे,अरोधी
चेत ,मोहचे,मोर्द,मोर्म
चिन्हिृत ,प्रतियाति,प्रातिभूति,प्रेतिभूति
लड़ती ,सर्खिया,समुखियों, अमुखिया
दास्ता ,कांड ,लॉटा ,कांड 
सूचनाधिकारी ,विदाम,विदाम, विकाई
पंचयात ,सीटीग्एस,सीटीवाएस,सीटीरिएस
राजमंत्री ,तामीष, बमीर, बमीर
आसानी ,झपटर,झलटने,झपजाने
राई ,उन्मों,जलामों,जलमों
खुदा , वक्न, वक्न, वक्न
पुनर्निमाण ,कॉम्प्लेक्त,कॉम्मेलेक्स, प्म्प्लेक्स
स्वतंत्र ,उलालत,पलालत,जमालत
अवधकिशोर ,कपचा,कपचा, कमाचा
मोटा ,लालनमेन,सइनमेन,पइनमेन
गड्डी ,पृष्या,पृच्ठ, बष्ठ
सुन्दरकांड ,भयावट,भयावली,पयावह
मौर्या ,पराह्मणों,ब्राह्मयी,ब्राह्मयी
पुरातत्व ,महासप्तता,महासंप्तमी,मध्सप्तमी
खिंचवाते ,तपोभूल,तकबल,तपोबड़ी
रेलयात्रा ,छत्ले,छबीव,छत्ले
झुलसती ,बलने ,धुलता ,बलने 
शयन ,रस्ई,रसीई,ससोई
पहुचा , कछता,सछता,सछता
हिमगिरि ,मुख्यतिया,मुख्यस्थि,मुसयतिथि
पंतद्वीप ,प्यानी,प्यानी,सयादे
नेतृत्व ,परनसुत,पवर्सुत,पवनबात
कार्यालय ,मभालेगी,संभावगी,संभालेख
दुपट्टा ,दहचना,दबोचक,दबोचर
चरवाहे ,भूधान,भूधान,भूधान
खंड ,पकचेंगी,परिचेंगी,पहचेंगी
फट्टे , पस्थाओ,संस्तओ,संस्त्ओ
जोतते ,संामा ,करू ,संामा 
जादुई ,उलोना, पलोना,सलोरो
सिंघु ,पंचलदिर,मचमंदिर,पंचनेदिर
बिल्वपत्र ,भेजो ,इल ,भेट 
भिजवाएं ,गांठी ,सींठी ,बैरी 
कविता , सेंकेंने, सेंकेंने, सेंकेंने
उतारें ,सीढी ,चाँधी ,सीढी 
लश्करे ,पुस्षोत्ताम,पुनषोत्ताम,सरुषोत्ताम
खोदने ,पलबत्ती,लालबन्ती,सलबत्ती
सारिक ,मलझाया,सुलकया,सुनझाया
मुंडेर ,सहदार,सरदानों,सरदानों
तर्कशास्त्र ,सरेहान, अरेहान,त्यौहान
डले ,होम्पों,होम्हें,सम्यो
मण्डलायुक्त ,मोलचूर,मोतीयर,पतीचूर
चौकीदार ,परोपिने,परोसभा,परोबाने
ओंकार ,श्रृद्धान,श्रृद्धान,सरृद्धालु
गैरकानूनी ,कलंकिल,कलंदित, सलंकित
रचयिता ,कलाशरों,उलाकारों,मलाकारों
प्रपंच ,करीफ, बरीफ, बरीफ
टांग ,अवथव,अभिथव,उर्थव
शर्ते ,योग्सनों,मगासनों,मगासनों
बननेवाली ,कलना ,कमाम ,कपम 
उपखनिज ,अधीक्स्थों, प्धीनस्थों,अधीनदाथों
गैप ,लेप्पस्कोपी,सप्रोस्कोपी,पप्रोस्कोपी
चाची ,मुंहलाली, अहबोली,मुंहकली
छेड़खानी ,उण्डलाध्यक्ष,मण्टलाध्यक्ष,पण्डलाध्यक्ष
बैचेन ,ढागी ,दोषों ,मूंगी 
गुलदस्ता ,महनव,मनोगांव,उहगांव
अतरौली ,वेश्त,वेदांए,वेदत
मचाएं ,खस्रदार,खबरपार,खबरपार
श्रीखंड ,वीडियोलाराफर,सडियोग्राफर,वीडियाग्राफर
सूनी ,चलर्वेद,चतुर्वेश,प्तुर्वेद
गाय ,संचात्ती,संपटाती,संवात्ती
लिंगभेद ,धर्मनाय,धर्वमय,धनुममय
अंर्तगत ,सजारों,उजाये, कजाये
चर्तुभुज ,आक्शगंगा,आरशगंगा,आकाकगंगा
शौक ,स्थानार्व,स्थानालव,स्थापभाव
मुडेरा ,झुंपा ,तला ,दपा 
आरोपित ,आरोशानुसार,आदेशानुमार,आदेशानुकुर
आरएंडबी ,औंदी ,लड़ा ,लड़ी 
मौैजूद ,सपटें,सपटें,निकटें
पितांबर ,अनुमंडलीन,अनुमंत्लीय,अर्मंडलीय
नवविवाहित ,दफा ,त्री ,मूंरी 
मिटाता ,चीजें ,चीता ,चीखों 
नियंत्रणाधीन ,जानयों, उतियों, उतियों
इशारा ,झझला,झझली,झटवा
हटाती ,लिखरई,उखवाई,उखवाई
ठहर , डब्ने,डण्ने, डब्ने
देखे ,पचीली,लड़ाली, बचीली
ज्योत ,झारी ,डारी ,पूरी 
छर्री ,लांप ,छिड़ी ,लांप 
फकीर ,चिल्हाने,सल्लाने,सल्लाने
हिस्सेदार ,खदेक ,बड़क ,खड़ती 
रफ्तार ,सर्न्वयन,समन्वस्न,समन्ययन
उपमहाप्रबंधक , बुद्ना,बुर्ना, बुद्ना
नतमस्तक ,पजाद,इजाने,पजाद
सभासद ,प्म्मोहन,मम्मोहन,सम्मोशन
मंडराने ,व्याररियों,व्यामरियों,व्यापादयों
शंकुल , प्यक्तिवाद,व्यक्षावाद,पयक्तिवाद
फाड़ने ,मरीदारी,खर्दारी,खरीरारी
बुलाएं ,पकदमा,पकदमा,मु़कदल
दुबरा , नौकग,नौरंतो, नौकग
बेअसर ,पयरें,सयरें,कार्रें
अनुशासन ,इतकारी,उतकाल,इमाकाल
विद्यार्थियों ,नुस्त,नुस्त,कस्खा
रिलांयस ,भूलर्भ,भूगर्स,भूगवाभ
भतीजों , पसिक, पसिक,ससिक
गुजर ,उललाना,उन्लाना,उललाना
अर्धसैनिकबलों ,भौचवाका,भौगोक्का,भौचक्त
दीघा ,लगाएम,लगाएफ,लहएगी
दिलवाए ,हत्यारोह,सत्यारोपी,हलयारोपी
दायरे ,वैबसाहट,वैबसागट,वैधासाइट
दायित्वबोध ,लाईणी,कवणी, बवणी
बनाओं ,मभियोजन,अभियोदन,अभियोजिन
बताया ,उहंगाई,महंगारों,मनोगाई
खूफिया ,कालायालयी,कार्यापयी,काश्यालयी
विगुल , सटोला,उटोला,टटोरे
धर्मशालाएं ,चीर ,शैर ,खींर 
गवाए ,यातायाओं,याताएंत,यातायाना
मक्खन ,जनस्वाहथ,जन्स्वास्थ,जबस्वास्थ
नियुक्ती ,गुणरने,मजारने,गुमरने
हैंडपाइप ,अपज्ञान,अभिज्जन,अभियोञान
जले ,अनुतुष्ट,अधितुष्ट,असंतुतिट
मनाता ,फहराज,फहलाए,फहनए
स्वास्थ्यवर्धक ,पैदते, पैदने, पैदने
थरथरी ,पचेंगे,उचेंगे,सोखगे
हठी ,सीखार, कखाने,सीखार
हिंदुओं ,राज्यस्परीय,पज्यस्तरीय,राज्यस्तरय
निभाऊंगा ,सरवाएं,उरवाएं,कलावाएं
प्रेरक ,खोलो ,मिटा ,खोले 
प्राधिकार ,चित्ना, चिपना,चित्ना
गणेश्वर , बयतें,आसतें,आवातें
