﻿valid,invalid1,invalid2,invalid3
कार्यालयाध्यक्ष ,प्रकन,प्रवीरे,प्रहन
संभालेगा ,भूट ,घूंट ,सौट 
रुद्र ,भावादारी,पगेदारी,भागेदारों
कार्यवश , कघने,लांघट,लांघले
अग्रणी ,नन्म,नन्म, नहाम
रोमांचित ,पार्जद,पार्शाद,पार्षण
मंडी ,भंगा ,अौगा ,मूंदी 
कर्मस्थली ,दिले ,साग ,घुले 
बबुआ , झगका, झगका, झगका
फंासी ,चेश ,वंदे ,अंश 
लगाम ,उपाना,छुट्ना,छुट्ना
बजना ,झूठ ,डिल ,झेंल 
निगमायुक्त ,धनुमराज,प्र्मराज,पर्मराज
अव्यक्त ,सरानगी,मरानगी,विरानर
पशुशाला ,फैठे ,फैठे ,गांठों 
हिलाने ,उलुप्ति,मलुप्ति,सलुप्ति
रवी ,प्कित्सक,चिकित्रिक,चिकित्रिक
फिरदौश ,मैचों ,ढीले ,मैचों 
जनमेजय ,चालबान,चालबान,चाराबाज
वालिद ,उलतर,उत्यार,उत्रिर
गैजेट ,उटोलना,टटोरना,पटोलना
स्वायत ,तमंतो,तलाचों,तड़चों
मुर्दा ,उपशास्वरीय, प्पशास्त्रीय,सपशास्त्रीय
कब्जायी ,परास्वतक,परास्नाहक,परास्नातम
तराशकर , नीलाज,नीचज,नीयज
विधियों ,नकायते,नजरते,नहरते
नित्यप्रति ,सुने ,सुरों ,मुंना 
आलू ,धमए, उराए,धर्ए
धीमी , कद्धि,उद्धि,पद्धि
सुलझने ,हृदयक्थल,हृदस्स्थल,हृदकिस्थल
प्रारुप ,किशवाय,किशर्य,किशवाय
मेहमान ,यूलो ,तीलो ,यूलो 
प्रीती ,अनाथालन,अनाधिलयों,अनाहलयों
स्वजलधारा , उनाए,गिनए, उनाए
भीगा ,कार्यवषेत्र,कार्यक्षेत्व,कार्यक्षेत्री
विवाहोत्सव ,जहॉ ,जोगा ,छुगा 
यांत्रिक ,नौकरीवाशा,नौकरीरोशा,नौहारीपेशा
अस्मित ,हानि ,सेरे ,हानि 
बेसहारा ,सजारिश,उजारिश,गुजाकश
नन्दु , जर्य, जर्य, जर्य
हलफनामा ,उममा,उठामा,उठामा
उंचाई ,छलला,पबिला, बबिला
कनेक्टिविटी ,तालुस,तालुगू, कलुक
बतादें ,मनकना,मनोमाना, सनमाना
पहनाना ,उदने,उदने,उदने
वाट ,वेल्लिन,वेल्डल,वेल्डल
गर्भधारण ,प्हापालिका,महापुलिका,महापालियां
खोका , अमते, अमते, अमते
खरोच ,गजदे,गन्हें, पन्दे
मोटाई ,पुनर्गवित,पुनर्णवित,पुस्र्जीवित
बधिर , सूफित, सूफित, सूफित
बिरंगे ,महहरी,सनोहरी,सनोहरी
टपकता ,महंये,महंये, सचाये
इंतेहा ,रंगोदारी,रंगड़री, अगदारी
नैस्ले ,मोया ,जौया ,छैया 
प्रखंडस्तरीय ,रखतबीज,रसतबीज,रक्तराज
सत्तासीन ,त्रिश्क,त्रेलोक,त्रिवाक
धनवती ,बांटो ,शेये ,तौये 
वकालतखाना ,सूत्क, सूखक,सूत्क
नियमितिकरण ,अनुनव,अभिनर,अननव
स्वार्थवश , दास्ने, दास्ने, दास्ने
तैराक ,कार्धेनू,कारधेनू,ममधेनू
सुरई ,प्रमशक,प्रकाशर,प्रकारिक
बुराई ,चरई ,पराई ,चराने 
प्रतिष्ठापरक ,बढ़ता ,बढ़ना ,बढ़ती 
पाठशाला ,पहत्र, मवित्र,पहुंत्र
अवयस्क ,विद्याभवल,विद्याभवल,वित्याभवन
मातृशक्ति ,महायसी, अहायसी, अहायसी
अराजकतत्वों ,सुभाविती,पभावती,सुभावली
दमनवीर ,संक्तप्त,संरषिप्त,संक्रप्त
राष्ट्रभक्त ,सचेरे,सचेरे,सचेगी
नवीनतम ,जीयो ,ठोंटी ,जीता 
बनिहाल ,गुमगुने,उनगुने,गुनकने
ब्रह्मावर्त ,माहेश्वन,मार्श्वर,मालश्वर
क्षोभ ,मन्द्रमा,चन्द्धमा,चन्द्रण
प्यूरिफायर ,सहरवार, अहतवार,सहतव्र
प्रियानंद , पमला,हमती,हमती
प्रदान ,खुशिन्ल,खुशियाओं,खुशियल
प्रासांगिक ,समकना,सहझाना, अमझाना
छूटी ,औपचारिकताप,औपचाधिकताओं,उपचारिकताओं
सदाचारी ,पूंजीहद,पूंजीविद,सजीवाद
मेधावी ,महायान्ह,मध्वंन्ह,मध्यालह
भट्टा ,सवनंदन,शिवस्दन,शिलानंदन
विनोदिता ,सिस्त्मेटिक,सिस्टमेटियां,सिस्टनटिक
छिपाएं ,फरदाता,मरमाता,फरहता
विमुक्त ,रोरी ,रोरी ,ऑरी 
अतीत ,प्रितिभागी,सरतिभागी,परतिभागी
औंकार ,गर्बड़ी,गड़बन,गड़कड़ी
शोहरतगढ़ ,अभियाखों,अभिषखों,पभिलेखों
विज्ञान ,बेतुओं,सतुका,बेवका
मंगली ,खिंचे ,खिंचे ,चाँची 
कंपन ,हटाश,हटाश,हताओं
खपाया ,संवथायें,मस्थायें,संस्तियें
समुचित ,पढ़ाग,पलंद,पढ़ाग
गेहूंं ,पढ़ापा,पकपा,पढ़ापा
गौमूत्र , खबले, खबले, खबले
झपट ,दूबू ,बंद ,रैंबू 
रक्षक ,सर्हउद्दीन,समाहउद्दीन,उलाहउद्दीन
रत्न ,सटवाना,हरिवाना,हड़वाना
टकराकर , कनाईं,उनाईं, कनाईं
घटों ,सरपरबात,सरतिरस्त,सरदरस्त
सोम्या ,संरक्शका,संरक्रका,संक्क्षिका
फार्मसिस्ट ,चलाटानी,उट्टानी,चट्टाया
मदनपाल ,अशिक्त,अभिक्षा,अशियाषा
प्रतिलिपी ,सगाड़ा, कगाड़ा,बिगाली
मझोले ,सलक ,तलना ,तलते 
अफगान , अमते, अमते, अमते
अभिवृद्धि ,टुन्डे़,उकडे़,टुकता
शिलान्यास ,अविरहता,अनुरलता,असरलता
धरातल ,मेंढती,उढक,मेंढस
संपुष्टि , कचें, कचें, कचें
निबटे ,उलवाए,उलकए,उन्झाए
पंक्तियां ,सधली,धुंधता,पधली
भूत ,प्नतादल,सनतादल,जनतालिल
प्रयत्नशील ,कपगे, पहेंगे,कहेंदी
परीक्षण ,आत्मरदाषा,आत्मसक्षा,आत्मपक्षा
गोत्र ,सिरकने,सिसहाने,मरहाने
बढ़ ,धन्हें,धन्ही,धन्हें
कलसी ,सखेंगी,दिखागी,उखेंगी
संकल्प ,धुपवाने,धुपवाने,धुलदाने
मनगढंत ,छुट्कारे,छुट्कारे,छुआकारे
चुंदरी ,पयुर्वेद,आक्र्वेद,मयुर्वेद
पहरेदार ,जगरत,मरूरत,जगरत
शिल्पकला ,प्रोतिशत,प्रतिमात,प्रतिशकों
किवंटल , अजमंदिर,राजमंदिन,राज्मंदिर
सूचना ,पूर्शाजों,उर्वजों,पूर्जजों
धमकाते ,पयवस्थापन,व्यमस्थापन,सयवस्थापन
युग ,आजचना,आलोपैना,आलोपैना
पटी ,पहनगे,पहलागे,उहनेंगे
घोंघी ,झोर ,देखो ,आँर 
पिलाई ,पयमितता,नियमित्ता,नियमित्ता
रचित , रोमांर, रोमांर, रोमांर
मोगे ,किंईं ,अईं ,किंईं 
बुत , कखना, कखना, कखना
खिजरी ,टंचा ,पंचों ,पंखें 
लांछन ,मौसी ,मौसी ,पेजी 
चलने ,ढांढती,ढांढऩे,सढस
असुरक्षा ,दहनती,दहनती,दर्कती
मुआशरा ,उढ़ापे, कढ़ापे,बुरापे
पशुलोक ,पद्धपोत,युद्धपोशों,पद्धपोत
करवाता ,ससनी ,पसनी ,कमानी 
हुक्का ,पयारियाँ,मयारियाँ,तैयावायाँ
लाना ,पलशाली,सलशाली,सलशाली
सत्तन , कधने, कधने,साड़िने
एक्सीलेटर ,काटता ,उटने ,कायने 
बसवारी ,पुरुपदंत,पुष्पत्त,पुष्पकत
ताबिश , मालिते, मालिते, मालिते
बोलीं ,सवेशों,सजारे,सवेत
खोये ,अक्रूम,अनुरूर,अक्रूम
गैरजमानती ,बर्लेंगी,बनलेंगी,बदर्गी
प्रावैधिकी ,जर्खास्तगी,बलखास्तगी,बर्खास्तर
नौहाख्वानी ,तोया ,होना ,टया 
पक्षीय ,विधाया,विवाया, कद्या
सुधरती ,शास्तारोक्त,शास्टरोक्त,शास्वरोक्त
कहे , अरत्यक्षदर्शी,प्रत्यक्षदर्य,उरत्यक्षदर्शी
मर्दाना , अरंपराओं,परिपराओं,परंपतिओं
मारना , पहेगी,चाहिगी,चादगी
युद्धवीर ,पफेद,सफेरे, बफेद
उच्चाधिकारी ,दिखेड़ा,उखेगी,दिखेड़ी
तनमन ,शस्त्रधालक,शस्त्रवारक,शपत्रधारक
सटते ,परिवततन,परिवर्तर,परिवततन
कतरने , ठहपा,ठप्र,ठप्र
पथरीले ,खरीचो,उर्चो,खर्म
आघात ,सवालया,सवार्या,सवाहिया
विवेकाधीन ,दिहावे,सखावे,उखावे
सलोने , कबुत,पबुत, कबुत
युवा , नाटें, नाटें, नाटें
कुंडलिनी ,बंदिब, कदिश,पदिश
घोटाले ,भक्रयोग,भक्तियाग,भवतियोग
झुठे ,कर ,खुर ,खुर 
टेप , उब्र, उब्र, उब्र
भयजदा ,जनशिरोषण,जनशिक्रण,जनकक्षण
बुध ,प्रेधानों,प्रमानों,सरधानों
नफासत ,आयुक्वेदिक,आरोर्वेदिक,आयुर्विदिक
पिरोने ,रेखांडेट,रेजियाट, अजिडेट
आतीं ,मदस्याएं,सर्स्याएं,सदययाएं
तौल , खत्रों, खत्रों, खत्रों
पदार्पण ,कृपादथ,कृष्नाथ,कृतानाथ
विद्वानों ,मालबाजारी,प्लबाजार,मालवाजार
शाह ,घिग्य,सग्घी,घिसाघी
धीमा ,आननफाकिन,आत्नफानन,आनंनफानन
तिली ,जलझाया,जमावाया,पलवाया
दुधमुंहा ,प्रातर्याें,प्रोचार्याें,पराचार्याें
तोड़ा ,बुन्धप्रिय,बुद्धप्रियों,बुद्धबिरिय
सहयोगिनी , संभात,संगने,संगने
दहला ,मंहन,पहगे,मंत्गे
महफूज ,हत्राएं,हमयाएं,हत्यानों
पैसे , कगाना,बेतुना,बेतुना
निजाकत ,सष्पित,पुर्पित,पुष्टत
मनाये , अवीमय,देवीटय,देवीकाय
कुलदीपक ,झनपर,झनपर,झल्कार
जलवे , बडं़जे,उडं़जे,खरीजे
बरदास्त ,हमथा,हलथा,हवाथा
गेंहू ,जेल ,छिंठ ,छिंठ 
सताया ,सिकुने, सिक्ने,सिकुने
प्रतिनिधिदल ,उरवीं, बरवीं,गिरावीं
क्रीड़ाधिकारी ,घूमा ,घूमा ,घूसा 
क्षेत्रों ,खास्ए,सइए,खात्ए
हटवाएगा ,रिन्युद्ल,रिन्युद्ल,रिन्युक्ल
समयांतराल ,खुबसारत,खुदसूरत,मबसूरत
संगठक ,अाड़े ,रिड़े ,गाओ 
बुराईयां ,पुरवाना,पुरकई,पुरोवाई
रडार ,समझरी,समझड़ी,समाझती
चौड़े ,मंत्रीमंडप,मंत्यमंडल,पत्रीमंडल
तरकश ,तिलसंत्सव,तिलकोत्मव,पलकोत्सव
लखविंदर ,मुलायरे,सशायरे,मुशायन
उलटफेर , पिछना, पिछना, पिछना
यथार्थ ,मुड़र, मुक्र, मुक्र
झेलती ,आंधी ,आंतों ,आंतों 
प्रीतिलता ,सछुए, बछुए,बिछए
मथाना ,मधुकांश,मधुकांश, अधुकांत
रजिस्ट्रेशन ,सैंक ,हैक ,फूली 
सिले ,मंडलायुद्त,मंडवांयुक्त,जडलायुक्त
चुम्मन ,भूदेती,भूलेती, सलती
बदनीयत , बतोषी,संतोड़,संवाषी
डोलियों ,पजीज,सजीज,सजीज
हृदयस्थली ,कट्य, बट्य,नाट्ठी
अचानक ,मूत्तों, मूत्य,मूत्तों
सवैंया ,वस्वास, सनवास,वनकस
सराहने ,सर्कुलेट्न, प्र्कुलेशन,सर्कुलेशकों
अन्जाम ,निकवार्थ,निस्वाएंथ,सस्वार्थ
विकृति ,रेलमंडन,रेलगाडल,रेलबडल
धुमरी ,त्रिजल,त्रिकाओं,उरिकाल
गुरुपूजा ,मशेषांक,विशेड़िक,विशेवक
विसंगति ,स्वीजातीय,स्थाजातीय,स्वजातीफ
योगदान ,जर्जनाधिक,दर्जनाधियों, प्र्जनाधिक
अवन्तिका ,परपंपो,मरपंरा,पहुंपंरा
समझाबुझा ,उजग, बजग,कजग
नागदेवता , प्क्तिबद्ध,पंक्षाबद्ध,पंक्तिर्द्ध
दोलन ,राजरलक,रासेतिलक,राजतिमाक
प्रायोजक ,बेशरूम,बेवर्म, अशर्म
गांठ , मिलाटी, मिलाटी, मिलाटी
सम्पन्न ,कजररे,पजरारे,कजराना
धुआंधार ,मुंहाई,पहासे,मुंडेसे
फूलचंद्र , सतली,तोड़ेली,तोतक
महाअष्टमी , अल्टेज,वोल्टेन,वोल्टेन
कूड़ों ,पहलहान,पहरावान,पहचावान
जगमगाएंगी ,जुड़ी ,ईडे़ ,घृडे़ 
स्वावलंबी ,पगाय,पगाय,लड़य
परिचय ,अधीरासी,अधीशायी,अधीगीसी
शिष्टता ,रूट ,घोटा ,घोड़ों 
ब्लॉकस्तरीय ,प्रोधाजन,प्रोविष्न, अरोविजन
तमाशाई ,दहशने,सहशत,दलशत
मगन , अगाहने,उपहने,उगाहर
बढे़ंगे ,डेसियल,डेसिखिल,उसिबल
सृष्टिधर ,प्रह्योगिताओं,प्रतियोजताओं,प्रक्योगिताओं
देखेगा ,सत्ररोग,पत्ररोग,प्त्ररोग
पार्षदगण ,ससलें,फरलें,ससलें
फलित ,चकरतट्टा,चकरक्ट्टा,चकताघट्टा
कोशिश ,विकारा,विकाने, बकारों
