﻿valid,invalid1,invalid2,invalid3
अंधी ,छोड़ऩे,छोडली,छोडली
स्तरोन्नत ,जगनिवृस,जन्निवास,जगवावास
दीए ,पदिनी, बदिनी,कदिनी
वद्धि ,न्योयवादी,न्यायस्दी,सयायवादी
खरबूजे ,गृहराक्षा,महरक्षा,गृहरदाषा
गोष्ठि , ससला,फिल्ला,फिरौला
आज्ञाकारी ,खींरे ,तेरे ,शुरे 
बोलेगी ,वस्तारम,वस्त्रक, अस्त्रम
बंदरों , उल्य,मूर्य,मूरय
परमजीत ,शातिपूजण,शातिपिर्ण,शामपूर्ण
मरी ,अमुहां,अमुहां,अखाक
अजमाया ,अनुस्ञप्ति,अवज्ञप्ति,अनुज्वप्ति
जातिसूचक ,राष्ट्रधत्म,उष्ट्रधर्म,राष्ट्रमार्म
हिन्दुत्व ,विस्वकांत,विश्वकांडों,विश्तेकांत
यथासंभव ,विधानसर्वक,विधानपूर्वरी,विद्नपूर्वक
दुकानदारी ,उबिक, बबिक,कबिक
अद्भुत ,राजकीयकरकों,राजकीयपूरण,राजस्यकरण
क्रेता ,उगुने,कगुने,उगुने
खींची ,रंगीचे,रंजीले,कगीले
विजेताओं ,सम्वोच्चता,पर्वोच्चता,पर्वोच्चता
तंदूरी ,नामांतरक,नाट्तरण,नागातरण
पतांजलि ,नक्सवायों,मक्सलियों,नक्सचियों
साम्राज्यवाद ,संघर्षरण,संग्र्षरत,संघर्णरत
बटाईदारी ,टपनाना, अपकना,टपटाना
माध्यम ,बनाघी,उग्घी,बहघी
गरमा ,अभिहलना, प्वेहलना,अवेहलक
तीली ,युद्ती,युवरों,युद्ती
इन्स्पेक्टर ,धर्यनिरपेक्ष,धर्मनिरणक्ष,धर्मनिरीपेक्ष
रुही , अजरिम,मुजराम,मुलारिम
फैंक ,चमती,चमती,चमती
हड़ताल ,आयटता,आमटम,उयटम
आहत ,आतियों,आसश, कतिश
महानिबंधक ,कौड़िल,कौशम,उशल
गीते ,नजमुखी,नहमुल,नजमुनि
चीखना ,पमेंट्री,करट्री,करट्री
कुरबान ,कमाजे,कमाजे,कमाजे
सहूलियत ,जाबियों, उबिर,जाबियों
पाठयक्रमों ,महापुरुख,महापुरुति,मतपुरुषों
नशीले ,भलीबाति,भलीभांड,भगभांति
बस्ता ,वॉलेंटियर्ण,वॉलेंटियवस,वॉलेंटिरर्स
सर्वसमाज ,रुबती, पलाती,रुबती
स्वदेशी ,रुमाने,रुमाता, उमाल
भादंवि ,रंगबहाहर,रंगबहालर,अगबहादुर
परम्परागत ,महापुक्ति,महानक्ति,महापक्ति
परिषद ,मनोजिद,मस्ताद,मस्थाद
उठक ,खिटे ,खिटे ,कोटे 
प्रादेशिक ,गोद ,हौले ,गोली 
चुभने ,सौंपेट,उपेगे,सपेगे
शेर ,सौभाग्यवक,जभाग्यवती,जभाग्यवती
संग्रामी ,अगथि,अगथि,अमीथि
प्रक्षेपण , पत्पात,उलपात,उत्रित
वर्षो , उनाते, उनाते, उनाते
एकडला ,गंगेररूप,गंभीरपाप,गंभीररूम
लच्छेदार ,चढ़खेने,चढ़तिने, अढ़वाने
तपोभूमि ,सुंदरीकर्ण,सुंदरीकलाण, प्दरीकरण
हुक्के ,बखें,बखें, बाखें
धूलकण ,संस्रेगा,संभारेगा,संवरगा
पछुवा ,बंदिगे,बंधगे,पधेंगे
पालक ,ध्यानालथ,प्यानार्थ,मयानार्थ
वर्दीधारी , उरेगा,कसगा,कपगा
दरखास्त ,दरियारता,दस्द्रता,दरिद्वाता
बैठेंगी ,महीगा,मरेता,मचागा
प्रधानाचार्यो ,उच्घाटन,उद्घाटर,उद्रटन
अदालत ,कानूठी,कानूठे,कानूठे
मुस्कुरा ,वाल्षिक,मर्षिक,उर्षिक
इच्छित ,लोटपता,लोकपता,पलुपता
दिवार ,शांतिपूववक,शांतिपूर्तक,शांतिपूर्तक
मंत्रिपरिषद ,पिटी ,बाने ,पिय 
बद्तर ,साआं, बाआं,साआं
बदकिस्मत ,स्वतंत्रिता,स्वर्त्रता,जवतंत्रता
साईबर ,नाउम्मद,नाउम्बद,नाउण्मीद
स्वेच्छासेवी ,नीतिमणी,नीतिमणी,सलमणी
शायर , कड्ग,पड्ग,खड्स
खुलवा , उहित, उहित, उहित
छुड़वाने ,निककगी,निककगी,उकलेगी
प्रतिरोध ,मसमफ,पसरूफ,मसमफ
डेरों ,सपचुप,गुपटाप, अपचुप
ऑडियो ,आरोधी,आरोसा,आरोसे
सजाने ,तसल्लों,तसल्य,तसलिली
आग्रह ,पवैधानिक,अवैधान्क,अवैधानियों
वरीयता ,सैयक,सैन्द,सैकद
लुटाए ,पहना ,कमाना ,करना 
खाते ,तड़ले,तबरू,तड़ले
मुल्जिम , सम्हान, सम्हान, सम्हान
मार्फत ,अमाजोत्थान,समाजोत्थाओं,समाजोत्रिन
कमांडोज ,अर्नदाताओं,अन्नदायिओं,अन्नदाताल
नबाब ,ढाके ,ठोंक ,ढाके 
जीवनशैली ,मिलियों, मिर्ए, मिर्ए
चेष्टा ,दिवाब,दिवाब,दिहाने
संस्कारिक ,मचीलापन,लचीलाकन, अचीलापन
पतजंलि ,आजजिका,आयोजियां,आयोजियों
ख्वाहिश , पक्टर,रिक्ष्र,रिक्षिर
दुबले ,सस्तलिखित,हस्तरखित,अस्तलिखित
सघन , छींकर, छींकर, छींकर
भूपाल ,अज्रवाहन,वज्रसाहन,वज्रवाहक
नामिनी ,संभादा,संजोदा,संपर
घेरे ,गतितंत्र,गणतंगेर,गतितंत्र
बढ़ी ,हैराए, हैराया,हैराए
कब्ज ,भरदाई,भरदाई,भण्वाई
युवतियां , कजनी, कजनी, कजनी
माहभर ,सावरकल, अवरकर,सावरपार
शक्तिखंड , प्ण्यमान्य,पण्यमान्य,जण्यमान्य
डिस्चार्ज ,पहाभोग,महारग,पहाभोग
टाला , अभाएगी,पभाएगी,निभाएफ
गद्य , कष्टि,सृष्या,सृष्या
आजीविका ,नैरी ,नींरी ,नींरी 
क्रियान्वन ,धांधना,धांधना,धांधता
चलें , कखूबी,सखूबी,बताबी
कस्सी , बीमाया, बीमाया,बीमाने
निरंतर ,उशुचिकित्साधिकारी,पशुचिकित्वाधिकारी,विशुचिकित्साधिकारी
रामभक्त ,ऑर्मनिक,ऑटोगेनिक,ऑप्गेनिक
मचेगा ,जेहाई,जेईया,पईई
उपपरियोजना ,थिरण,थिरना,थिरना
झंडू ,महोगत,महोगना, अहोगनी
आक्रोशित ,मलीपैड,हेलीपैठ,उलीपैड
जनाजा ,व्यंती,उयंग,उयंग
सांची ,बखों, बाखों,कखों
रूकेगा ,साधवार,साधरर,साधरर
साधो , अखाय, अखाय, अखाय
बेला ,कालें ,खाड़ी ,खाड़ी 
खाएगा ,पग्रास,खग्रेंस,खग्राना
शरणागत ,जीआत्मा,जीवात्रों,जीवारमा
साथी ,जन्तांत्रिक,जनतांत्रियां,जनतांत्सक
सर्वमान्य ,मोड़ ,टॉरी ,खंरी 
केंचुआ ,शलभासभा,शलभासभा,शर्भासन
विधानसभा , अटीकर,पटीकर,स्टीवार
बंदिशें , छूटर, छूटर, छूटर
प्रोगाम ,खंडवरनुमा,जडहरनुमा,अडहरनुमा
क्षेत्रिय ,उस्ते,उस्ते, पस्ते
तलाशनी ,उगा ,उड़ी ,घूड़ा 
नगरनिकाय ,मनायास,अनायेस,अवयास
उपराष्ट्रपति ,प्क्षाविद,शिक्षापाद,शिलाषाविद
महायोग ,बरमाती,बनासाती,बनसाती
सुखा ,अनुसेसित,अनुवासित,अनुशासत
सदभावना ,भक्षद,भड़षक,भक्षरों
रुचिर , बालिरी, बालिरी,बारिरी
प्रश्नोत्तरी , अरुद्ध्,सरुद्ध्,विराद्ध्
चिपकाना ,वृहध,वृद्र,वृष्ध
कार्पोरेशन , पमाए, पमाए,उमाए
कृपापात्र , कगाह,आपह,आगाने
मांस ,तराए, तपई,तराए
सरीफ , बएं, बएं, बएं
भीमसेन ,अबे ,अणु ,आहं 
महफिल ,निपनाया,निकानिया,निपनिक
बोलेगा , अकोनॉमिक,इम्नॉमिक,इश्नॉमिक
होम्योपेथिक ,चक्षावात,चक्रदात,चक्तिवात
शर्मशार ,गिरण ,गिरना ,गिनावा 
नायलान ,सगाणु,कगाणु,रोहिणु
भागकर , निभाज,निरोसे,निरोसे
गंधक , नाटें, नाटें, नाटें
सांई , निभाला, निभाला, निभाला
आनन्दित ,विश्राललय,विशिरामालय,विकारामालय
बिखरे ,घसीराना, अबराना,मबराना
धाराप्रवाह ,नवरूर,नहरूप,नवरूफ
मजे ,प्रोमनंदन,प्रेमगादन,प्रेमस्दन
पंप ,विश्वाग्पात्र,विश्वासरोत्र,पश्वासपात्र
पढें ,बालश्रिम,बालश्वम,बालगारम
पुस्तक ,परिचारता,प्रिचारक,परिक्रक
मरम्मती ,हवाप,हड़ना,हड़ना
जीतकर ,प्रिमाणिक,प्रमान्क,प्रवाणिक
ठप्प ,दिहाया, बव्या,दिव्र
बड़का ,मरीष्म,उरीष्म,ग्रीष्ठ
विकासोन्मुख ,बिखेरेंना,मखेरना,बिगरना
खटखटाने ,नृरें ,तोंरें ,ढूरें 
स्वशासी ,उपस्तत,उपरथित,पपस्थित
गुलिस्तां ,शीतरिल,शीतरल,शीतराल
अनजाना ,अनाली, पठोली,अनाली
छप्पन , मंत्ल, मंत्ल, मंत्ल
कैंथ ,साड़े ,सानी ,साड़े 
देवा , उरारी,फराए,फटरी
अराजक ,बांटेंता, बांधेंता,बांटेता
बतायीं ,बैरी ,बैरी ,बैरी 
सहकार ,प्लेमप्रसंग,प्रेमप्रकाग,प्रेमहरसंग
नक्शों ,पदराबादी,हैदस्बादी,पदराबादी
मजबूत ,वरितिका,वर्जका,उर्तिका
विकेंद्रीकरण , अचौलिए, अचौलिए,विद्लिए
तख्तिया ,प्रांयका,प्रिंयर,परिंयका
बादल ,सिने ,सिली ,सिली 
उछल ,पमासान,उमासान,घबसान
हाजमा ,पीक ,डॉयें ,डोयें 
जलक्षेत्र ,परियोजय,परिचाजना,परियोजलि
रामशिरोमणि ,पद्गद्,गद्याद्,गद्धिद्
आन्दोलनरत , पिछई,पिसार, पिछई
सुलट ,सनुमोदित,अपमोदित,अनुमोहित
हतप्रभ ,ज्वानशाला,मञानशाला,प्ञानशाला
पुरोहिताभिषेक ,तख्या,तलाता,तलाता
गैरहाजिर ,गोठ ,गोता ,डोली 
मारपिटाई ,मवृत्त,मवृत्त,निपत्त
वीर्य ,थानाघ्यक्स,थानाघ्यक्स,थानाघ्यक्षा
प्रकाशमय ,हुकुरों,हुकुरों,हुकुड़े
गीतकार ,मुजयाध्यापिका,अख्याध्यापिका,पख्याध्यापिका
परखे ,आदिवाकयों,आक्वासियों,आनंवासियों
हटाए , जुल्ने, जुल्ने, जुल्ने
मति ,मिनाना ,उनार ,मिनाना 
जनजागरुकता ,अनसंईया,अपसुईया,अनसंईया
तैराकी ,बरलता,बदरता,पदलता
तामशाबाद ,खाईं ,शंाद ,चुंद 
संगठनमंत्री ,घासें ,ढ़ोटे ,घाटो 
संग्रामपुर ,सहराएगी,दोहराकगी,दोहराएम
रसोईयों ,ममने, बमता,ममने
रोका ,प्यानी,प्रांर,प्रांर
बाढ़ ,लूट ,डिटा ,लूटे 
भरवाने ,हिमरात, अमपात, अमपात
नासपाती ,ग्याहरम,ग्याहमवीं,ग्र्हरवीं
आदरणीय ,गोलते,गोलते,गोलते
झिझक , कडे़गी,सडे़गी,सडे़गी
उपजाया ,अवकंपा,उनुकंपा,अभिकंपा
जमना ,गृहराज्ञों,गृहरज्य,गृहराज्ञ
स्थानिक ,मक्सिस,उक्सिस,एलसिस
हुनरमंदों ,पलटरों,पलझन, सलटन
दीर्घ ,नंझ ,बुरे ,छौंझ 
कुन्दन ,सूत्रवात,सूत्यपात,प्त्रपात
महासर ,नवजगानों,पवजवानों,नशाजवानों
पाथे ,पशिष्टि,विशियाटि,सशिष्टि
नैतिक ,उहकी, पहकी, पहकी
डाला ,अनुपाचित,अनुसूचिवों,पनुसूचित
सौंपा ,नांक ,नांक ,डुक 
सर्वेश ,उधचविद्यालय,उच्चविद्यालता,उल्चविद्यालय
क्रियान्यवन , अरंकुश,निरंकुल,परंकुश
करायेंगी ,भावापन,भागपन,भागीपन
गणनायक ,नृठी ,झूले ,नृठी 
बॉक्साइट , आदरे, आदरे, आदरे
उपाधि ,संगठनात्मरों,संगठनात्मन,संगठनात्मर
थाने , अरदानी,वरिदानी, अरदानी
टंगे ,ननती,उनदों,नहादों
दूजा ,कटधाम,कलाएम,कलाकम
तेल ,हड़यारा,उत्यारा,पत्यारा
टोपी ,दांट ,डाली ,ऊंट 
भगवंती ,चिपन, पपक, पपक
लटका ,मणवत्तापरक,मणवत्तापरक,गुणवत्तापरण
उजड़ने ,लौटेनी,लौटेनी,लौटेंनी
मुहब्बत ,दक्षिणलरी,दक्तणपुरी, प्क्षिणपुरी
चेयरमेन ,उपये,सपये,रुकये
दानी ,दोंच ,सोंधी ,सेंच 
कब्जाया ,गिलाएं, बराएं,गिरएं
गुंबद ,संलिहात,संलिस्त,संलिदात
भटकें ,कृतित्री,कृतियाव, उतित्व
सवारी ,सामाध्य,सानियाय,साहूध्य
नौवी ,प्रांली, उयाली, उयाली
अल्पावास ,उचिका,उचिका, उचियों
नगालैंड , नाढ़, नाढ़, नाढ़
अधूरे ,माधर्न,माधर्न,माधमुंन
गुणवता , पमक, पमक,दहाक
मडै़या ,मत्चिकित्सक,मनोचिकित्मक,उनोचिकित्सक
घिसे ,ट्रेगी,ट्रेगी,ट्रेगी
दरारे ,कुध ,वैसे ,गाँध 
टाईप ,सनेगी, कनेह,सनेगी
सौंपी ,संगीरमयी,संगीतकायी,संक्तमयी
लात ,जानेकर,जानेकर,जागमर
बढाएं ,समावथा,पर्वथा,सर्वट
