﻿valid,invalid1,invalid2,invalid3
मोटरयान ,पत्क्षेत्र,परिक्षेपर,अरिक्षेत्र
तंदरुस्त ,डरवने,डरामने,डरावली
दरकिनार , छिपाक, छिपाक, छिपाक
सेव , अलवाया,खुलकया,खुशवाया
थामा ,संघलनकर्ता,संचालहाकर्ता,संचालनकरता
रूकेंगे ,नगाय, पहाय,नगाय
दिखलाई ,सशव,सशव, बशव
डाकिए ,दिनदहार,सनदहाडे़,दिनदर्डे़
पूंछतांछ ,मबोधन,संबोधर,संबोचन
जांचनी ,पगाए,मंजिए,मंजिए
रुतबे , वेदिना, वेदिना,वेश्ना
रखेंगे , कश्ते,सश्ते,रिवाते
मंजन ,किशोदार,किलोदार,किशोदार
फिक्रमंद ,मानसरहित,मानर्रहित,सनवरहित
ग्लोब , पहास, पहास, पहास
निरपेक्ष ,उपसंब्धता,उपलकधता,उपलब्धकों
पति ,चाहा ,चालें ,ढ़ोभी 
रहट , अनेजर,मनेवार, अनेजर
संवारने , उहता, उहता, उहता
वर्गमीटर ,गगर्नर,गवननर,गवर्वार
रिपुदमन ,दुकाकर्म,पष्कर्म, अष्कर्म
गुनगुना ,स्थाराज,स्वस्ज, पवराज
ख्यात ,गर्शाश,मर्दिश,सर्दिश
बहुप्रचारित ,कॉटे ,भेंटों ,भेंजे 
बिका ,जेहाने,जेहाई,जेहाई
पकड़ी ,दिलदाई,दिव्वाई,दिलकई
पीर ,पाठयस्रम,पार्यक्रम,पाठयकरम
रोडे़ ,प्रस्रेण,परकारेण,प्रकालीण
शैली ,मुसर्धार,मुसर्धार,ससलाधार
परिश्रम ,कुर्बखाना,कुतुबदना,कुतुदखाना
पलके ,ढे़ई ,भौंई ,बोध 
अर्थव्यवस्था ,घोली ,नांली ,लैली 
जांचें ,सव्यपाठ,काव्यांपाठ,कालायपाठ
फटी ,मान्यवना,मान्यकार,मान्यमार
द्रव ,धरी ,साँनी ,धरी 
संभवता ,प्टनाशक,कीचनाशक,पटनाशक
लिपटे ,विभियोनता,विभियुनता,पभिन्नता
भेड़ ,जनएगी,पताएगी,जतावगी
घोंप ,मिटाद,मिर्द,मिर्द
शुरूकर ,बंजारावाद,बंजायवाला,बंजारावाद
आवाम , अहल्लों,सहल्लों,सहल्लों
दीपराज ,मयारियों,तैयासयों,मयारियों
गुजरेंगी ,जंतु ,जंग ,जंतु 
सुलझाए , अयावास,नयावाने,नयावार
परिपक्वता ,रूकेला,रूमागी,उकेगी
अटकने , लूटेता,लूल्ता,लूल्ता
स्तूप ,मेहीनत,मेहीनत,उहनत
मूसलधार ,निस्तिर,निस्ताओं,निपतार
फरमाना ,निरारे, कखारे,निखाया
बेचारी , कक्त, कक्त, कक्त
सर्वधर्म ,एनिमेदान,एनिमेलन,एनियाशन
खोलेंगे ,साथी ,साढे़ ,गेंदी 
भिक्षु ,समासरी,सरसरों,सरसभा
सामन्त ,शुदो ,सूंदो ,झदो 
रीचार्ज ,चोटें ,सोंट ,हिंट 
मुरादे , सरामद, सरामद,बरासद
पतिराज ,जरा ,टॉली ,जरा 
धारक , अष्टाचार,पष्टाचार,शिक्टाचार
मुद्दाविहीन ,जनर्पर्क,जनसंपक्क,जनसंपर्ति
उच्चीकरण ,हिमकाज,हिमकाज,हिमराने
राजकुमार ,जन्स्शताब्दी,जर्मशताब्दी,जन्द्शताब्दी
सुनारी ,कमिपूनर,प्मिश्नर,कमिनेनर
वक्ता ,आलु ,आयो ,हेने 
बनावट ,ठुमने,ठुमते,ठुमने
पहुंची ,हास्थापद,प्स्यापद,मस्यापद
अपवित्र ,मध्राक्षी, अयूराक्षी,मयूराकषी
महायोजना ,सर्मित्त,सममिपत,सममिपत
सवाल ,सनकाब,मनकाब,मनकाब
छेदन ,ठातें ,बाग ,बाजी 
अनुबंधकर्मी ,वज्ञा,वज्ञा,वज्ञा
मानवी ,पझीदार, अझीदार, अझीदार
मंजिल ,सर्किड,आर्कियों,उर्किड
उपग्रह , नाढ़ें, नाढ़ें, नाढ़ें
पौधारोपण ,हटावा ,हवावा ,हटता 
शीर्ण ,ललकाओं,ललकर, ललवार
लोकबंधु , पमकी, पमकी,धन्की
मचाना ,अंशक्न,अंग्दान,अंतदान
बुनकर ,फेकें ,तांरी ,रुरी 
हरेक ,ठगडी,ठगडी, पण्डी
मातृसदन ,हेतू ,हेमा ,जांर 
तोंद ,अंतरविद्यालयों,अंतरहद्यालय,अंतरविद्यापिय
रुदायन , अडीबियर,पडीबियर,टेलीबियर
शौकिया ,नहलावार,नहलाकला,नर्लाकर
बढ़ायी ,चोरों ,कौंखा ,कौंखा 
मुसलमानों ,चरिवार, सरित्र,चलत्र
कठायत , उलाता, उलाता, उलाता
श्रमजीवी , हंसिली, हंसिली, हंसिली
स्वास्थ्यकर्मियों ,पुरवाकृत,पुरस्तात,पुरस्यात
झुठलाने ,अकुड़हट,अभिलाहट,अनुलाहट
जगहो ,आवाख,कलेख,आपख
नचिकेतन ,सुलरी,सधरी,सुझारी
महती ,मयस्तम,व्रस्तम,व्यस्याम
तंदरुस्ती ,नाणि, बाणि,नाणि
टंकिया ,गिने ,जंरि ,चीरि 
चैत्य ,वनशियाना,महशियाना,वहशियार
हलकी ,हॉर्टीनल्चर,हॉर्नकल्चर,हॉर्टीकत्चर
गैरहाजिरी , कजनी,रजरा,रसीनी
भाईचारगी ,प्लामुखों,परमुखों,प्रदाखों
छुड़ाकर ,विधाशी,विधाशी,विदेड़े
सहिष्णु , पिछना, पिछना, पिछना
अकाट्य ,सहत ,सचिका ,कचित 
छिड़ , बज्ञ,यमुञ,उज्ञ
सहता ,निरीभिकता,निर्वकता, अर्भिकता
लवनीश , हरयी,हमयी, हरयी
फीसें ,पलचा, पकचा, पकचा
कीमत ,लगानेतालों,लगाड़वालों,लगार्वालों
सलटाया ,भट्त, कक्त,भक्र
कैलकुलेटर ,कसलित,कसमत,कटरत
अनारदाना , मिर्ने, मिर्ने, मिर्ने
सचल , कपई, कपई, कपई
झिलमिला ,सथियाई,हथिरई,उथियाई
सजाएंगे ,योजनांतर्मित,योजस्तर्गत,योजनांतस्गत
खदेड़ ,फाँले ,चढ़े ,खिले 
लोकगाथा ,साजसचिजा,साजसराजा,साजसमजा
रोमांचक ,सड्ढ़ा,गवाढ़ा,सड्ढ़ा
सिचांई ,लाचायी, लाईर,लाचाई
दूधला ,प्राबन्ध,प्रबजाध,प्रवान्ध
फिसलकर ,बंदिकों,सदूकों,बंटाकों
हतोत्साहित ,खंक ,औंक ,झांकें 
धराई ,सुन्दन, सुलदर,सुन्दन
वाहिनी ,महालूम,सजलूम,सजलूम
अधिगम ,पफता,हांफड़ा,हांफड़े
छापी ,दरबाजी,दगाएंजी,दगाकजी
समझाए ,तड़ड़ा,तगते,तगते
संप्रदायिक ,परियादना,पहवेदना,परिचादना
गधे ,सर्वफ,समाराफ,सर्राना
पद्य ,नाघा,नाघा,नाघा
विभू ,मिलात्री,मिलत्री,मिलात्री
उपयोगी ,कमांस,रोमांत,रोमांडों
ठंड ,बुलाकते,बुजुकर,बुलाएंर
समाजसेविका ,कगें, बगें, बगें
मरहम ,मजाईश,गुंजारश,गुंजाकश
कुर्ती ,प्रधातुतीकरण,प्रस्तुतीकर्ण,प्रस्तुतीकगण
मरघट ,हाथोहारा,पथोहाथ,मथोहाथ
आजाद , निराए, निराए, निराए
यंत्रीकरण ,चढ़ारा,चढ़ारा,उचेरा
कटाक्ष ,सटियामारी,कटियापरी,कटियामान
जोड़े ,प्रद्युषा,प्रमयुत,मरद्युत
शहद , बष्प,वाष्ठी,वाष्टि
मटर ,मजरूप,मजवाल,मजरूम
शस्य ,स्माकक,स्वीरक,ममारक
बेतुके ,मरकुरे,मरकुरे,कुरदारे
सताइस ,चकावध,चकायध,चकायध
सूर्यकला ,वगैरती,पगैरह,मगैरह
कुटीर ,काललियत,सबिलियत,कास्लियत
राहत , सनाएगी,बनाएफ,बरएगी
लिखनी ,दालकठ,उलमोठ,दालदाठ
उभरती ,पलीमार,सलीमार,गोलीमान
उछालो ,नारावगी,नाराहगी, अराजगी
सत्यार्थ ,वनागफीट,वनगफीट,वर्गतिट
पतंगबाजी ,उदरवाए,उतरहए,उदरवाए
बान ,पर्वतारोध,पर्वतारिही,पर्वस्रोही
छाती ,कुम्सचिव,कुलवाचिव,कुप्सचिव
घोलने ,वैज्यनिकों,वैज्ञानिया,वैल्ञानिकों
महाविद्यालय ,कर्जयू, अर्फ्यू,मर्फ्यू
गर्भकाल ,वाटरप्रिफ,पटरप्रूफ,वाहरप्रूफ
वास ,कलेंगी,खेसगी,कलेंगी
खलबली ,फाटता, फावक,फाटता
बरकट्ठा ,फैक्र,फैक्का,फैक्ष
अहंकारी ,पारिरकॉम,पावरहम,पावर्कॉम
शुभलता ,खुशिरी,खुशिरी,पखरी
सचिवों ,पभाओ,उभाओ, बभाओ
हस्त ,बुंबे ,थोबे ,दरी 
खेतीबारी ,उहेंगा,उहेंगा,उहेंगा
खाएं ,पड़ी ,नीेडे़ ,बूडे़ 
शाकाहारी ,अर्धवार्वक,अर्धवाहिषिक,अर्धवाकांषिक
कशमीरी ,परमनास,परस्हंस,सरमहंस
शारदा ,भागें ,हृागो ,भागें 
अध्यापित ,दुधातो,दुलातो,दुबतो
सूखाग्रस्त ,पमोबेश,कमोबेल,ममोबेश
विदुषी ,टिंढ़ी ,सौंढ़ी ,टिंढ़ी 
सीढ़ी ,मनर्षि,महराषि,पहर्षि
समायोजन ,इन्ला,इमती,इमती
संजो ,चूकें ,तेजे ,कूंजे 
पहचाना ,अवैतराक,अभितनिक,पवैतनिक
संस्थापिका , नाढ़े, नाढ़े, नाढ़े
शुरु ,क्षिद्ज,क्षिप्ज,क्षिप्ज
जनसंख्या ,समागा, उहेगा,सहेड़ा
शार्दुल , चादट, चादट,चार्जी
गौरतलब ,मत्यभान, अत्यभान,सत्यभावों
दुतरफा ,उगृहीत,संभाहीत,संभाहीत
उर्वरा ,बोल्लिज,पल्टेज,सल्टेज
उपकार ,जगबात,जमाबात,जज्ञात
पुर्ननिर्माण , झूमेंने,झूमला,झूमला
जोड़ी ,रिफारिड,रिफासड,रिक्इंड
रूप ,सतुओं,पतुओं,धातुन
बराती ,कारो ,चनों ,कॉनों 
दबता ,मिलवटखोर,जलावटखोर, प्लावटखोर
कारवां ,वेरें ,डूरें ,डूरें 
क्षेत्रफल ,सजाझ,सहझ,पमझ
वारदातस्थल ,आयोसभा,आमझाभा,आयोसभा
जुनूनी , प्यजलापूर्ति,पेयजलापूर्मी,पेयजलीपूर्ति
रुंधे ,गुणवत्मिहीन,गुत्वत्ताहीन,गुणवत्वहीन
सीखा , उहाना, उहाना, उहाना
कुप ,दमतर,दमतर,दर्तर
आचलिक ,कगूठे,अंधेठे,अंजाठे
दिलाएगी ,कटका ,फर्का ,बटका 
लचीले ,बुद्ए, कझाए,बुर्ए
दवाब ,इशावा, इनवा,इलाएं
रुहानी , बटाखें,कटाखें,उटाखें
बिछाया ,लोंर ,घिरीं ,घिसे 
पाश , बभर,पभर,दूधिर
छोड़ेंगे ,चूड़िहा,चूसहा, चूकहा
प्रेमपूर्वक ,झड़डे,झड़डे,झटडे
बनानेवाली ,मगमेंट, अगमेंट,उगमेंट
द्रविड ,जॉला ,काला ,काला 
बरामदों , तड़ना, तड़ना, तड़ना
सौम्यता , बमीन, बमीन,पमीन
मापदंड , प्निर्वाण,अनिर्रण,अनियवाण
मुशर्रत ,चित्रर,चिल्कार,चित्रर
मेधावृत्ति ,विस्तारीकरक,विधातारीकरण,विद्तारीकरण
कठौती ,बदलजमी,बहहजमी,बदस्जमी
पूराकलंदर ,पश्चिपाबंग,पश्वमबंग,पश्वामबंग
हिफाजत ,प्क्षिणक,प्क्षिणक,शैलषिणक
अभियोगी ,रणभूरी,उणभेरी,रणभेड़
आंखे ,मयूमर,ट्यूमती, अयूमर
अमूमन ,अपूर्थ,अपूर्द,अपूजण
महुआ , मंत्ल, मंत्ल, मंत्ल
खुश्क ,बेखी ,पुखी ,सबे 
नशेबाजों ,हड़ताक्षर,हस्टक्षर,हस्तापषर
समर्थन ,दंके ,दंके ,फीता 
उद्यमशीलता ,सेवाकाओं, अविकाओं,सेवाकाओं
क्रमिक , नाटें, नाटें, नाटें
वॉकी ,दरदान,दमवान,दहवान
सुनहरा ,खूंकी ,भेकी ,खूंकी 
अभयनंदन ,दुखहनिया,दुल्हनित,पल्हनिया
जनान्दोलन , भगोक, भगोक, भगोक
घग्घर , उड़ाल, उड़ाल, उड़ाल
पूजनोपरांत ,वाताहरण,वातावनाण,वाताधारण
खेलता ,पशस्वी,यशरूवी,यमस्वी
मूंछ ,पपके, बपके,पपके
मचेगी , सिक्ई,सिरई,सिरई
प्रियदर्शी ,पर्वनति,पदावनन,पदासीनति
वनमंत्री ,सामरारी,सामकारी,सामग्य
वसूलेंगे ,निखाएता,निखाकता,सखारता
उद्भेदन ,पभक्त,विभकात,मभक्त
उदबोधन , अकलौते,मकलौते,इन्लौते
सुनाई ,प्रध्याशिक,प्रध्यात्क, अरध्यापक
सहिष्णुता ,गैंध ,शोरी ,शॉध 
आमआदमी ,फुस्रे,फुसरे,फुहाने
दहलीज ,पुरुद्तम,पुरुषोतता,पुरुणातम
चढा ,ग्रले,ग्वानी,ग्रले
बीरण ,मर्वजन,सर्वजक,सर्वर्न
खोलें ,सगीचे,बालिचे, कगीचे
ठिठुरती ,लाया ,लागी ,लागी 
मंधना ,टाफी ,टाटा ,सौंई 
साधुवाद ,विरते,विरने, विधाह
खंडे ,अंगुने,अंगुने,उगुठी
भांजे ,सेवाकार्थ,सेवाकारय,सेवाकालीय
काबिलेतारीफ ,पशरूर,सशरूर,मशक्र
