﻿valid,invalid1,invalid2,invalid3
चूर्ण ,झुंती ,छींती ,छींती 
संकेत ,गद्यारी,गहदारी,गद्ररी
गूंजेंगे ,कंबने, बपाने,कंजने
अग्र ,आक्राधिक, प्पराधिक,आपराधिर
ख़ुशी ,पहिम,उहिम,मुक्म
मजेदार , गिनली, गिनली,गिल्हे
उधार ,सर्महारा,सम्वहारा,सर्यहारा
अंधापन ,उदर्यीकरण,सौंदर्यीकरम,पदर्यीकरण
बंटाई ,अखाप, उलाप, उलाप
पैथोलोजिस्ट , सधपकी,अधपथ,मधपकी
बढ़ाने ,मवस्तिक, अवस्तिक,स्वर्तिक
पकाई ,परकगे,परमागे,पकखेंगे
धराये ,कदाई ,बिदास ,कदाई 
स्थिति , कनावी,उनावी,उनावी
सम्भल ,उकोरी,चररी,चकोड़ी
बहाए ,दुकाका,दुकाका,दुकाका
आपबीती ,नन्रें,पजरें,नहारें
मयखाना ,व्हवस्थायें,जयवस्थायें,अयवस्थायें
शुद्ध , बाठों, बाठों,बठों
राष्ट्रध्वज ,बिखेगी,उखेरी,उखेरी
रात ,शिथियाता,शिक्लता,शिथिवाता
गुनहगार ,शीर्शाक,शीलषक,शीलषक
विजयोत्सव ,आनंबबूला,प्गबबूला,आनंबबूला
गोसंरक्षण ,विश्वरधु,मश्वबंधु,मश्वबंधु
जूल ,इजीनिर्रिंग,इजीनियवग,इजीनियवाग
नोमिनेशन ,पहजन,उहजन,उहजन
आभारी ,सरसारण,प्रसाइण,प्रेसारण
प्रक्रियाधीन ,चुस्ने ,चुराए ,चुकाने 
दलहनी , सगवाई,मंगड़ई,मंगड़ई
मध्यावधि ,पीड़िएफ,उडीएफ,पीडीएगी
बवाल , सठक,पाठते, सठक
रवैए , लोहिते,लोहते,लोहाते
रूमाल ,बहासे,बढ़ासे,बहासे
विहर्ष ,उनारी, सनारी, सनारी
चोर ,प्रतिनाध्याक,प्रधानाचायाक,प्रेधानाध्याक
फब्तियां ,आयुर्वैदियों,आयुमंवैदिक,आयुक्वैदिक
सचेतन ,श्रीदठ,श्रीवाठ,श्रृंकंठ
मार्गीय ,स्टेदान,स्टेभन,उटेशन
लहरावन ,एहरायात,एहतिभात,एहस्यात
वफादारी ,सीरिनसी,सीमानसी,सीरिनसी
अनुसंधानक ,खटयान,खलियात,खदेयान
मांगती , महंन, महंन, महंन
विक्रय ,निमार्णासन,निमार्थधीन,पमार्णाधीन
संवाहक ,संस्त्री,संस्तरी,संवाकारी
मनुस्मृति ,क्षयगस्त,क्षतिगरत,क्षतिपूस्त
डगमगा ,जैड़ ,हाड़ ,हाल 
जगमगाएगी ,पुकावारी,पुरवाना, उरवारी
गौधन ,उलराई,उत्राई,उलराई
बैरीकेड्स ,मुकुड़े,मुकुरों,मुर्ट
हिदायत , सलती, सलती, सलती
प्राणघातक ,लोटधारा,लोकधारी,लोकोधारा
ढालना ,रफादल,रफादगी,रफादगी
इम्तेहान ,छाया ,भैंना ,छाले 
खौला ,ध्येगे,ध्येगें,ध्येगे
बदनसीब ,उखांकन,लेपकन,मखांकन
गीतांजली ,गगविधिया,गतिविधिर,गतिविष्या
मुकाबले ,चूजे ,तुस ,चूजों 
श्रृंखलाबद्ध ,मैन्यूफैक्तिरिंग,मैन्दोफैक्चरिंग,मैन्यूफैक्षारिंग
इंच ,नोटिझोंक,उकझोंक,नोकराक
घटित , अलासेज,क्षुसेज,सलासेज
कशिश ,पनवाणी,जनदाणी,जनदाणी
योगिक , पगनी, पगनी, पगनी
दोमंजिले ,धकेगी,धन्ला,धकेत
स्वाधीन ,खर्मिटा,खर्जटा, अर्राटा
लकीरे ,पुष्नी,पुष्नी,पुष्नी
लम्बोदर ,बनने ,बिनता ,बिठाने 
संक्रमित ,पछतान, अछताना,पछतान
लाद ,उढ़ेंगे, कढ़ेंगे,सढ़ेंगे
स्थल ,मौतों ,मौका ,हेला 
रेलइंजन ,बिलदाने,बिगखने,उलखने
लाइसेंसशुदा ,संकना,संबंट,संकने
सदल ,अखान ,अन्दा ,कन्न 
कूदना ,थोप ,थोड़े ,चौथे 
उलझती ,कायदाता,कारारता,कायकाता
चित्रकला ,काग्रेंसों, अग्रेंस,कार्रेंस
पूरामुफ्ती ,मायासिक, अनसिक,उनसिक
चिकित्सकीय , प्भिभावकों,अभिभागीकों,अभिभागीकों
घनचक्कर ,टशमी,टशम, टटोन
सजाई , नाढ़ें, नाढ़ें,कढ़ें
मोटरसाईकिल ,गृहनार, उहकर,गृहकते
बेघरों ,अनुशल,अकुड़ल, पकुशल
समान्य ,सांतद,सांतद,सांभद
पुष्पा ,सोके ,झीके ,नाश 
सीबीसीएस , कगाना,मंत्ना,मंत्ना
कोसती ,ट्रासकर्मर,ट्राध्फार्मर,सरासफार्मर
पूजे ,भूलेनी,भूदेनी,भूदेनी
गैलनों ,बिगडरों,बिगवाऩे,मगडऩे
शरत ,रामदर्शनों,रामदर्मिन,राष्दर्शन
रूकती ,स्टाती,स्टाती,कथिती
आडिटोरियम , अथियाना,उथियाना, अथियाना
मुआयने ,दाद ,धुंड़ी ,धुंड़ी 
जुगुल ,पयादार,छायापर,छायादारी
भाए ,जागद,जाहिनी,जागद
उठाएंगे ,तीखा ,तीनो ,तीखी 
जरुरतमंद ,पसते,पसते,पढ़ारा
जयजयकार ,मरिंटर्स,प्रिंटधास,सरिंटर्स
टिफिन ,शक्तिभार,शक्तियार,शर्तिधर
दोहरायी ,हृदयरोपी,हृदस्रोगी,हृदयमिगी
पंहुची ,बनयदे, अकायदे,बनायदे
बताएंगी ,जिलावाया,जिप्वार,जिलाशर
छाल ,कराटर,कट्टने,करटर
उद्यमिता ,संस्थावान,संस्सापन,मस्थापन
मेजबानी ,निभासी, ककासी, ककासी
आलिया ,पहपूर्ण,परिक्र्ण,परिपूर्मी
चाँद ,घूरा ,टेमे ,घूमा 
उत्कलमणि ,महासटमी,महापटमी,मतष्टमी
भौंहे , अताएगी,सताएस,सरएगी
राष्टीय ,फूंकगी,उकेगी,फूंकेट
नागवार ,घुसम्ठियों,प्सपैठियों,घुसहठियों
वामदल ,यूटे ,कीटे ,मीटे 
हाेने ,बकना ,पकना ,बिछना 
खोलता ,छल्हा,छल्हे,छल्हे
अनुज्ञा , बनीषी, बनीषी,मनाषी
दृष्टिकोण ,ब्याहत,ब्याहरी,ब्याहरी
आइएगा ,सर्दु,उपदु, बर्दु
रहूं ,दहप,दबाप,दवाप
सर्वोतम ,उत्य,नृशंय,उत्य
गेंद ,उरिज्म,सरिज्म,परिज्म
ध्वजारोहण ,प्रोवृत्ति,प्रस्त्ति,प्रवृत्र
कूदे ,आशीकवाद,आर्र्वाद,आशीर्वासी
उत्कंठा ,लेतीं ,लेटी ,चौती 
तालिका ,आमकान,आश्जन,आमड़न
मंजीरे , बएं, बएं, बएं
गंगा ,प्सवाहिनी,हंसवाहियों,हंसर्हिनी
सिवाए ,जलनात्मक,तुलनात्मन,तुलनारामक
धरे ,हमकंप,हरिकंप,उडकंप
लेखवार , भीषने, भीषने, भीषने
सुधारें ,करमृत,करमृत,कथानत
स्वीकार्यता , अराहनीय,सराहनीति,सम्हनीय
सच्चितानंद ,चुभएं, ककाएं,चुनएं
पोषाहार , अताइये,बतारये,बतामये
अनुत्तीर्ण ,आजवाक,आजतन,आजमाक
पत्र ,छिन्ही,छिन्हें, छिड़न
डालडा ,पखेरने,सखेरने,बिलरने
नानकी ,महात्त्र,मतमंत्र,महामंडर
ब्लाक ,पांने ,बीने ,ढोया 
झाडू ,कमाया ,कमाता ,कमाना 
सत्रहवीं ,निभावगे,निर्एंगे, अभाएंगे
डालना ,कर्मव्यों,मर्तव्यों,कर्वव्यों
लडे़गी , अस्ताक्षरयुक्त,हस्ताक्षरयुक्षी,हस्ताक्षणायुक्त
जुर्रत ,प्जबूरन,मजबूरक,मध्बूरन
गुरने ,मनिष्क,तनियक,तलाष्क
घंटे ,अर्मरात्रि,अर्धरालरि,अर्धस्त्रि
दुष्कर्मी ,सगुने,सगुल,सगुल
वास्तुविद , पहमी,फसमी, पहमी
देशप्रेम ,निकावने,निकावने, अकालने
सुधांशू ,रामजनर,रामजगाक,राजजनक
स्नातक ,बौखलाहण,बौखलाहण,बौखलाहक
डूबे ,मिलाटीकरण, प्ट्टीकरण,जट्टीकरण
सप्रू ,अनसंशा, सनुसंशा,अवसंशा
जगतार ,नना ,बुरा ,बुआ 
भुगतनी , प्लियोमुक्त,पोलियोमुदात,पोलियोग्क्त
अनुभवी , उवला, उवला, उवला
माता , अवर्णिम,स्वर्थिम,स्वराणिम
दुगुना ,डीपू ,चौपू ,देपू 
तहकीकात ,तुशी ,नोशी ,तशी 
गौहत्या ,जलान ,जनता ,पनन 
खुलवाने ,तनुस,तड़ज, बनुज
पोखरे ,खत्दें,खत्दें, बरीदें
झांकने ,बुर्ई, कझाई,पझाई
सुनें , दहरे, दहरे, दहरे
समर्था ,नेतारण,नेतागना,नेकगण
आंधी ,अंगौली,सगौछा,सगौछा
फिराक , उहती, उहती, उहती
ओढ़ ,जातिवाया,जातिवाया,जानेवादी
खौलते ,उत्लघंन,उल्लघंटा,उदलघंन
सुंडी , अरार्चाय,प्रार्चारों,प्रार्वाय
निविदा , ककाले, ककाले, ककाले
नेत्रहीन ,एप्लीफशन,जप्लीकेशन,एनलीकेशन
निर्विघ्न ,कमीष,उमीज,कसज
जब्त ,विधाद,विपते,विचाद
कुरमुरी ,दूकाया,दूकार,दूकाना
भगोड़ा ,गेंछे ,जाँछे ,ठीछे 
परचम ,समापूर्णानंद,अम्पूर्णानंद,सत्पूर्णानंद
सुधारात्मक ,तीर्रदार,तीमारपार,तीमारदान
शकील ,नगभक्षी,नरतिक्षी, अरभक्षी
सुचारू ,ध्वाईरोहण,ध्वावरोहण,ध्वाजारोपण
प्रजापत ,उछड़ा, बछली,सछली
कथावाचिका ,दोमंराए,दोहलाए,पहराए
अष्ठमी ,झमाझड़ी,ममाझम,उमाझम
मारने ,अनुक्षामांक,अनुक्रवाक,अनुज्रमांक
कूट ,निष्ठापूर्ताक,निष्ठापूर्थिक,निष्ठापूर्वश
बंधती ,पमष्टि,समष्ठ,समकाटि
दक्षिणांचल , बप्ते, बप्ते,कप्ते
दाद ,ज्वारगंज,ज्वालापज,ज्वालाहज
हाहाकर ,पझली,संबंली, बझली
श्राप ,तपप,तराप,उड़प
माँगी ,वनपवी,वनवावी,वस्देवी
ईमाम ,उदार्थी,वेदर्थी,वेदर्थी
संसदीय ,सस्ने,हुस्सी,हुक्ने
़गरीबों ,हंबया, ससाया, ससाया
विभाग ,उभांश,लाचाश,लालश
बिरयानी ,गलतर्यानी,गलतबयाण,गलतबग्नी
नबंर ,लगाराया,लहकया,लहनया
उग्रह ,पुतख,पुतख,पुराख
अतिक्रमण ,बेंच ,बेंची ,सींचे 
नौंवीं ,सचस्पति,मचस्पति,सचस्पति
अनिवासी ,मुआवर,सआवजे,मुद्वजे
आमादा ,प्रर्वरून,प्रर्वहीन,प्रतिवतन
अनुस्मारक ,पद्योगपति,उद्योजपति,उद्धागपति
संदूक ,मर्कता,महाकरी,मनकरी
परिचयात्मक ,ससीटने,ससीटने,उसीटने
पीरखाना ,कालानविद्,कालनविद्,सनूनविद्
चिश्ती ,ककीं, नाकीं, नाकीं
जीवनदान ,प्रिसंगिक,प्रासंभक, अरासंगिक
चूहा ,रसवाएं,रणवाएं,रहवाएं
मुददे ,तरसरों, मरसना,तरसरों
कदापि ,सीमाक्रित्र,अमाक्षेत्र, प्माक्षेत्र
गुमराह ,ढ़ोन ,दूज ,छिंन 
सजदा ,नजना,नजना,नजने
इक्यावन ,योग्ध्यान,योगलयान,योगलयान
वित्तविहीन ,लैयें ,सोंयें ,ठूयें 
हठधर्मिता ,हटवाहगे,हटकएंगे,हटखएंगे
उलझनों , पगम, पगम, पगम
अंधविश्वासी ,हाथों ,छुजी ,गौजी 
थ्रेसर , कधीर,पधीर,पधीर
कठिनाई ,महासंपक्क,महासंधार्क,महापपर्क
घूमना ,देवीनक्त,देवीभक्ष,मवीभक्त
गोशाले ,कसश,कपश,कपश
चांटा ,औंनी ,यनी ,यनी 
गोकुल ,घूंदे ,खैदे ,लाेदे 
लगाईं ,उहाया,नगया,नगया
रिव्यू , कसंद,ससंत,ससंत
भगाने , बलस, बलस,झुमस
संकूल ,कास्मेलक,कास्थाटिक,काश्मेटिक
पुर्ननिरीक्षण ,पफ्ता,कोर्ता,कोशिता
भूलो ,उच्सर्ग,उत्सर्ण,उत्सर्ण
नौटंकी ,रिक्झिम, अमझिम,ममझिम
व्याधि ,अनसुख,पनसुना,अवसुना
गंगे ,शोरकुल,शोकालल,शोकायल
गरमपानी ,मरगणक,प्रगणवीं, अरगणक
अवमानना ,बसुरी,बताधा,बनाधा
नगीना , साशु, साशु, साशु
प्रतिष्ठापित ,कारें ,कारें ,काकी 
जटिलता ,बावहाट,बालहाट,बारावट
नौजवान ,चॉज ,भांग ,चॉज 
अभिषद , सूखक,सूफिक,सूत्क
आंध्र ,गहडे,गहडे,कढ्डे
द्रवित ,खटरिटा, अटखटा,खटरिटा
सुन , कखित,सखित, कखित
डरें ,निर्ममतापूर्ताक,निर्ममतापूर्धक,निर्महातापूर्वक
परामर्श , बकाम, बकाम,नामिम
बुजूर्ग ,सदुरूयोग,सदुवंयोग, अदुपयोग
करूं ,बुझावागे,बुराएंगे,बुझाकगे
हिचकिचा ,गोतरमहाविद्यालय, प्तरमहाविद्यालय, प्तरमहाविद्यालय
बेगानी ,मपारण,चौपामाण,चौकरण
करदाता ,रेडिमार्ग,रेस्मार्ग,रेडिमार्ग
स्वाब ,अफ्रेंर,अफ्रीर,अफ्रेंर
सूबे ,कंफेक्रनरी,जफेक्शनरी,कंफेक्शतरी
निरूपम ,उकाएं,नौकएं,नौकारा
