﻿valid,invalid1,invalid2,invalid3
लोकजन ,सामान्याता,सामंन्यता,सामान्नता
तत्वाधान ,अनुयमितताएं,अनियमिनिताएं,अनियमितरीएं
प्रेमिका ,औधोगियों,औधोगियां,औधोगियां
पिंडदान ,नकावना,उकारना, पकारना
महका ,वनपात,वर्पाल,वनपात
दिलासा ,प्क्तिधाम,मक्तिधाम,भक्षाधाम
तरावट ,पथसत,पकसभा,मथसभा
गयीं ,लाले ,बिले ,लाले 
ईसाइयों ,चमझागे,चमरागे,चमकागे
खड्डा ,अन्ट्रासोनोग्राफी,अल्टीरासोनोग्राफी,अनुट्रासोनोग्राफी
खुदवाई ,मृलों ,मिता ,मिला 
दोराहे ,सापें,बपें,सापें
झुमके , प्युक्तिपत्र,नियुक्षापत्र,नियुक्तिपदर
छुएं ,छुट्वा,छुपावा,छुट्वा
एसएएस , उनाया, उनाया, उनाया
थिरके ,विकायी,विरायी,सदायी
अव्यस्क ,आपूरती,आयोर्ती,आपूर्थी
शोधकार्य ,चाहिने,चाहिने, चादने
लम्बी , अधारनी,सुधायनी,सुधाधुंनी
पालती , गिनई, गिनई, गिनई
अनार , बामीं,बमीं,बमीं
निशांत ,दमकालें,समकलें,दर्कलें
बढ़ेगा ,उरित्रहीनता,सरित्रहीनता,चरित्रहीनक
गुलाम ,हरस्भव,प्रसंभव,हरक्भव
भरता ,लगाएंर,लगालर,लगाकाने
सजता ,पहजनी,सहननी,समाजनी
माहवार ,प्लेकटीकरण,प्रकस्करण,प्लेकटीकरण
फिरकर ,उनहार,होर्हार,होर्हार
मचलने ,अजरामा,उजन्मा,अभिन्मा
लोकमंच ,टोकाटाने,टोकाटाने,टोकाटाने
समग्रता ,ज्ञातदय,ज्यानोदय,ज्ञानोदल
चतुर्थवर्गीय ,आजएस,आरएगी,आर्एस
सदोष ,विद्लन,विद्लन,विचलने
आखिरकर ,पलसेना,मलसेना,मलसेना
अड्डों ,निचना, सचला,निभाला
सोने ,हंनी ,हंनी ,खूब 
निर्दयी ,बंसी ,गोंध ,बंशी 
ईसवी ,सशक्तिकताण,पशक्तिकरण,सम्क्तिकरण
मिलाएं ,नामर्त्र,नामलात्र,नाममात्रों
अष्टम ,सथानातंरण,स्थानानुरण,स्वानातंरण
भाड़ , बवनि,ध्येनि, बवनि
शहरीकरण , बगारा,कगारा,कगारा
ठान , पक्रिय,सक्टय,सक्टय
रेशम ,विवेदिना, अवेचना,मवेचना
बंदगी , उराब, उराब,शहीब
मिटाओ ,लोकपत्व,लोकपत्व,पकपर्व
संजोये ,चाचा ,धुरे ,सुरे 
विचित्र ,रिक्शेवाद,रिक्शेवार,रिक्शेवाद
मझौला ,नक्सर्वाद,नक्तलवाद,नक्षिलवाद
प्रोफाइल ,कुदृष्ठ,कुदृढ़टि,कुलष्टि
छपे ,अभिलेत्रिकी,अभियात्तिकी,अभिप्त्रिकी
मनोरंजक ,बालझाप, अलरूप,बालझप
निर्मित ,प्स्तारण, अस्तारण,निर्तारण
लगवाएं ,उनसूबे,सनसूबे,मनोसूबे
सरायतरीन ,पशु ,ताके ,गुके 
गोपियां ,तपसंयारत,तकस्यारत,सपस्यारत
दोहराना ,कहंती,कहंती,महीती
सिपाहियों , बयाति,सयाति,सयाति
संघर्षी ,उन्पाती,उत्पास,उत्तती
तौर ,उत्मानी,उस्माया, सस्मानी
समझता , सहेड़ा, सहेड़ा, सहेड़ा
सिरी ,हरियात्क,प्रियाचक,हरियाचना
जुए ,टिकेश्वन,टिकश्वर, प्केश्वर
बनाने ,जिंनू ,रीनू ,रीनू 
सूरतेहाल ,अवल्पाहार,स्वनिपाहार,अवल्पाहार
तारे ,झांका ,झेंसी ,ढांसी 
बांधेगी ,कपऊ,पमाऊ,पमाऊ
उठाईं ,वर्णिमा,वनणित,वर्णिया
अर्हताएं ,पैदालर,पैमावर, मदावर
यज्ञकर्ता , उमना, उमना, उमना
जुटती ,विचाया,विचाया,विचायी
सत्याग्रही ,निपरती,निभारती,मखारती
डिमांड ,गुनमोहर, अलमोहर,गुलमोहट
मझला ,संपूर्णय,संपूर्णवीं, प्पूर्णता
श्रमशक्ति , बपेट,लपेड़ों,लड़ाट
बहाई ,विकमय,विनिमति,विकमय
सफलतापूर्वक ,राउंडलीप,रामाडअप,राउंडर्प
छुड़वाया ,उछूती,उछूती,पछूती
बेईमान ,मुनीराते,मुनीराने,मुनीमिज
ताले ,गोतरमहाविद्यालयी,पुतरमहाविद्यालयी, प्तरमहाविद्यालयी
उपचालक , कनेंगे,पनेंगे,सनेंगे
लगायेगा ,संस्यन,संचक्न,संस्यन
क्षारीय , सपंगता,अपगता,अवगता
टूना ,टोति ,भांग ,भांग 
चटकी ,नींग ,बौग ,दावों 
पढ़ाएंगे ,आधे ,आठों ,आधे 
दोहरी ,मरभंजन,प्रमजन,मरभंजन
पुरातन , हिरते,हिन्ते,हिन्ते
वर्तनी , गमते, गमते, गमते
टेगौर ,प्रतिशपर्व,प्रकाशपत्व,प्रकाशोपर्व
मिलनेवाले ,कवायें,पवायें,दहायें
ताजा ,उरभि,सुझाभि,सरभि
अटल ,नियापत,निपबत,निभाबत
पकता , अश्वकवि,पश्वकवि,मश्वकवि
अवतरण , उराईं,कपईं, उराईं
गुम्मट ,सरजने,पहेजने,उहेजने
घटनाक्रम ,सूरने, सूखमा,सूरने
दोहरीकरण ,सेवानल,सेवानल,सेशक्ल
डरावनी ,प्रौतिपादन,प्रतिपूदन,प्रतिपाहन
खटकती ,पूराणाहुति,पूर्यहुति,पूराणाहुति
पोंछे , बभाएं, बभाएं,सहएं
पुनरोद्धार ,पुस्तिकार,पुस्तिकाल,पुस्तिकारों
खट्टी , अमत्व,ममकव,ममकव
नक्काशीदार ,पुनर्वचार,पुनर्विहार,पुनर्विचात्
पराठे ,हवा ,हटों ,हटें 
पुर्नविचार ,हाेदा ,गोंद ,ठदा 
मगजमारी ,गर्भागीय,गर्भाशकों,गर्वाशय
जोश ,अमीध,अमीध, कर्ध
मचाएंगे ,धोबिश, पबिन,उबिन
संरपच ,परधानध्यापक,मरधानध्यापक, अरधानध्यापक
रुलाएगी ,पभली,कभली,कभली
हंसी ,विचायानंद,सद्यानंद,विशेयानंद
जताई ,बॉलीथिड,बॉलीबाड,बॉलीबॉड
मंगलाचरण ,दुरुवाती,परुस्ती,परुस्ती
सिखाते ,पिटए, पलाए, पलाए
छींटाकसी ,माँगों ,माँगा ,माँगों 
ग्रन्थ ,छानरो,छाएरो,छावरो
यांत्रिकरण ,हटाख,हटाख,उरख
समेट ,छीबी ,सेव ,सेतू 
आंटी ,सवजागरण,नवविगरण,नवजागरीण
मजलिसे , सुधाता, सुधाता, सुधाता
तरवारा ,दिखाकते,दिव्कते,दिव्कते
खेली ,तबदीय,पबदील, अबदील
फूंकने ,शपि ,लिखें ,शपि 
प्रतीकात्मक ,हूड़े ,पिंड़े ,लांड़े 
पारिवारिक ,पुख्स,पुख्स,पुख्स
सम्बन्धी ,पढ़ादे,पकदे, उर्दे
पछताने ,धर्वर्थ,धनमार्थ,प्र्मार्थ
अभ्यर्थियों ,उमोघ,अखाघ,अमोसा
रूपयें ,जुटायगा,जुटाधागा,जुर्एगा
मचाई ,क्रीत्रपाल,पषेत्रपाल,क्षेत्रबाल
सासंद , नाटें, नाटें, नाटें
तलाशेगी , खिलेनी, खिलेनी, खिलेनी
जगद्गुरु ,कब्जिए,पब्जाए,कटजाए
साथा ,बनसना,बरसभा,बदसना
सुजान ,प्नीकरण,वनीकर्ण,वनकरण
दिनों ,ग्रामोसभाएं,ग्रामोसभाएं,ग्रामरभाएं
उभरे ,उवगत,अवजत,अवगना
परोसी ,पुरू ,पुरू ,स्रू 
सरसों ,सालभव,मलभर,साहूभर
सुलझती ,औघयोगिक, प्द्योगिक,औषयोगिक
पर्दो ,सगवाएगी,लगमएगी,प्गवाएगी
अयोध्यावासी ,बंटाटा,बंटाटा,बंजाटा
कामो ,भुवत,भुजात,भुवत
उजागर ,आदना, आदने, आदने
सर्वसुलभ ,तैलीते, तैयाते, तैयाते
मुनीम , पिंडिरे, पिंडिरे, पिंडिरे
कलाकंद ,विधकएं,विस्वाएं,मधवाएं
अता ,समरूढ़,सतामढ़,सताएंढ़
वनरोपण ,जनसूरना,जनसूरना,मनसूचना
बिठाएं ,कष्टप्रक,पष्टप्रद,कष्टप्रीद
तलाब ,मित्याता,मिलारता,मिठारता
मनप्रीत ,चखता ,चढ़ाने ,चखते 
राज्यवित्त ,शिपा ,संापा ,संापा 
पितृशोक ,गंतवार,गंभीवार,गंगवाया
चुटीले ,आपाधारी,उपाधापी,आपादपी
बातिल ,पवनपुत्रों,पवनपुत्रों,पवनपुत्रों
चिपकी ,सिमों ,सिमों ,सिम 
जानबूझकर ,प्रस्धन,प्रमधन,प्रक्धन
नैनन ,आहनान,आहलान, महवान
चलाएंगी ,उसरीन, असरीन,नसरीरें
स्थापन ,फेकू ,फेरों ,छिका 
गण्यमान ,घपना, घड़िना, घड़िना
खरीदता ,ओवनहैड,ओवरपाड, अवरहैड
कोसता ,मकलौता,पकलौता,एकवाता
नवोदय ,हॉस्पिछल,हॉस्साटल,हॉस्पिस्ल
विज्ञापनों ,हितचिंतम,हितर्तक,हितलतक
गत्ते ,वापते,वाहस,वापते
शंखध्वनि ,मर्घष,पर्घष,संर्घरों
घिनौने , पहत, पहत, पहत
कारण ,कालाबाजादे,मलाबाजारी,कालाबाजाम
हर्ज , टोलिना,टोरंना,टोटिना
सांसें ,चौड़ ,चीते ,उंड़ 
विसर्जन ,बहबरता,बदबरता,बर्बजाता
मुकरने ,छौंश ,केज ,ढोश 
वर्गीज ,गंडाए,गंदए, बवाए
समर्पण ,बहिलागमन,बहिर्गठन,बहिर्गर्न
शाक ,लानने,लानने, लाईत
हुकमनामा ,चुनौदर,चुलदर,चुस्दर
धांसू ,पराबें,जुराने,जुल्बें
मुश्किल ,प्रहग,उरसंग,सरसंग
बैद्य , बमता, बमता,रसीता
निभाने ,आश्चर्यकनक,मश्चर्यजनक,आश्चर्यजनस
हटवाई ,गोंडपंना,उडवाना,गोंडवार
पारी ,जानेह,सनेगी,पनेगी
उपज ,स्वीर्ग,स्वजग, मवर्ग
संस्कार ,कैकी ,परी ,पढ़ा 
रुकेगी ,गोष्यां,गोड़ायां, उलियां
दांवपेंच , बदिब,पदिब,कदिब
घूमती , बाभा, बाभा, बाभा
अनछुए ,नजाकते,नहकत,नजाकते
बैशाखी , रोमांन, रोमांन, रोमांन
निर्माताओं ,बैठी ,डठी ,मीट 
लिखूं ,मुलाकारी,पलाकाती,पलाकाती
गोरा , उवान, उवान, उवान
फांसा ,वर्दना,सन्दना, अन्दना
बुझेगी ,कुशते,कुर्य, उर्ते
अधिपति ,छात्नी,छाएनी, उवनी
टिकती ,पार्तोष,उरितोष,सरितोष
संबन्धी ,बीआरी,बीतई,बीतई
यौगिक ,पल्लीवित,मल्लवित,पल्लहात
ब्रह्मालीन ,गुदछी,गुदछी,गुहाछी
पुनर्निरीक्षण ,मनाहगार,गुनाहगाया,सनाहगार
चट्टानें ,बारिरी, बालिरी, बालिरी
शुरुआती ,छींख ,मिख ,स्ख 
लक्षमी ,जिंदार्ल,जिंदालल, अदादिल
खिसक , प्चनानुसार,सूचनाधिसार,सचनानुसार
धड़कन ,रणनीतिकाओं,सणनीतिकार,रणनीतिकाश
हकदारी ,प्रस्वती,सरभावती,प्रभाषती
पीली ,रिकॉर्रग,रिकॉर्रग,रिकॉर्रग
विचारणीय ,शिल्पत्राम,शिष्पग्राम,जल्पग्राम
बीआरसीसी ,नाहंा, बाहंा,नाहंा
जोड़ा , बठेगी,उठेरा,उठागी
मुरली ,विषमवस्तु,विषयवर्तु,विषयवहीतु
ट्रॉफी ,अबोया,अमीध, कबोध
छमाही , पक्शा, पक्शा,उक्शा
खिलना ,पपकाई,चित्काई,चित्काई
गलता ,प्रांभार, अरभार,प्रेभार
रक्तदाता ,सीमागी,पखेंगी,सीटिगी
इंटरनेट ,पहुंहास,परिश्स,पहहास
सुजल ,डुबोध, बबोया,कबोया
पिंडी ,रोड़े ,चौपा ,धुपा 
क्लर्क , नासें, नासें, नासें
कवियों ,फूहगा,फूटेरे, फूलगा
पोंछ ,गर्ववस्था,अर्भावस्था,गणभावस्था
जागना ,उयंक, बयंक,महीक
कूड़ादान ,विराषण,विशेषरों,विशेषांण
घनघनाती , बईल,पईल,पईल
खीरा ,मचाठे,मचाठे,महंठे
त्रिभवन ,सौंस ,सौंस ,ठूठ 
तस्वीर ,चूसमर,चूसकती,चूसकता
सशक्तीकरण ,खम्हें,उम्बे,पम्बे
अतिक्रमणमुक्त ,सिलों ,सिलों ,सिलों 
मुखबिरी , बमिते,पमिते,कुल्ते
भूलते ,पफतौर,साक्तौर,साफतौल
शिक्षिकाओं ,उलीवर,रिलीबार,रिलीमार
जंजाल ,बदइए,बनाइश,पनाइए
जिलाध्यक्ष , उताती, उताती, उताती
बूझकर , अजनाकार,पजनाकार,योजनालर
सुलगी ,उद्योग्मंत्री,उद्योगमंत्व,उद्योगमंत्वों
कुसंग ,विपजान,विपणव,सपणन
अंगारे ,सहार ,बहान ,कहार 
जुआं ,मत्रबधू,पुत्रपाधू,पुण्रबधू
जनगीत ,अखना ,अर्र ,उखर 
मदहोश ,प्रबंधर,प्राबंधकी, अरबंधकी
सहूलियतें ,पार्ना,पार्ना,पार्ना
तिलकधारी ,पकरानी,पटराने,परिरानी
चमचमा , बनंग,अगग,अखाग
स्वार्थपूर्ति ,कथासंचक,कथासंचक,कथावाकक
खोजी ,सहस्त्व,प्हस्त्र,सहचात्र
