﻿valid,invalid1,invalid2,invalid3
गन्दा ,भंके ,टील ,लिके 
जगपति ,सखाना,सखाना, कखाना
शीतगृह ,सर्याच्च,समवाेच्च,सर्याच्च
शारीरिक ,खु़ट ,मिता ,मिलो 
रंजिश ,गिनगा, उरेगा,गिरागा
पिस्ता ,पद्योगीकरण,औद्योगीकरकों,औद्रगीकरण
समक्ष ,सिंडे़ ,लड़ीं ,लदे 
फलफूल ,खंडीला, कगाला,खंडिला
अवैज्ञानिक ,उतसक,उन्सक, अपासक
अनिश्चित , बवक, बवक, बवक
सुसज्जिात ,पषकों,पषकों,कृतिकों
जेल ,बर्एंगे, सनाएंगे,बनातगे
चपरासी ,लड़गा,सडूंगा,लड़गा
नित्यक्रिया ,उखाना,सखाना,सिकुना
चूमा ,राज्ञोमार्ग,राज्यस्र्ग,राज्यक्र्ग
स्वर्गलोक ,उड़सभापति,उपसभाशाति,उत्सभापति
गणराज्य ,पपंग, बपंग,अमीग
उपलब्धियां ,धुल ,खूंल ,कीड़ों 
हौज ,तलार्बे,तकर्बे,तजुर्थी
आईने ,शेबा ,शेबा ,शेबा 
पॉलीटेक्निक ,बेगुनाएं,बेसनाही,बेगुनाथ
प्राधिकरणों ,मंामा ,मंामा ,पांमा 
भरा ,शिष्प,शिल्हे,शिकप
लाटूश , मोटनी, मोटनी, मोटनी
सूनसान ,उरवाही,प्रांवाही,प्रवाई
खुलवाए ,बातचीला,बावचीत,उतचीत
पिसे ,दुव्यर्वलिर,दुव्यर्सिहार,दुव्यस्वहार
मधुरम ,जदेहजनक,संदेहजनवी,अदेहजनक
घुसपैठिये ,सहूंचे,सहूंचे,पहूंगा
कुंज ,पड़द,उठाद,सड़द
खुलकर , अदेलखंड,बुंदेलकड,बुंदेड़खंड
प्रत्याशा ,हिंदूवाने,सदूवादी,पदूवादी
ढूंढती ,मिटती ,मिलेता ,मिटक 
कवच ,अगकी, अखाकी,अगकी
बदलनी , बषा, बषा,नाषा
चीजे ,संच ,संशो ,संशो 
घुमाया , सतुर, सतुर,उतुर
चार्ज ,जादूसाज,सलसाज,जादूसाज
लहरों ,सर्वादयी,सर्मदयी,सर्यादयी
कांस्यकार ,अनुराची,उनुसूची,अवसूची
परांठा ,कोंस ,बैंस ,दास 
कब्जाधारी ,वेशकीमयी, अशकीमती,वेशकीमता
मंदर , बटीले, बटीले, बटीले
त्रयोदशी ,दोषमाद्ध,प्षसिद्ध,दोषमाद्ध
शख्स ,हैंडराल,हैंडपंल,पडबाल
बरगला ,शौस ,फांक ,फांसी 
श्रद्धाभाव ,उड़ार,उम्पों,उड़ार
गोताखोर ,उणवत्तापूर्वक,प्णवत्तापूर्वक,गुणवत्तापूर्धक
चूने , अलाशने,तकशने,तस्शने
नाटक ,छाया ,डाता ,डाता 
संकीर्तन ,पबटाने,निबन्ने,निभाटाने
सुखद , बमाती,पमाती, बमाती
सजकर ,सखवाए,रखलाए,रसोवाए
वीकेंड ,अनजात,अनपन,अनजात
नफरत ,सर्तान,सहतान,सहतान
गतिशील ,मद्धनों, सद्धम,मनधम
सलीका ,गुजरिता,गुजरिता,पजरता
देखते ,मूल्पवृद्धि,मूल्यस्द्धि,अल्यवृद्धि
पुरवइया ,शरदात,शरबल,शरदात
उभय , नाटें, नाटें, नाटें
मोरों ,कड़ा ,कहीं ,कहीं 
मखाने ,उढ़ती, सढ़ती, सढ़ती
हेलिकॉप्टर , लिफाने, लिफाने,लिपिने
बौने ,नृड़ ,छेड़े ,छेड़ी 
बढ़कर ,बलीं,बलीं, सालीं
कामगार ,बीएगी,बीएगी,बीएगी
प्रमुख ,उत्सीनता,सदासीनता,उदारनता
अंधेरिया , पछना,पूछेना, पछना
जनपदों ,समाजसेविक,समजसेवक,समानुसेवक
बदहवाश ,प्रेभुजी,प्रकजी,प्रहजी
सतरंगी ,वैल्फेयत, अल्फेयर,वैल्लायर
सताई ,चांद ,चांद ,कुंजी 
नामिक , कबुन, कबुन, कबुन
प्रिया ,हिस्दू,हिलदू,उन्दू
फिजीशियन ,महाचंडर,महाचंद्ध,महानद्र
ढाली ,तीव्रगण,तीव्वागति,तीव्रपाति
तटीय ,सववचन,शिलावचन,मववचन
चुनती ,शर्जी,शर्ज, उर्त
कन्या ,कटता ,पटता ,पीटना 
अफवाहें , सरतर, सरतर,सत्रिर
अराजपत्रित ,पढ़ागा,पहगा,कडे़गा
बघेरी ,सतदिवस,गतदिवती,गर्दिवस
स्मृति ,सहये,सहये,सहये
परिवर्तित ,ग्रस्य,मरस्त,ग्रस्या
अवशिष्ट ,तैयाली,तैयाली,तैयाली
गिलाफ ,संवानी,संवानी, संभाद
बंदा , सट्ठी,महंठी,मचाठी
चुप ,पणना,पणना,उणना
जीवंतता ,जयसर,जलेबंर,मलेसर
गिनवाई ,उफड़े,उमना,पफना
ससुरालवालों ,पुरुषवाला,पुरुपवादी,सरुषवादी
जायकेदार ,असक्षक,अधीकषक,अधीकषक
तकरारबाजी ,उठुरने,पठुरने,पठुरने
विशेषतौर ,उरत्यर्पण,प्रत्यर्मिण,प्रमायर्पण
कदम ,सप्तचर,गुरुतचर,गुलतचर
निकम्मा ,निर्धारियों,निर्धारियां,निस्धारित
वास्तव ,खर्गी,खर्गी,उलेगी
दर्खास्त ,रोडे़बाड़ी, अडे़बाजी,रोडे़दाजी
खरीदेंगी ,मकसूदगी,मनसूदन,मध्सूदन
खिंचाने ,रूप ,रूपो ,धंह 
क्रूरता , बशज,सशज,सशज
अनिश्चतकालीन , बहाही, बहाही, बहाही
लोगो ,गतिसीलों,गतिरामा,गरसीमा
बरछी ,चरद,चलद,चलद
अनिच्छा , अमितियों,समिनायों,समियायों
फ्लाईट ,मवागांव,नवालव,नवारव
श्रेणीवार ,उराशूट,सराशूट,सराशूट
आंगन ,जमारन,जबकन,जयरन
कीजिए ,अद्यकान,अद्यवान,अद्यवान
घात ,सहवहित,सर्वाहित,सर्यहित
नाटककार ,उछियारी,पहयारी,पछियाओं
छोडऩे ,प्रतिद्धी,प्रतिद्धी,प्रसियधी
मंसूबा ,सरदर्य,सरदलिद, अरदर्द
बनीं ,तकराक,तस्नीक,तकनीय
दोहराते ,उख्म, बख्म,पख्म
बहेगी , बाजीं,नाजीं, बाजीं
सेवाकालीन ,कधु, नाधु,कधु
जोकर ,गिलाना ,गिरना ,पनाना 
माध्याह्न ,तरर्बा,तलार्बा,तलार्बा
ताजिया ,कोड़े ,कोड़े ,कोष 
भरती , कबती,पबती,पबती
बंदी ,उएंगे,पिटगे,पिएंगीं
रिहाइश ,खदेदीं,खर्दीं, बरीदीं
भावना ,नजजन्मी,नवजनमी,नवजवामी
लहरी ,पुष्पर्र,पुष्टिहार,पुस्पहार
चित्रांश ,विद्रेताओं,विचारेताओं,पक्रेताओं
ब्याज ,त्जा ,गईं ,फंाजा 
परछाई , अबराये,घबन्ये,सबराये
उद्यमियों ,पबहू,हुलिहू,हुबले
वृद्धावस्था ,मुरबिक,मुताएक,मुतावक
सर्वकर्मचारी ,धनकशि,पनराशि,उनराशि
ऐंठन ,मरोसेमंद,भरोधामंद,भरोविमंद
भेंट ,सजारिर,सजाकने,सजाकता
फौव्वारे ,मनाता ,मरने ,मरते 
मालकिन ,जीवर्ज्ञान,जीवविज्वन,जीववितञान
लालकुआ ,ढूपा ,शांपा ,छाए 
पहुचेगी ,लेड ,पिंख ,टोंख 
खपाए ,रूपो ,चांठा ,भोंठा 
ऊंघते ,टूटेंती,टूटेंती, टूटेती
चेहरे ,धूमियों, धूलिल,धूमियों
लोकमान्य ,मिनिस्ट्रीयन,मिनिस्ट्रॉयल,मिनिस्ट्रीक्ल
मोजूद , पढ़ाड़ी, पढ़ाड़ी, पढ़ाड़ी
अव्वल ,जगनाइक,प्गनायक,जगवायक
भिजवा ,उचनाएं,उचनाएं,रचनाई
जिलेवार ,टूटकते,टूटरिर, टूरिकर
रोने , साड़िन, साड़िन, साड़िन
दबोचे ,विकन्न,पभिन्न,विभियोन
फंसे ,देकना ,सकर ,सकर 
व्यावहारिक ,मुर्या, कखिया,मुर्या
विलायती ,जिंशी ,दोंशी ,रानी 
बॉयकाट ,सुक्ष्यों,सुखष्म,सुक्षिम
अस्पतालों ,महत्यापूर्ण,महल्वपूर्ण,महत्वर्र्ण
चुनौती ,मलीबाल,बॉलीबान,पलीबाल
आयें ,मुचलन,मुरलका,उचलका
विसंगतिया ,मुककमे,मुकदरी,मुलादमे
अफीमकोठी ,पजोने,संजोड़,संगने
विनाशक ,रक्ताल्पति,अक्ताल्पता,रक्ताल्पति
अग्निहोत्र ,ऐंचा ,बेदा ,ऐंचा 
निभायेंगे ,थाल ,ढरी ,थामी 
सूक्ष्मजीव ,पहका ,पक्के ,पक्के 
रखा ,विद्यातिकरण,विद्युतिकरकों,विद्युतिपरण
मुगलकाल ,शीतलतारी,शीतलतारी,शीतलहल
एच्छिक ,कसहार, ससकर,कसहार
उपविजेता ,अभिफल,अनुफल,अवफल
लानी , प्क्युप्रेशर,एक्तप्रेशर,एक्तप्रेशर
विभेष ,सीडीमेओ,सीडीपीन,सीलपीओ
बैठती ,सासें ,डाजों ,झींजों 
पैतृक , अहूतियां,उहूतियां,आहूलयां
पुकारा , प्टरवाहन,मोटरवाकन,मोटरवाहक
गत्ती ,पयवसायी,व्यरसायी,व्यस्सायी
महाघोटाले ,पकए, कढ़ाए,पकए
दाने ,पर्वांगीण,सर्यागीण,प्र्वांगीण
रचने ,रूदा ,टदा ,कौंदा 
लाईं ,उतकाल,भूतरिल,भूतरिल
आसरा ,नांरे ,बॉरे ,बॉरे 
चराने ,रुबला,रुलारू,रुलारू
सरोकार ,बखो,कखो,कखो
दुघर्टना ,कपये,कसये,कसये
वादों , कचें, कचें, कचें
एमएमएस ,ईगता,ईष्ल, ईनाल
पुकारे ,आयोजल,उयोजन,आयोजर
टरकाया ,मतनादि,उतनादि,वेषनादि
भाड़ा ,मस्मान,उस्तन,मस्मान
दुर्दात ,कूडे़दारों,कूडे़दारी,मडे़दान
छटपटाता ,घनवायाम,घनसुयाम,पनश्याम
बादशाह ,रखषा,रक्र,रक्र
कुर्मी ,मनफिले,मनोफिले,मजफिले
आंवला ,त्रिशस्ण,त्रिस्रण,त्रिशरम
घनौला ,उद्घाटप्कर्ता,उत्घाटनकर्ता,अद्घाटनकर्ता
सांईं ,भटकर्र,भटवाकर,भयककर
जुड़े ,खेतीबाजी,पतीबाड़ी,खेतीत्ड़ी
शिल्पी , कथड़े, कथड़े, कथड़े
कार्यकर्ता ,शुभकामयी,मभकामना,प्भकामना
खरीदेगी ,संपादकीम,संपादमय,संपायुकीय
गूंजेंगी ,धर्मशास्थर,अर्मशास्त्र,धर्मप्स्त्र
आर्शिवाद , कपई, कपई, कपई
फलो , अक्तिगीत,मक्तिगीत,मक्तिगीत
गुंजा ,पीडि़ती, पीड़िती,पीडि़ती
मार्कशीट ,फैसती,फैलेंती, सलती
आर्थिकता ,भौला ,टली ,टका 
झरना ,निरालें,उकालें, बकालें
प्रतियोगता ,सहाड़िय,सरय्य,सर्य्य
कार्यों ,मरमाए,गरकए,परमाए
कोरा ,शहति,शहीति,शहीति
पिटवाने , बभाती,पभाती,उभाती
भोगवादी ,मेढऩे,सढक,मेढने
चट्टे ,हरीपर्वल,हरीपर्वर,हरीपर्वर
उफनते ,रासा ,थूसा ,पैना 
वालेश्वर ,पुत्तरी,पुत्तकों,पुत्तकों
आशय , पढ़ारी, पढ़ारी, पढ़ारी
इकलौता ,डिलक्षा,डिलक्ति,डिलक्त
घबराहट ,व्यरिन,व्यलन,व्यसर
सराहे ,चिमह, चिपह, चिपह
हरदम ,बिछदी, पन्दी,बिन्ही
श्रीधर ,सत्यस्ष्ठा,सत्यवष्ठा,जत्यनिष्ठा
साइकिलें ,घेधे ,धंधा ,धंधों 
अमंगल ,रिझाज,रिझाज,रिझाज
तरसता , अरजापित,प्रजापियों,प्रजाघत
उपाधीक्षक ,करदाट, अरवट,करदाट
विशिष्ठ , सरांत,प्रांय,उरांत
सुनिधि , भीतते, भीतते, भीतते
हारें , गवाद, गवाद, गवाद
पोछे ,आजम्भ, मरम्भ,आरदाभ
पत्रावली , पनमैन, पनमैन,मनमैन
स्वेच्छाचारिता ,पवाकर,सेक्कर, अवाकर
अगामी ,गौरी ,गौरी ,गौड़ 
मुक्के ,रिटाधार,रिटाकर,रिटाकर
सुधारने ,परयटकीय,जर्यटकीय,पर्यटजय
संभ्रात , नाकीं,ककीं,ककीं
घिरीं ,उलतू,पार्तू,पार्तू
चिन्ताजनक ,निरामजनक,निराशाजनवी,निराशाजनल
जवाहरात ,चेठा ,चेठा ,पेशे 
पीपल , बाखों, बाखों, बाखों
चिपके ,उपनिमिति,उपसवाति,उपसमिता
भाबर ,बागबार,बारबाजी,बारबान
मंगवाता ,सर्यास्व, अर्वस्व,सम्वस्व
पलटी ,विद्यार्वगण,उद्यार्थीगण,विद्यात्थीगण
खांसने ,मदों ,मदों ,जेढ़ा 
झाझर ,रूपे ,गीपी ,ढ़ापी 
निर्भयता ,शीतलकर,प्तलहर,शीशलहर
मलय ,छाएर, छानर,छात्य
महाविद्यालयों ,प्दुस्तानी, अदुस्तानी,हिंदुरूतानी
खासमखास , उचता, उचता, उचता
जनमत ,खेलझर,खेलकती, खेतिकर
लाएगी ,बांटेती, कधती,बांधेंती
खंभे ,चंर ,ढ़ोर ,कूंर 
खोई ,किशोमत,किलोमत,किस्थात
निष्पादित ,ज्यामिक,ज्यारिति, अयामिति
हिचकेंगे ,आसाय,कद्य,कद्य
आधारभूत ,प्राहण,प्रासण,प्रागंज
