﻿valid,invalid1,invalid2,invalid3
आवाक ,ठोस ,शेके ,भंके 
बिखरेगी ,मैपने,मैदाल,मैपते
चित , कितात, कितात, कितात
बेचेगा ,राजनोयकृत,राजरयकृत,राजकीयकत
सहसमन्वयक ,रंगकर्ण,रंगलार्मी,रंगकशीमी
लड़ेगी ,खिंचन, सचवा,खिंचक
जनविरोधी ,संवजती,संवजती, अवरती
बेरंग , घिमाने, घिमाने, घिमाने
सुपरस्पेशियलिटी ,उराशा,कराशा,निशाशा
बरसाए ,बंसीवाई,बंशवाई, मटवाई
अमृतमय ,नुटों ,कीट ,कीड़ों 
अच्छे ,चूड़िता, ककता,चूल्ता
श्रावणी ,शिवयती,शिवायती,शिकाइती
नचाने ,तोड़रे, उहरे,तोड़ेरे
उछाली , अदमित्र,वेदर्त्र,प्दमित्र
साधन ,कबोचा,दबोट,दवाचा
वाह ,मनोरंज्ञानिक,मनोवैज्ञानियां,मध्वैज्ञानिक
अडे़ ,लौंचे ,साँचे ,साँचे 
भौंहें ,जनदगी,जन्दर,सन्दगी
जागरुकता ,अधोहस्तापूषरी,पधोहस्ताक्षरी,अधोहस्त्क्षरी
कब्र ,ममनाएं, समनाएं,कामनाई
हैवानियत ,थानास्थर,थानास्तन,थानास्तार
संगम ,प्रोजनन,सरजनन,सरजनन
मणिकर्णिका , दर्ताना,दलताना,दस्तिना
हादसाग्रस्त ,प्लाकृत,प्रांकृत,पराकृत
प्राजेक्ट ,रेदों ,लिदों ,फेंदों 
भाषा ,समेरे, बमेरे,उमेरे
वानप्रस्थ ,धुम्रहन,धुम्रवान,धुम्रपार
पांडु ,फिजूरी,फिजूस,फिजूस
पर्यवेक्षीय ,बारिये,बारिये, बरिकी
बढ़ो ,सा़ग ,सा़ग ,पोग 
नवबंर ,बढ़ाश,बढ़ाश,उख्श
बत्ती ,उताएंला,उलवला,उतावत
भूलवश , मवनीत,अवजत,उवनीत
पिलवाने ,पर्वेक्ष्क,पर्वेसषक,पर्वेसषक
डिस्पोजेबल ,कबूतों, पबूल,कबूतों
पंगु ,परिजतों,पकचितों,परिचिमी
पृथक ,स्वारनता,स्वाधीनर,स्वायोनता
विकेट ,पाचदी,पावदी,पाबंर
संग्रहक ,भावनाशत,भावर्मृत,भाषनामृत
चीज ,तीज ,वेज ,ऊंट 
सजाएं ,शरस्गति,शर्णागति,प्रणागति
आक्सीटोसिन ,शीतप्द्ध,शीतयुद्रों,शीतयुदध
उनसठ ,भांजर,भांजर,भांजर
कहुआ ,तगाली,तड़दा,तपदा
व्यक्तिकी ,कुषादों,सषाण, बषाण
टूटी ,सवंद,द्वंय,द्विद
सकरात्मक ,श्रेमठतम,श्रेष्ठतन,श्रेणीठतम
अदरक ,वृक्द,वृहरी,वृहरे
कूटने ,वायरराय,वाचसराय,वायसवाय
निरक्षरता ,पसलिम,मुसमम, असलिम
खोजे ,सम्पलैक्स,कॉम्पराक्स,पम्पलैक्स
ताप , उचनी, उचनी,सोचिनी
अंचलकर्मी ,बिलमालाए,पलबिलाए,बिस्बिलाए
मामुली ,ओमप्रकारी,ओमप्लेकाश,ओमप्रेकाश
दबोच ,जगना ,जगने ,सगता 
मनोरथ ,उत्रिम,कृष्रिम,कृत्तम
केज ,उत्राजना,उदतेजना,उत्तेजय
पदभार ,मार्शाक,मार्शाक,मार्मिया
गरमी ,प्रायोथिनी,प्रार्वानी,सरार्थिनी
स्काउटस ,माया ,माल ,माल 
किश्ती ,अंकड़णित,अंकगणत,अंकगबात
यमदूत ,कमिष,उमिष,निमियों
निपटाएं ,सहए,उमाए,उमाए
मनायें , पताएं, पताएं, पताएं
निरक्षर ,मौकारारस्त, प्कापरस्त,मौकापरस्था
तंबू , प्धिकारिक,अधिष्रिक,असकारिक
नाश्ता , बफरी, बफरी, बफरी
संवेदनहीन ,बायें ,चिंटी ,छींटी 
फोड़ने ,भाके ,चौकों ,चौथा 
सुरक्षाधिकारी ,पजाएंगे,बजारगे,बदएंगे
संट्टेबाज ,उहुंचने,पहुंचेंने,परिचने
बहुसंख्य ,अपचारिकतायें,औपचारियातायें,औपरारिकतायें
हटाता ,पनवाई,सुनकई, अनवाई
दानेवाला ,निवार्थन,निर्र्चन,निवार्रन
कटाना ,घुमानदार,घुमाशदार,घुमावरर
शवदाह ,सडात्मक,दंपत्मक,दंडात्मयी
मुस्तकिल ,विश्लांगता,विद्लांगता,विचालांगता
नियमों , प्ज्ञानदेव,विज्रनदेव,विज्ञानदेह
निराकार ,रेशी ,खुली ,खुदा 
भगाते ,उचाता,उचाता,सचाता
चीखपुकार ,उड़चाधिकार, प्च्चाधिकार,उच्चाधिकाओं
प्रेषित ,लिपिटें,सस्टें, बस्टें
तरसती ,अंत्ताष्टि,अंत्येदाटि,अंकयेष्टि
सर्दी , वाचब, वाचब,वायब
अज्ञानी ,बहाकी,बनाकी,बताकी
व्यायाम ,सुदंगी,पदंर,सुदंड
जीवाणुओं ,बिछाहा,बिछाहा,बिछाहा
आयोजना ,ऊँरो ,ऊँरो ,कूरो 
बाजरे ,फौरण,फौरण,फौरती
पूर्वाभ्यास ,रूहावादिता,रूढि़वादिर,रूहावादिता
बिगाड़ी ,साहूष्य,सामाष्य,साहूष्य
कनुप्रिया ,झकलरने,पकझोरने,झकझोरण
नये , अदनीय,मदनीय,निंदरय
व्रजपात ,मनोवाया,उनवाया, अनवाया
उपजिलाधिकारी ,सनिब,उनिब, बनिब
रूपहले ,जताता ,पलता ,बलता 
प्रभाग ,वृद्रश्रम,जद्धाश्रम,वृद्धाविरम
कमाकर ,पूर्तत,पूर्तत,पूछणत
तोड़े ,तलाबूज,तहबूज,तहबूज
बद्धता ,उज़ार,उज़ार,सज़ार
एनएचएआइ ,अाहि ,घेहि ,देगे 
खुशबू ,हिंधी ,घोंधी ,आँख 
लाटरी ,जूझली,जूझली,जूलुती
दीवान ,रीतिरिकज,रीतिरिवार,रीतिरिवाद
बिफर ,सकारात्मभूता,सकाराध्मकता,समरात्मकता
पावे ,लुहाने,लुहाने, लुढ़न
फुलझरी ,राशट्रभाषा,राष्परभाषा,जष्ट्रभाषा
सांप्रदायिकता ,पुनरूद्धारी,पुनरूद्धानों, प्नरूद्धार
छूमंतर ,दहाशें,दर्शें,दहशें
भगवन्त ,विकेंद्रीयत,विश्द्रीकृत,विकेंद्रीकृति
संभालेंगी ,पविका,सेहका,पविका
बर्खास्त ,वीव ,येव ,वीव 
तैय्यब ,वनलेगी,वरिलेगी,वसूलेट
शायरों ,बढ़ाट,सजट,बढ़ाट
पेशे ,ऐलाकें,ऐनता,ऐनने
अग्रसर ,उपसंस्थन,उपनिस्थान,उपसंस्थानी
समुंदर ,अपीलकलता,अपीलवार्ता,अवलकर्ता
थिरकना ,सरासफारमर,ट्रासफारमरों, प्रासफारमर
कम्प्यूटराइज्ड ,नोटिलई,पटिफाई,नोचफाई
हस्तगत ,प्रवाया,प्लावाल,प्रवाई
सुशिष्या ,पराध्यापकगण,प्राध्यापरागण,प्राध्यापकगत
हिलोरें ,संबद्धनों,संबकधता, प्बद्धता
झपटते ,आदमराद,आनंमकद,आत्मकद
जंगले ,त्रिवाप,त्रिवाप,त्रुदीप
राजस्वकर्मी ,अभिपटी,मटपटी,अटकाटी
धरी , सुलती, सुलती, सुलती
जलेंगी ,लगाष्य,लक्ष्ट,लक्टय
चितिंत ,कसूलों,कसूड़े,कसूड़े
पपीते ,बुरार्गों,बुजुर्ण,बुजुर्थी
शौकीन ,अगुआती,अपआई,उगुआई
अगस्त , घुसेना, घुसेना, घुसेना
पीटने ,हंड़राज,पसराज,हंसराना
योजना ,पौष्टिकल,पष्टिकता,पौष्टिनेंता
नाता ,व्योज,व्योज,व्योज
पिछवाड़े ,पमाते, बमाते,पमाते
वसूलते , अरजाघरों,गिरतिघरों,गिड़जाघरों
मुस्कुराने ,अवकाशप्रायत,अर्काशप्राप्त, प्वकाशप्राप्त
विचारोपरांत ,उडकास्टेबल,हेडकास्टेबन,अडकास्टेबल
गंगाजल ,वृत्तर्त्र, प्त्तचित्र,वृत्मचित्र
उगाकर ,अनुयर्थना,अभ्यर्थलों,अभ्यर्थली
बजरी , फेफने,फेरिने, फेफने
दोहराएंगे ,पंच ,पंच ,खूंच 
लपकों ,करायाना,करियाओं,करायाना
निर्वाचन ,उखेंगी,रस्गी,रसीगी
ठंडापानी ,उवमीं,नगमीं,कवमीं
द्वीप ,कालोनिक,पलोनियों,उलोनियों
जाल ,कार्रंवार,मर्रंवाई,कास्रंवाई
गंगातट , बषीण,उषीण,पषीण
बरबादी ,सवितीय, पविनय,सर्नय
अग्निपथ ,गौरवस्यी,गौरक्मयी,गौरावमयी
ढालकर ,पञात,ज्वात,कञात
पड़ाव ,पाचनी, उलनी,पाचनी
धमकने ,उरगुल,शोभगुल,शोरगुण
बिकाऊ ,शीशपात,शीशरूल,शीशपात
परोसना , अतारते,उताएते,उत्रते
पुरुष ,वृष्दा,वृक्दा, पन्दा
दसवा ,मवामित्व,स्वीमित्व,स्वायोत्व
ठगी ,उढ़त,उढ़त,उढ़त
देखादेखी ,सट्ठी,सट्ठी, सहटा
पश्मीना , सुधाता, सुधाता, सुधाता
समझदारी ,प्हापात्र,महापालर,महात्त्र
पीरो ,निरायोवादी,निराशालादी,निराशालदी
टूटे ,कपगी,कपगी,कपगी
पहचानो ,सर्हर्ताओं,समाहर्मिओं,समाहरताओं
खम्भे ,दबकता,दबरार,मबकर
गोपालधाम ,प्रेरणास्त्मत,प्रेरणास्वरोत,उरेरणास्त्रोत
पथप्रकाश ,चाँया ,नशे ,नवें 
तलवार ,एसबीआम,एसलआइ,मसबीआइ
चढ़ानी , ब्यौज,ब्रना,ब्रना
हसरतें ,दिलबस्पी,दिलगास्पी,दिलमास्पी
प्रसंघ ,अंबेवस्त्रम,अंगववित्रम,अंगवतात्रम
जंतु ,छेद ,छेड़ ,ढे़ड़ी 
प्रतिपक्ष ,चुशा ,चुशा ,पेड़ा 
साहित्य ,भुड़ी ,दाड़ी ,डेंड़ी 
हुक्मनामा , अडाफोड़,भंडाधाड़,भंगिफोड़
पसीना , उराणी,प्रेणी, उराणी
सीमांत ,उहुचाएं, अहुचाएं,पहुचारे
अनुरोध , हमया, हमया, हमया
रोककर ,भृगुनंदर,भृगुनंदगी,प्गुनंदन
मुखियाजी ,कष्यों,पष्यों,सष्यों
विरोध ,मुकी ,ताजे ,मुकी 
संदेह ,एलोनिथी,एकपैथी,एलोपैती
उपकृषि , दुखर, दुखर,दुलाएं
समस्या ,दाई ,फंई ,छुड़ा 
पाठ्यचर्या ,पछत्र,नछड़र,पछत्र
दुर्भाग्य ,शरक्षी,शतामषी,शताक्त
जजमान ,योग्रीताधारी,पग्यताधारी,योग्यताधारा
खिड़की , जीवंते,जीतरा, जीवंते
पुष्पवाटिका ,उभास,उभायें,उभास
गुरुभक्ति ,राजयताना,राजपुष्ना,प्जपुताना
अधिसूचित ,व्यायरी,व्यासरी,व्यासरी
प्रभारियों ,फलाशर,फहहार,फटहार
खेलें ,मयसेंस,लायलस,लावासेंस
कातिलाना ,पतर ,स्थार ,स्थर 
महानता ,बैरमे,बैनाने,बैनाई
सलोचना ,म़जरिरी, अजदूरी,म़जरिरी
सुविधापूर्वक ,पश्वर,नववर,नशेवर
अभिरूचि ,दिनभवों,पनभर,दिनभव
फैक्टर ,जुड़ाए,जुल्व,जुटव
बेटे , पढ़ाल, पढ़ाल, पढ़ाल
पलकें ,भूकंजा,भूदेप,भूकंज
उच्चारण ,गुरस्चन,गुरवस्न,गुरवस्न
घंटाभर , दबाका, दबाका, दबाका
लोमहर्षक ,बुआ ,केथ ,बुआ 
चर्चा ,कबां,बबां,कबां
आयी ,फेसिंन,फेसिंन,फेसिंन
बड़कोट , उलाते, उलाते, उलाते
अगरबत्ती ,भाईचान,भाईजाने,भागीजान
निहित ,बाक्साहट,बाहुसाइट,पक्साइट
औधे ,कुचद,कुचद,उमुद
अंतर्मुखी , प्क्षत्कार,साक्रत्कार, प्क्षत्कार
स्वस्थता ,हॉना ,ओेना ,कामों 
समेटने ,ईष्मी,ईनाने,ईनाई
बौरी ,पसमानता,असर्नता,असमानन
कुपोषण ,मनवहक,मनवहक,मनवाहक
नत्थूराम ,गुनग्रंथ,प्रुग्रंथ,गुरुपरंथ
सुरा ,लोकसंधाकृति, प्कसंस्कृति,अकसंस्कृति
कराता ,वामपंपों,वामकथी,ममपंथी
पीनी ,जादूगति,मदूगरी,उदूगरी
नाचा ,पीलाएन, सलापन,पीलाशन
संयुक्त ,सरस्तुत,मरस्तुत,प्रस्यात
फुटा ,कमागी,कपगी,कपगी
कुंडल ,देरमाम, अरशाम,देरहम
जाएंगी ,सतरामी,समानामी,समानामी
खरीदते ,पाठबंलाएं,पारंशालाएं,पारिशालाएं
क्रिकेटर्स ,स्थितिता,उथिरता,स्थिरने
बगीचे ,बिछाड़,बिताड़, कगड़
सतकार ,निर्माणनर्ता,नियमाणकर्ता,निर्वणकर्ता
मुखबरी ,जष्टिकर्ता,सृष्टिकल्ता,सृष्टिशिर्ता
सौपेंगे ,भाईयी,सषायी,सषायी
सेवामुक्ति , बिताली, बिताली, बिताली
भेंटें ,असामयिकों,असामयिम,असामयिम
सुविधाएं ,पूर्णायरी,प्र्णागिरी,सर्णागिरी
ठाठ ,कृपादद,कृपाहिद,कृपासद
प्राचार्यों ,रंजो ,खुंगी ,चैगी 
निदेशकों ,उलटेन,मलटेन,लालझान
अस्वीकृत , धर्क, धर्क,धन्क
मसालेदार ,पैदाईया,पैरोईश,पैदार्श
छांटा ,खदेभा,खराभा,खदेभा
हटाएगा ,पार्शायां,पायटियां,पावटियां
जाऊंगा ,स्वर्णनदक,स्वप्णपदक,स्वर्णपदना
शौचालय , उलना,तुम्ना,तुम्ना
बाइकर ,झूढ़ा ,झूढ़ा ,धृढ़ा 
संबंद्धता ,क्रुद्र,क्रुस्ध,क्रुस्ध
उथली ,मटवारे,सटवारे,बंधवारे
गुलाबी , मिर्ने, मिर्ने, मिर्ने
रचाने ,मुक्तवार,मुक्षासर,मुसतसर
सुनाए ,दरकाओं,दहकार,दरहर
कुरकुरा ,एवं ,नुजे ,गेजे 
