﻿valid,invalid1,invalid2,invalid3
शक्तिपीठ , गिनई, गिनई, गिनई
छिपने ,महकेस,महकगा,महरागा
अपर्याप्त ,विस्षोभ,विक्कभ,विस्षोभ
अहंकार ,प्रेत्यावेदन,प्लेत्यावेदन,प्रात्यावेदन
कटार ,पडसारी,पडसारी,खांडपंरी
रोजगार ,बताता ,बरते ,बढ़ाता 
खुदवा ,बखें, बाखें,बखें
ताज्जुब ,मचएएस,एचनाएस,एचड़एस
ढोरी ,सजावली,सजारिटी,सहवटी
गवई ,रोरे ,ररे ,खभों 
नगरध्यक्ष ,जलाने ,जलाने ,जमाने 
प्राथमिकी ,सर्मती,उलामती,उलामती
घटो ,मलक्टर,कलवाटर,मलक्टर
विनियमित ,राजमगाल,राजमगाल,राजमनाल
एहसास ,उसब्र,उसब्र,ससब्र
सुलझाना ,जिम्पजियम,जिर्नेजियम,जिम्प्जियम
मुगल ,फजना,फजना, पजले
दुगुनी ,अनुष्ठात्री,अभिष्ठात्री,अधिग्ठात्री
अभ्यारण ,जॉता ,जॉता ,चॉता 
मुआयना ,निकाद,कशाद,निशाख
नृप ,प्लदाउदी,गुलदातादी,गुणदाउदी
एबीपी ,घेरगी, बरेगी,घेरागी
बकवास ,थूग ,भोले ,भोला 
स्टंप ,चटचायें,चर्शायें,चर्चारे
मांगें ,गुरमुनि,मरमुखी,गुरवाखी
ढकोसला ,झौंए ,बीघे ,बीजों 
सचिवालय ,जुड़मी, बल्मी,पल्मी
थानध्यक्ष ,आत्तों, बत्म, बत्म
भग्नावशेष ,बूंदालदी,पदाबांदी,पदाबांदी
मादकता ,सांस्तुतिक,प्स्कृतिक,सांख्कृतिक
कृष्णांजलि ,कृमिनाशर,कृमिश्शक,कृमिनाशनों
शानदार ,रीडर्द,रीडर्द,रीडपंस
बदनुमा ,पगने ,बगने ,रेंगना 
शतकीय , चढ़ाल, चढ़ाल, चढ़ाल
बघौरा ,खोखती,खोखती,खोलेंती
रूकावट ,उलझरी,उत्झना,उतझना
नुमाईश ,उत्हार,पपहार, सपहार
घोडे़ ,भोरी ,भली ,ढूरी 
फेरा ,उमणीय,रमकय,समणीय
माल्यापर्ण ,पराफिक,पराफिक,ट्राफिले
ढक्की ,पंचायतवास,जचायतवासी,पंचायतरसी
दातिए ,पत्स्थापित,अदस्थापित,अदस्थापित
रस्में , सचाये, सचाये,उचाये
घेरी ,कांप ,कांपी ,एेधे 
उत्तीर्णता ,रुखसभा,रुखसन,रुखकत
खींचता ,खैंटु ,छिंटु ,जूटु 
सेना ,पनिमेष,अनिमेड,अनिमेड
कगार ,प्मियोपैथी,समियोपैथी,पमियोपैथी
कालेधन ,रुकीं ,रुकीं ,रुई 
खेमे , होम्का, होम्का,होकका
फटाफट ,सलुकदार,सलुकदार,मलुकदार
झूलना ,गिरीतिपति,गिरीकेपति,गिरशपति
बेराजगार ,उरंटर,परंटर,पि्रंपर
ट्राम ,खुंखाने,खुंखाने,खुंखाए
पूर्णियां ,नागीं,नागीं,नागीं
भागीदार ,औषरया,औषरया,औषमया
आशाएं ,सषभ,ऋद्भ,पषभ
प्रावैधिक ,धूंड़ ,सखी ,धूंड़ 
समुंद्र ,भैहे ,बचा ,नौंहे 
पसारता ,सलटीसी,एलटीन,सलटीसी
परवाने , पहई, पहई, पहई
बम्बे ,महारर,उहावर,महाड़िर
कैंची , प्वसरवादी,अधिसरवादी,अवसरवास
पीएं ,उठाति,उड़ाति, कक्ति
सुसमाचार ,डेरे ,डेरे ,छीरा 
झुकाव ,दाता ,डॉगी ,ठेगी 
ब्यौरे ,कदाचारतिक्त,सदाचारमुक्त,कदाचारामुक्त
पढ़ोगे ,बिखरात,बिसमत,बिसलत
भक्ती ,प्रहप,प्लादीप,प्लादीप
घोली ,सगानी, कगानी, कगानी
खाएंगे ,अग्निशामत,अभिनिशामक,अग्निकमक
दोपहर ,उर्सरी,पर्सरी,नर्मिरी
घिरी ,मारकड़ी,मार्वाड़ी,मारहड़ी
सुनिश्चत ,बढ़ाकों,सटुकों,बहाकों
शिवेन्दु ,गहमागहक,अहमागहमी,गर्मागहमी
खदेड़कर ,चित्तरंजय,चित्तर्जन,चित्यरंजन
दविशें ,नियंत्मण,नियंत्सण,नियंत्मण
आपात , डांडिना, डांडिना, डांडिना
धुरंधर ,निकेनिंन,निकेतक,निकातन
पिटायी ,प्रह्नपति,प्रधानतिति,प्रधानपण
अधिवास ,बाघ ,भंले ,भंले 
सूजन ,रूकेन,रूढि़न,पझान
टायफाइड ,सद्घ, कद्घ, कद्घ
हृास ,विसलजित,विसर्षत,पसर्जित
खर्चीली ,कोयरे, उहरे, उहरे
निकालेंगे ,समुदानत,समुन्द्त,समुन्नर
गुजारे ,उल्लेखटोय,उल्पखनीय,उल्लेखलय
मिर्च ,कोंरी ,कोनो ,कोण 
नोडल ,नाचगे,नाचगे,उचेंगे
अंतरदेशीय ,सपरिवाले,सपरियर,सपरवार
सक्रांति ,फर्य,फसश,फटश
न्यायालयों ,पांटे ,वंटे ,कुयें 
राजाओं , अरंपच,सरंजच,सरंपर
अध्ययन ,कोरी ,कोरी ,रारी 
दर्द ,कंजस,सजूस,कंबस
अन्वेषक ,फलाशरी,फलाहारा,फलाहारा
नाचती ,पडाधार,उडाधार,मडाधार
निकाल ,कवांशी,शिविशी,शिविशी
लोकलाज , कमाका, कमाका, कमाका
जलूस ,शनिमिदा,शहमिदा,शर्शादा
प्रतिक्रियाएं , भट्ना, भट्ना, भट्ना
लहंगा ,गडली,गडरों,गडरों
अस्सिटेंट ,भुगया, उलाया, उलाया
नेस्तानाबूद ,वस्लती,उसूलती,वनलती
प्राकृतिक ,रूकेली,रूकेली, बपाली
झाझ ,विलाएं, विचास,विलाने
टकराई ,पढ़ाने ,पटाए ,उटाने 
सजायी , धवाब, धवाब, धवाब
रफ्ता ,रोहिगे,रोपगे,रोपगे
खेलत ,सिद्य,सिकुधा, कद्धा
विजेता ,डिंनो ,थानों ,नुनो 
बांधनी ,निर्वार,निकवाही,निर्जही
मसाले , भांबने,भांपन, भांबने
बहना ,सबलते,सबटाता,सबलने
पाबंद ,धनसान, उनसारी, उनसारी
निर्जल ,मलकीयक,पलकीयत,मलबयत
विलंब ,गाकता,गाड़िर,गाकता
जनसभा ,तेन्नआ,तेन्होंआ,तेन्दुल
दुश्वारी ,कपजे,कमाजे, बब्जे
दुर्गामंडप ,कंचे ,कंचे ,कंचे 
घबराए ,करूरी,करूरी, कपण
सरहदें ,संबंरे,संबंरे,संबंरे
हालिया ,रसइए,उसोइए,मसोइए
सपूत ,जाओं ,साँले ,जाग 
पुलक ,बुंटे ,छूने ,बंटे 
लेबी ,कार्वारूप,कास्यरूप,कार्वरूप
खाऊंगा ,कृतसंगल्प,अतसंकल्प, प्तसंकल्प
शूरू ,ज्ञानस्थलों,ज्ञानस्थन,ज्ञानस्थलों
महकेगी ,परम्यराओं,परह्पराओं,पत्म्पराओं
नज्म ,भूकधर,भूमिधनों,भूकधर
आयुद्ध ,बेबुनिवेदी,बेरानियादी,बेबुनिवेदी
उपसंचालक ,खटों ,पिंटों ,छोड़े 
मेलाध्यक्ष ,उराजी,विराए,विराए
रक्षावाहिनी , चमती, चमती, चमती
झांकती ,चन्द्रग्रस्ण, प्न्द्रग्रहण,चन्द्रररहण
बांधता ,ठोंकी ,खौका ,धका 
गबरू ,उथ्य,तड़य, बथ्य
सुस्पष्ट ,आपष,आपष,आशीला
निन्दा , प्रोबिक्स,एरोधाक्स,एरोबिक्षा
गुरूजन ,ऋरें ,जि़रें ,दलो 
सुर्खाब ,ढाढ़न,ढाढ़न,ढाढ़न
रीले ,सतीत्र,सतीत्रों,सर्त्व
किक्रेट ,ज्वालादेही,सवालादेवी,ज्वालाकवी
महकने ,मौजमर्ती,सजमस्ती,मौजमनाती
बंजारी ,प्रासे,सयासे, बयासे
बदहवास ,टशरी, टलरी,टटोरी
मानहानि ,देती ,चांह ,देती 
कदर ,वैद्यनाथली,वैद्यक्थन,वैद्यनाथलों
वसूले ,छीनकने,छीनपर,छीनदार
मर्यादाएं ,कंपउंडर,कंपायुडर,कंपापाडर
जगमगा , बशबू,खूबिबू,खूशक
शॉल ,पुतत, पुर्त, पुर्त
संग्राहलय ,तस्सने,मरसने,तरसभा
कास्तकार ,संलेखर,संचाखना,उलेखना
नवाचारी ,नाली ,खोम ,नालो 
रातोरात ,तामेश्वना,तामेश्यार,तामेश्यार
संग्रहालय ,शत्तता,शत्तता,शत्रिता
राष्ट्रीय ,बर्गाव,बनागाव,बनपव
खेमा ,सनाव, कनाव, कनाव
कब्जाधारक ,चाँपी ,चाँपी ,धूपी 
प्रतिद्वन्द्वी ,फैंख ,फैंख ,आंख 
प्रवाहमान ,बेरारवाही,पपरवाही,बेपरावाही
निष्क्रिय ,शिवस्चन,शिवलोकन,शिवलोचक
जलसमाधि ,अखामी,अमीमी,पवामी
मंडराए ,गहजेंगे,गद्जेंगे,गरदागे
बरकतों ,शामलाना,शामलाना,शामलाते
परदेसी ,कठ्य,कठ्य,पाठ्ठू
बेचकर ,अनुषुण्ण,असषुण्ण,अक्रण्ण
खदान ,सहाकका,सहाकका,उहायिका
गृह ,उठाझा,उठाझा,उगाझा
देशप्रेमी ,चौखई, चौसई,चौखई
अक्स ,महाशिरीक्षक,महानिरीक्षीक,महानिरीक्षिक
श्रीभागवत , अलाकर,जलाएर,जलाकने
साइंस , उण्डे,ठहडे, उण्डे
निकलेंगे ,सदेशवाहक,संदेशवाकक,संवेशवाहक
ढांचागत ,किसए, उराए, उराए
घोसला ,ज्योतव्य,ज्ञानव्य,ज्वातव्य
बैठकी ,वजष, वसूष, वसूष
अहिवरण ,प्यानी,प्रेले,प्रांले
पिघला ,रेस ,रेहू ,अंट 
पूंजी ,खु़ल ,शील ,थाम 
ढाकवाला , चांदते, चांदते, चांदते
बोझिल ,सधला,कांधन,कांधन
थमता , ककता,रोमांता,रोमांता
विवाहितों ,पेन्नन,उन्शन,पेट्शन
फीस ,वीर्ता,वीकेंता, वीराता
संचित ,ममिगत,भूलगत,भूमिगना
बिगड़े ,पछेंगे,पूर्गे,पूजगे
विद्यादायिनी ,माखती, उखन,माखते
सतावर ,शुभकावानायें,शुक्कामनायें,सभकामनायें
निर्गमन , अहेजलोभी,दहेश्लोभी,सहेजलोभी
परजीवी ,गंाई ,रुप ,रुखी 
गोवध ,चिपवाए,चिपकए,चित्काए
भुलाए ,रचागा,कखूंगा,पखूंगा
सुशोभित ,पंहुचारों,पंहुचारी,पंहुचारों
सुलभता ,औपचाराकताएं,औपप्रिकताएं,अपचारिकताएं
अन्य ,इंडा ,शडा ,भांति 
सेहरा ,वृहधा,वृद्रा, कद्धा
प्रत्यूष ,सहेश्कर,सहेजकन,सहेजवार
नाभि ,रणईया,उसोईया,मसोईया
नवरतन ,क्लेरिकन,क्रांरिकल,मलेरिकल
चिपको ,जौंटे ,लोहे ,लोहा 
लौटे , बपणी,रोशणी,उपणी
मोबाईल ,मलगाड़ी,मालझाड़ी,मालदाड़ी
जोताई ,मास्टने,मास्टता,मास्टने
खेलेंगे , ठोकेंर,ठोकिर,ठोकिर
सुतली ,ताम्हें, बम्र, बम्र
जनाधिकार ,सक्शा,रक्के, पक्शा
पैरोकारी ,संपत्य,संपत्री,मपत्ति
नित्यानन्द ,धानक्षाय,धानसंरय,धानक्रता
ट्रांजक्शन ,आंगड़े,आंगड़े,आंसूड़े
भरे ,कांगते, उगड़ा,कांगने
त्रुटिवश ,चिठा ,झूम ,दीठा 
निखरी ,योजनालर,योजरवार, अजनावार
जनबल ,स़फन,स़फड़े, स़फार
बरतेगा ,अनकारा,अभिकारा,अदायरा
तहजीब ,प्रह्शार्थी,प्रवेसर्थी,प्रवेशार्ति
उगलने ,दुल्राई,दुहनई,दुहलाई
बेमियादी ,सहा ,धोटा ,फैटा 
निर्गुण ,आसस, बभास, बभास
परिचायक ,बंयो ,आईं ,भिंयो 
माचिस ,सलूम,सलूम, पलूम
गौरक्षणी ,दुहलायी,दुल्रायी,दुहलायी
मुसलमान ,पफ्त,पफ्त,मुफ्तों
उरद , सढ़ाई, सढ़ाई, सढ़ाई
दानेदार ,सेवायोजिना,सेवारजना, अवायोजना
चाहेगा ,अकुड़े,अकुड़े,अकुओं
मात ,गर्मागर्ता,सर्मागर्म,गर्थगर्म
मेहमानी ,फेका ,फेरों ,मैरे 
सहे ,जगसंकट,पलसंकट,जलसंकता
अपेक्षानुरूप , सढ़ाई,अढ़ाता,अढ़ाता
वृहस्पतिवार ,छेड़ ,छेड़ ,छेद 
अस्थायी ,सेनायोजन,सेल्योजन,सेवालाजन
कल्पवृक्ष ,पूंदा ,खैदा ,ढैंदा 
जीवनरक्षक ,डींता ,किता ,सफा 
बहुआयामी , बबूझ, बबूझ,कबूझ
तात्कालिक ,दमदानों,उमदार,दमझार
वत्सला ,सखेबाजी,धोबीबाजी,धोखेरेंजी
संग्राहक ,साड़िबी,साड़िबी, बहबी
बेमन ,संचादेक,संवस्क,संवस्क
कदमताल , कजीरे,पजीरे, कजीरे
आतिफ ,क्याधित,क्षधित,क्रोहत
ढ़ांचा ,दीपएगा,दीवाएगा,दीक्एगा
तंज ,बयीं, सायीं, सायीं
सीसा ,सम्रभर,पम्रभर,उम्रकर
मालगोदाम , आदने, आदने, आदने
समूहों ,शीशों ,शीशी ,शीशों 
शुक्लपक्ष ,कार्बद्ध,कालबद्रों,कालबजाध
संकेतिक ,घिरी ,घिरे ,घिरी 
कामनवेल्थ ,महापरिनिर्ताण,महापरिनिकवाण,महापरिनिर्ताण
