﻿valid,invalid1,invalid2,invalid3
सहकोषाध्यक्ष , खुलादी,खुरादी,खुरादी
अरविंद ,सरते ,अरनी ,बरनी 
प्रश्नमंच ,ओवदेदार,पहदेदार,ओलादेदार
सशुल्क ,मबरदार,प्बरदार,लंबरपार
उपप्रमुख , कंकने,कंकते, कंकने
कोषागार ,बिकाना,बिठाउ,बिगउ
गैरइरादतन ,सवयौवन,नवयौवती,सवयौवन
घुप्प ,चुकता ,चुभती ,उकती 
खाट , बछला,उछड़ा, बछला
रूहानियत , उहनें, उहनें, उहनें
हृदय ,संभाधन,संवाधन,उशोधन
दरारें ,चुनकुला,चुटपला,चुस्कुला
हराभरा ,गुंडे ,जैज ,गुंडे 
रमायण ,पॉलीलट,मयलट,पॉयलते
घटाए ,कल्पियों,करापित,कल्हत
संपर्क ,सौंपेती,सपती, बपती
दिलाएंगी ,दिक्कने,दिक्ष्त, अक्कत
भोजराज ,कंसलहासी,कंपलटेंसी, असलटेंसी
असफलता ,टोंज ,मौनी ,मौजों 
ताम्रपत्र ,होरा ,वीणा ,होरा 
बुर्ज ,संस्कवाण,संस्सारण,संस्कर्ण
अनुशासनहीनता ,बदने ,उदन ,बदना 
दूरी ,भाऊ ,भाती ,भाड़ा 
तत्समय ,सयमत,पयमत,निभामत
खात , सल्हन,दुपहन,दुहहन
गोपी , बेकाने,बेकाया,बेकाया
अनुसेवी ,गाडी़ ,फिल ,छोल 
कलेर ,भरटाचार,भवटाचार,भष्टाहार
कटेश्वर ,पबाश,शासश,उबाश
बंदीरक्षकों ,दीघा ,दीये ,दीयों 
शिवभक्त ,प्राचीनदेम,प्राचीनतता,प्राचीनतता
झुककर ,पंपों ,जि़जे ,चजे 
चढ़ाएंगे , अब्जाने,पब्जाने,कब्तिने
लीक , बकाते,ककाते,उकाते
बच्चों ,गुरुवाया,गुरुवाना, अरुवाणी
डालनी ,जनस्वाईमान,जनस्पभिमान,जनस्वाभिषेन
दाखिल ,सैंस ,राजी ,धांस 
उमंग ,लेखाधिपरी,लेटधिकारी,मखाधिकारी
जनसमुदाय ,मनुयायी,उनुयायी,अवयायी
टिका , सपर्स,टापटास,टापटास
घुलते , अरज्ज्वल,सरज्ज्वल,प्रौज्ज्वल
भैसें ,बटे ,बटे ,बसें 
चहेते , साशु, साशु, साशु
यदाकदा ,इंगमश,सगलिश,इंगलियों
बढावा ,विवाला, बषैला, बषैला
गणतंत्रता ,विवाजे,विराए, कराजे
गतिशीलता ,सजिर,हाजिये, बजिर
सभ्याचारक ,कंप्तशर,कंप्रेदार,कंप्रेसिर
सोया ,परेदने,कुचदने,कुरेदर
शिकायते ,सठानी,सठानी, बठानी
धुएं ,तपस ,उरस ,तरना 
साबित ,उहरें,लड़ारें,उहरें
सनकी , कंपान, कंपान,कंगते
डुबाने ,सखनाथ,सुखलाथ,सुखनाओं
सजते ,दंपनीय,दंडलिय,दंडपंय
अनसुलझा ,घड़िघोर, अनघोर,घनघोटू
चलाई ,पट्ठाइस,अट्ठान्स,अट्टीइस
विषयक , दौड़ेंने, दौड़ेंने,दौड़ाव
जिलाधीश ,ज्ले ,थोले ,ज्ले 
उपकोषाध्यक्ष ,रोशणी,रोहिये,रोहिये
आकर्षण ,आशावाई,आशावाई,आशावाया
अंजान ,चमती,चमती,चमती
अशवनी ,सम्मानकनक,अम्मानजनक,सत्मानजनक
वसूल ,नाटीं,नाटीं, साटीं
आंदोलित , अलघोटू,गलदाटू,गलघोष
होशियार ,मैपनों,मैथ्नों,उदानों
ढूंढ ,भगाली,सगाएं, बगाएं
सयानी ,फूकेंगें,फूकेंड, ककेंगे
ठंडक ,कालाएंन,कालाएंन,कालापर
कठोरतम , बाखें, बाखें, बाखें
लूटेरे , उहित,रसीत, उहित
रहवासियों ,मानवाय, अननीय, अननीय
पाणि , नाछ, नाछ, नाछ
बुखार , तपला,तबेगी,तबेगा
वेश्या ,फलराने,फटराने, अहराने
योगमय ,करों ,करों ,कहे 
बरसाईं ,सचारो,विचाने,विरारो
फसले ,नशेराना,नवराना,मजराना
प्रधानाध्यापकों ,बननोई,बदनोई,पहनोई
रेहू , सांध्री, सांध्री, सांध्री
आद्रता ,डली ,डकॅ ,डसा 
बयानों ,झाना ,जीवों ,जीती 
व्यपारी ,धर्यतरण,धनोमातरण,जर्मातरण
रामज्ञान ,उपकता,मपकर, पपकर
लुभाने ,सतृभूमि,मातृत्मि,मार्भूमि
मजलिसें ,खुशबूदारों,खुशबूरिर,मशबूदार
बजाएं ,रुपवाखा,रुकारेखा, अपरेखा
गिटार ,स्नातकोत्सर,स्नाशाकोत्तर,स्नातव्त्तर
गृहविज्ञान ,खौचे ,ताचे ,झींचे 
शरारत ,शातिक,शातियां, बतिर
खगोल ,बतियाओं,बनायाने, अतियाने
नजदीक ,सहस्यमयी,अहस्यमयी,रहस्थिमयी
गर्दन ,ख़ुना ,धुएं ,पोना 
सोकर ,मरिक्षक,सरिक्षक,निरिक्शक
अंशिका ,संचाष्ट,संभाष्ट,संतुष्यों
ब्राह्मणी ,महंया, उनाया, उनाया
महातिम ,हेक्षअर,सक्टेअर,हेक्टेबिर
एकबारगी , व्लात,व्रने, व्लात
पोछने , अंगूला, अंगूला, अंगूला
कार्यकुशल ,महाकौशक,प्हाकौशल,महासशल
रुढि़वादी ,गोदभरानी,गोदभद्ई,गोदर्राई
सुखवासी ,मथानक,मथानक,कथानती
जद्दोजेहद ,हिचते, हिन्क,हिचने
रिजेक्शन ,घूस ,दूंप ,दूंप 
तनाव ,पर्फखाना,बर्फखाव,बर्वखाना
जॉच ,परुचि,अरुखी,अमीचि
सींचपाल ,मांजगे,मांजगे,पगेगे
सर्वशक्ति ,फ्राना,फ्राने,फ्राना
बहने ,देवीधता,देवीनन,देवीधता
माधुर्य ,डिस्र्जेंट, अटर्जेंट,डिटकजेंट
संकुचित , पड़ाये, पड़ाये,उपये
जाचा ,उनैती,पनैती,सनैती
समाजशास्त्र ,तारीक ,परिक ,सरिक 
कार्यक्रमाधिकारी ,सलवाएगी,पलवाएगी,प्लवाएगी
नालें ,पह्नांकन,चिह्नांकर,चिपनांकन
सीनाजोरी ,नाघा, साघा,नाघा
ढाया ,रौंदे ,रौंदी ,घाद 
हिचकिचाहट ,सूचिर,सूफिर,सूचिर
कम्पोनेंट ,उण्डार,भण्डिर,भड़डार
मनाएंगे ,हटलाती,हवालाने,उवालाती
उद्देश्य ,पवन ,कवन ,पाचन 
जलाई , अज्जवल, अज्जवल,प्ज्जवल
कानाफूसी ,सबटे, सहटे,सबटे
जाउंगी ,ठुमला,ठुमला,ठुमला
जन्तु ,सजे ,सड़ा ,सड़ा 
चमत्कार ,जादूगण,जानगण,सरगण
चौंकी ,इष्ठी,इशाट,इष्ठी
सुरूर ,खुन्आम,खुलेखम,खुदआम
भुनाने , पस्म,भगोम,सस्म
कलपुर्जे ,प्लमिलाई,पलमिलाई,पलमिलाई
महीन ,बेटे ,कूदी ,आदी 
नियति ,सुनवों,सुनावों,कझावों
अव्यवस्थाएं ,सएगी, बएगी,सएगी
पिहानी ,प्रदशभर,परदेशभर,प्रदेश्भर
ठूंसने ,निबंधिन,निबंटिन,निभाधन
गुत्थमगुत्था , रुकट, रुकट,रुष्या
दण्डाधिकारी ,योग्नाबद्ध,योजनाबद्रों,योग्नाबद्ध
सीलबंद ,अनुचियां,अनुचिमी,अनुचिमी
कुट्टी , अपवाई,छपवार,छपनाई
कांजी ,सेंक ,मूली ,टॉक 
पुनर्विवाह ,सपती,छल्ती,छल्ती
परावर्तन ,सैख ,भौंख ,भौंख 
अंचल ,सोचो ,धृच ,सोये 
सविस्तार , तड़ल, तड़ल, तड़ल
सामान्यत ,हवाता ,हटाता ,हरना 
विपक्षी ,निश्चेबंक, अश्चेतक,पश्चेतक
सर्वदा ,स्टेपरिइजर,स्टेपलाबजर,स्वेपलाइजर
बढे़गा , बदंग, बदंग,मृदंब
सुदर्शन ,कपये,पपये,रूमाये
अजीर ,निहित्र्थ,महितार्थ,निहितार्म
जख्मी ,ब्रशिमास्वरूप,ब्रह्मास्तरूप,परह्मास्वरूप
झकझोरा ,दुर्बदता,दुष्बलता,दुर्मलता
परिपाटी ,तदोपरान्सी,तदोन्रान्त,तदोलरान्त
आखिरकार ,हिसंडा,हिसंद,उसंक
डंपरों ,बरतियां,बरतियां,बर्तियां
वित्तपोषण , अर्णानंद,पूजाणानंद,पूराणानंद
मोरमुकुट ,नन्ए, पहाए,उहाए
बढती , उटन,टूटेंन, उटन
दर्दनाक ,कयजा,कयजा, बयजा
सुबूत , पुष्ले, पुष्ले, पुष्ले
रुप ,लाभरिस,लावार्स,लावायस
शुभेन्दु ,बागडोज, अगडोर,पगडोर
परवान ,पहचावर,पहरवर,पहराज्र
उपचारात्मक ,मार्हारी,मार्हारी,मासायरी
समाजसेवी ,गहगी, बलेगी,गजगी
पौरी , कजाना, कजाना, कजाना
संगीतालय ,असशिष्ट,मपशिष्ट,अपरष्ट
चिकनी ,भीतरहत,सतरघात, अतरघात
बसर , उहरा, उहरा, उहरा
अंबुज , कत्स,पत्स, कत्स
एमओआइसी ,मुद्काद,उनकाद,मुस्काद
प्राप्तकर ,बाँस ,बाँस ,ऐंस 
ताजे ,ऊँटो ,बांछें ,बांछें 
मंसा ,दुर्घटनास्तल,दुर्तटनास्थल,अर्घटनास्थल
परीक्षाओं ,कड़नी,छोड़ेनी, बड़नी
ताकता ,पगकर्म,पगकर्म,रंगकरम
दयालु ,कहाई ,कपर ,उहार 
पंहुच ,शॉजा ,शॉजा ,भांग 
गुंदियाना ,डिप ,डिप ,सूंप 
अर्पण ,दयायधि,दयानिया,दयानिक
विद्यार्थियो ,रंगाभूमि,रंगोभूमि, अगभूमि
चटपटे ,जीवयंपयोगी,जीवनोपर्गी,जीवनोपयोति
निकालेगी ,लादवार,लाभाकर,लादकने
गरीबो ,नोच ,खिंचे ,खिंचे 
हंगामी ,जुगमबंदी,मगलबंदी,जुगलकदी
प्राधानाचार्य ,अथर्विवेद,अधिर्ववेद,अथर्णवेद
विलोचन , उनाह, उनाह,पकह
व्यग्र ,घुमा ,गीली ,सौंली 
खिलाती ,फायरमंद,फायरमंद,फायस्मंद
झपटे ,आजराना,पजमाना,आजमानों
भोला ,प्शनसीब,खुशनगब,खुशनगब
तसला , उटेंगी,बांटेंड, उटेंगी
बिट्टा ,उग्रवाकयों,सग्रवादियों,उपारवादियों
सेवईयां ,वैधानियों,वैधायक,वैवानिक
मोतियाबिंद ,परिर्वहीन,परिस्वतन,पर्र्वतन
भूनने ,मनकाने,मनकने,मनोमाने
दमा ,संजोव,पजीव,संजोव
तौहीन ,सलगोभी,फुर्गोभी,फुर्गोभी
समाता ,टटोती,टहती,टशती
मुखालफत ,नाजीं,नाजीं,साजीं
लम्हों , अक्सिकन,मैक्सिकला,मैकेसिकन
मौसी ,चुकागा,चुनेह,चुकागा
खेलने ,तड़य,तड़य,तड़य
रैबीज ,कुलडल,कुण्डर,कुण्डिल
अनुतोष ,उपचारस्न,सपचारधीन,अपचारधीन
पोता ,सष्ट्रवादी, प्ष्ट्रवादी,राष्ट्रवास
उठाई , रस्ना, रस्ना, रस्ना
निर्दोश ,दमबारी,दलबारी,दलबारी
घुमाएं ,पररेंगे,पधारगे,सधारेंगे
पानी ,निशाती,निकाती, पयती
अनुबंधित ,सटाने ,सटाने ,कटाया 
महरुम ,जचा ,भूचा ,भूचा 
अगाथा ,नकता,पकलें, बकलें
उच्चपथ ,प्रोस्नयुक्त,प्राटीनयुक्त,प्रोटीकयुक्त
मनवा ,रुलाली,सपाली,सपाली
मारी ,दर्तक, अत्तक,दत्याक
मलसियां ,आक्सीएन,आत्सीजन,आक्सीजलि
विभिषण ,बददुर,पहादुर,बनदुर
स्वास्तिक ,प्रमाधीपत्र, अरमाणपत्र,प्रमाणपरर
जनशिकायत ,नजयुग, अवयुग,नवराग
दादर ,शासते,शासर, ससक
खंगालेंगे ,वैद्णव,वैष्णयों,वैद्णव
दोहराने ,तामबंदी,तालाएदी,तानाबंदी
स्वच्छंद ,ऋणों ,मैंणी ,शाणी 
आराम ,कवईं,सेवाईं,सेहईं
अरसा ,महानन्ध,सहानन्द,मननन्द
बढ़ाए , प्खंडीकरण,विखंडीकल्ण,विखंडीकलण
नबाव ,उश्वविख्यात,विश्वस्ख्यात,विभावविख्यात
समोसे ,लेखारखा,सखाजोखा,लेखाड़खा
एहतियातन ,अर्घटनाओं,दुर्घघानाओं,सर्घटनाओं
गोवंश ,अमोग्लोबीन,हीमोग्रबीन,पमोग्लोबीन
शक्कर ,सम्करण,समीकवाण,समीक्रण
भुलवाना ,प्रमाणिकशों,प्रह्णिकता,प्रेमाणिकता
जमाई ,प्वेचनाओं,प्वेचनाओं,विवेचनामा
बैंकिंग ,बुमा ,शत् ,शनि 
तगा ,गुणवार,गुरूजर,गुरूजर
प्रधानाचार्य ,लटपना,लटकारों,लटपना
पिलाएंगी ,दुग्धशाही,दुग्गाशाला,दुग्गाशाला
श्वान ,रेलवेकल्मी,अलवेकर्मी,रेलगाकर्मी
जंग ,रिक्र,उक्शे,रिझाशे
निरापद ,तपोवत,तपोवली,तकवन
शिखा ,जगलगाएगा,जगमगाहगा,अगमगाएगा
नीलामहल ,मंगाबे,मंत्बे,मंडबे
छीनी ,भरेंस,भगागे, बरेंगे
ढाए ,पगड़ाई,उगड़ाई,अंधिड़ाई
खरीददार ,निकवाहन,प्र्वाहन,निरीवाहन
नग्न ,उपनिवृशक,उपनिदेखाक,उपनिदेखाक
कृपाली ,मूलझान,मूलकन,मूलधक
फगुनी ,अधीनशीथ,मधीनस्थ,अधीनदाथ
शनै ,निर्यासन,निर्वासभा,पर्वासन
