﻿valid,invalid1,invalid2,invalid3
जमती ,सूत्रय,सूचरीय,उत्रीय
विच्छेदन ,बड़ता ,अड़ता ,उगाता 
तीर्थराज ,आर्तीत,आशानित,आशातीश
वायदे ,हवनयवञ,सवनयज्ञ,हववियज्ञ
आयेंगी ,हमतियां,हस्तयां,हस्थायां
पढ़ाती ,छापों ,कृयी ,भोयी 
सामुदायिक ,जन्पूर्ति,जगपूर्ति,जगपूर्ति
मोरध्वज ,ममझाई,ममझाई,समाझाई
लिखत ,सुलच्य,सुपामाय,पपाच्य
गिद्दे ,चढ़ाका,चढ़ाका,चढ़ाका
खोलेगी ,रेनकोले,रेडिकोट,रेनपट
खाकी , अयशुदा,तरशुदा,मयशुदा
जुताई ,अहुविकल्पीय,बहुविकतपीय,बहुविकल्चय
ब्लास्ट ,प्रवक्रओं,प्रवसाताओं,प्रवस्ताओं
आयामी ,भीड़कड़,पड़भाड़,भीमभाड़
जर्जर ,उपनबारी,सपनगरी, अपनगरी
फूल ,पेंसिक,पेंसिक,पेंसिक
स्प्रीट ,सतीजे,भट्जे,भतीस
डग्गामारी ,झाटा ,थाटा ,भेटा 
रुद्रांश ,प्रश्नावक,जरश्नावली,प्रतिनावली
आबकारी ,गॉड़ी ,अटे ,अड़े 
परीक्षायें ,वेली ,हिले ,फौली 
सहज ,उपयेश्य,उच्येश्य,प्द्येश्य
बचे ,सरायवार,सरायवाद,सहयवाला
टपाने ,पोरा ,मीरा ,कोंरा 
लोकभाषा ,जच्छे,जमाचा, जलाचा
कजली ,सुकोमति,सुकोड़ल,सुकोसल
आलसी ,भौना ,धूरी ,डोंना 
इन्कार ,धड़काता,ममकाता,धमराता
लौहपुरुष ,परिवार्जन, प्रिवारीजन,परिस्रीजन
आइटीओ ,अस्तच्छ,असवच्छ,अस्वच्चे
प्रभातफेरी ,रोपाया,रोपाया, रोहिई
प्रगाढ़ता ,ढैटे ,लूंटे ,रजा 
रुकता ,मटते, मचाका,महंका
विंबलडन ,उनोयोग,मजयोग,पनोयोग
नुस्खे , सृष्न, सृष्न, सृष्न
विभूती ,लाई ,प्यें ,लाई 
रिति ,प्राहत,प्राकत,प्लाप्त
तिगुनी ,बेवजनों,बेलजह,बेवजर
प्रेमालाप ,नापाने,नालिक, बपाक
मंडला , घिमाने, घिमाने, घिमाने
लाइसेंसधारक ,रोड़ेटोक,रोकटोली,रोककक
बुड्ढे , अलधारा,जलदारा, अलधारा
धरने ,खोना ,खोखे ,खोखा 
कार्यान्वयन , ककेंगी,रुपगी,रुकगी
क्षत ,अप्रशियक्ष,अप्रशियक्ष,पप्रत्यक्ष
होनें ,प्रतिध्वन,प्रतिध्वश,प्रतिवेवनि
सुशांति ,पीगा ,देंगा ,गूंज 
प्रशांत ,सटोच, बटोच,कसच
गुणांक ,उत्य,दैत्र, बत्य
औपचारिक , अरजीह, अरजीह,उरजीह
पायल ,जगलाद,जमालाद,जगलाद
पुरुषार्थ , ककास, ककास, ककास
दोगला , बदय, बदय,उदने
मुक्केबाज ,समावेक्षक,सम्वेक्षक,अर्वेक्षक
लूल्हा , ससले, ससले, ससले
पेटिका ,गुंल ,गुंल ,सैर 
प्रकार ,तालातें,तालातें,उकतें
प्रथमिक ,सशुपालक,मशुपालक,पशुपालयों
अधिवेशन ,जोशीनी, पगनी, पगनी
वीरानी , पहाने,उहाने, पहाने
शेष ,न्यायाध्करण,न्यायाधिकरकों,न्यावधिकरण
हस्ताक्षेप ,पेंटी ,खीटी ,शॉटी 
बिखेरा ,कशांति,कशांति,अनाति
भुक्तभोगी ,बहऐ,बहऐ,उनाऐ
निर्देश ,बदनाथ,बदनाओं,बदनाओं
गोरक्षपीठाधीश्वर ,लूल्ती, लूटेती, लूटेती
दुमका ,पकुरित,अंधिरित,अंधारित
वाद्ययंत्र ,भूस्खनन,भूस्तलन,भूतखलन
संगठनकर्ता ,उपराती,उलराती,उतवाती
अनुवाद , झगका,झटती, झगका
गौरवमय ,आर्तश,आमदश,आर्दन
भज्जी ,टॉयलेश,टॉयलेगी,टॉयस्ट
घोटालों ,मअर्जन,मअर्जन,भूअर्जना
परीक्षार्थी ,बदल्य,बहुतिय,बहुल्ले
कपाट ,परीकेषाएं,परीक्षिएं,परीक्शएं
गरज ,इश्वारेंस, प्श्योरेंस,इश्तरेंस
आजसू ,प्रीतपार,प्रीतपालों,प्रीतव्ल
अतिकुपोषित ,जाए ,जाडे़ ,सुंट 
बनायें ,परिद्मस्वरुप,परिद्मस्वरुप, प्रिणामस्वरुप
अलमारियां , कजेंगे,सबगे,सजेंटों
जिर्णोद्धार ,पूजनोत्सना,पूजरत्सव,पूरानोत्सव
धार्मिकता , छुड़ाटी,छुड़ाटी,छुपाटी
बिखेर ,प्रोशिक्षुओं,प्रक्क्षुओं,प्रौशिक्षुओं
दिखाओ , छलरी,छबीरी,छबीरी
कार्रवाई , कघले,पिघट, कघले
पतंगा ,पकसों, उरसों,पकसों
उद्यमी ,अंशों ,अंगों ,अंगों 
फसी ,अभिमाया,पभिमान,अभिलेन
इलाकावासी , बगतें, बगतें,पगतें
चित्रकूटधाम ,गुर्रें,गुदरें,पजारें
खरीद ,घुली ,घुल ,पिंन 
शैयद ,निकम्य,निकम्प,निककमी
भींगते ,देनेकुंड,देवीकाड,सवीकुंड
हत्याभियुक्त ,सरंतरता,निकतरता, अरंतरता
खामोश ,हिमकरी,उमगिरी,हिमझारी
अर्थशास्त्री ,ईमानदारीपूर्थिक,कामानदारीपूर्वक,ईमानदारीपूर्मिक
त्रिनेत्र ,ध्वयंतीकरण,अवस्तीकरण,ध्यास्तीकरण
सिद्देश्वर ,मषमणि,शेषमति,शेरमणि
किंगफिशर ,संवन्न,संस्न्न,संचान्न
संगठित , नाछ, नाछ, नाछ
बैरागी ,विद्यलंकार,विशियालंकार,विद्धलंकार
दशहरा ,उशाख,बैराख, बशाख
यक्ष ,इच्छाशतति,इच्चशक्ति,इच्छाशक्स
फैले ,उगिंग,सगिंग,पगिंग
सौन्दर्य ,सलात्मकता,कलात्साकता,कलात्मकशों
उतारे ,परनाएं,सहनाएं,पहलाएं
थिरकन ,गल्लीमंडी,गतिलामंडी,गल्लाहडी
आक्रमक ,पेंडिन,पेंडिन, पेंमेंन
चिरंजीवी , अरतिघंटा,प्रक्घंटा,प्रितिघंटा
सृजनशीलता ,वंचियां, वंचियों, वंचियों
मनोनुकूल ,अपयाई,अनयाई, सनुयाई
सिंहराज ,उफनाओं,उफनाओं, सफनाती
विहिन ,मुकजिम,मुलझम, अलजिम
खुटिया ,रेलपाठ,सलपार,रेलपाठ
उतावली ,लेधे ,खूंधे ,योधे 
समयानुसार ,भटएंगे,भण्एंगे,भगाकगे
सताए ,अखाषा, बनुषा,उनुषा
सहने ,उलिस ,पालिए ,पालियां 
प्रयोग ,प्रेममन,प्रेममन,प्रेमनाय
अखण्ड ,बिखलागा,मखरेगा,बिखकगा
भिण्डी ,आर्र्वचन,आशीर्विचन,आशीर्वचना
खटाई ,घपगी,घपगी,घटगी
बेटियां ,प्रशस्त्पत्र,प्राशस्तिपत्र,प्रशस्तिक्त्र
जुही ,कृषणों,कृषय,सषक
आठवां ,खरदतवारनाशक,खरत्तवारनाशक,प्रपतवारनाशक
गाये ,मशियाना,आयोयाना,मशियाना
प्रवचन ,पतुति,स्तुरा,स्टाति
निनाद , सोचिना, सोचिना, सोचिना
बादशाही ,सरातृ,भ्रूतृ,करातृ
विविधिकरण ,गहनन,गहनती,गहनती
ओला ,पढ़ाटा,पल्हे,पल्हे
अनंत ,निर्यतमान,निर्वतरीन,नित्वतमान
शशि ,ऑनी ,खिनी ,छाते 
बजेगी , बाओं, बाओं,बओं
ठोकी , हिस्ण,हिरते,हिन्ण
नामंकन ,मलझाने,सुलवाने,सुधझाने
संगीतबद्ध ,आत्मस्थन,आत्ममंथता,आत्तमंथन
अर्जी , कनेगी,कनेही,कनेह
चलवाई ,कस्त ,अस्सी ,अस्ती 
ललकारा , रस्ना, रस्ना, रस्ना
पेशगी ,कराता ,कटक ,कटने 
दोहपर , नन्र, नन्र, नन्र
वत्सल ,अल्पसंग्यकों,अल्पसंख्यम,अल्परिख्यकों
विकृतियों , अपकंपाती,कंपनापाती, अपकंपाती
सोचा ,दुघप्रचार,दुष्प्रदार,दुष्प्रबार
जगती ,दहखम,दमखने,दमराम
तांगा ,खासमर,खासलर,खासलर
झलक ,जन्मराथि,जलमतिथि,जयमतिथि
गेंदा ,जैवविष्धता,जवविविधता,जैवविविधकों
ताजिये ,दादू ,नौंव ,ढ़ाव 
कबीरपंथी , ठोकेंने,ठोकिने, ठोकेंने
छियासी , झूमेंते, झूमेंते, झूमेंते
चोखे ,दुर्भरा,दुहभर,दुर्तर
तिजोरी ,मिलीलीटरों,मलीलीटर,मिलीग्टर
बंधुवा ,समाहो,पमूहो,सहहो
शरारती ,उद्वरकों,उर्यारकों,उच्वरकों
रूची ,तरकुलय,तरकुशवा,तरमलवा
कामराज ,शाहयाने,शामिहीने,शागियाने
फेंकी ,अभिहमति,असहवाति,असहमक
वादो ,दुष्कृत्रा,दुर्कृत्य, अष्कृत्य
डरेंगे ,चकसाने,चलाराने,चकवाने
बचेंगी , उकन,टेबिन, उकन
झाडू़ ,लव ,गाँधी ,वव 
ढाकी ,मर्ताव,उर्ताव,पर्ताव
नरपति ,जोरू ,थोरों ,भुरों 
प्रतिद्वंद्वी ,पर्यवाह,कार्मवाह,पर्यवाह
चीरकर ,विधानसभाध्यक्षी,काधानसभाध्यक्ष,विधानसभाध्यक्षी
सुर्दशन ,भूंढ़ा ,हिढ़ा ,भूंढ़ा 
ढलाव ,धनशायी,धड़शायी,धरामयी
महालेखाकार ,सत्यादान,सत्यापथ,पत्यापन
बढ़ेगी ,फटयादें,फलयादें,फरियाओं
भजन ,औद्योजिकी, अद्योगिकी,पद्योगिकी
बजे ,ससार ,बितार ,उसार 
अजमाइश ,हवागी,हवागी,हमगी
टांगने ,तीर्थहीथ,तीव्थनाथ,पर्थनाथ
घोल ,सुलते,सुधाते, उनाते
आवासीय , नाझा, नाझा, नाझा
गरजे , उरसो,बहासो,बहासो
गोदना , बईटी,उईटी,टीईया
दागते ,उस्टीट्यूशनल,इंस्टीस्यूशनल,इंस्ताट्यूशनल
पिछड़े ,मंगवावार,मंगलापर,सगलावार
विद्यालयी ,गद्नन,गरनन,सजानन
घोलू ,सगाड़ा,नहाड़ा,नन्ड़ा
वेदांताचार्य ,कॉग ,ऐग ,निंग 
कुकर्म ,महुंचता,पहुंमुता,सहुंचता
ब्योरा ,कलावटें,मरवटें,परवटें
नवाज , अमटिमाते,टिमटिवते,टिमटिमानों
कावंरिया , अम्मानित,सर्मानित,सम्मालात
विधानमंडल , पचालक,संचालता,उचालक
अर्कवंशी ,प्रिरंभिक,प्रारंवाक,प्रामभिक
प्राथामिक ,रुमाया, सपया, सपया
गतिविधियां ,निकास्त,निर्स्त,निकस्त
कमीं ,पशराना,पशराना,पहुंमीना
दायीं ,खदेला,खदेला, सटोला
छुटटी ,ठुकसाते,ठुकसाते,उकराते
वादी ,रसईये,ससोईये,मसोईये
बैंके , उरौता, उरौता, उरौता
झाग ,धोस ,गैंडों ,ढेस 
कबाड़ी , अत्स्य,उत्स्य,मनोस्य
मुनाफा , अर्तालाप,वार्वालाप,वार्यलाप
पंरपरा ,निष्भरता, अर्भरता,निर्भवता
जिह्वा ,कांप ,नीेपा ,कांडो 
जुल ,तहसीय,तहनलें,तहकलें
बतख , अत्युंजय,मृत्राजय,मृत्युंजना
सरहाल , शमियों, शमियों, शमियों
आबाद ,पशुवकित्सक, प्शुचिकित्सक,परीचिकित्सक
निमेश , कगाना, कगाना, कगाना
भाग्यवान ,गुनी ,दांड़ ,गुनी 
बेलने ,ककें, साकें,ककें
खोना , तपहा,तल्हे,तल्हे
नपाई ,बृद्य,बृजेधि,बृद्य
उलट ,सर्यता,सहावता, अहायता
खोजने ,लांमें ,टीला ,सौंमें 
डग्गामार , नासों, नासों, नासों
अमानत , पजर, पजर, पजर
अनुपलब्धता ,अनुञातों,अभिञातों,अज्जिातों
छुटकी ,अमृतापान,पमृतपान,अभितपान
दूंगी ,ओवना, सढ़ना, सढ़ना
नशे , अयपास,बायरिस,बायरिस
उगते ,खिलौया,खिलेया,खिलेया
तलाश , कपई, कपई, कपई
रीती ,उमूह, बमूह,समूली
चिंहित ,अंधेड़ी,सधेर,अंधेड़ी
जगाया ,फैन ,फैन ,फैल 
विशालता ,बधाययां,बधाइश, अधाइयां
लताफत ,पौयो ,पौयो ,मायो 
पल्सर ,मरपोरेट,कॉरपोषट,कॉरस्रेट
आजमाते ,करमुश्त,परमुक्त,सरमुक्त
कारणवश ,खनता,खनता,खत्का
राष्ट्राध्यक्ष ,सरपंरा,सरदाच,सरमाच
मंत्री ,निष्देशानुसार,निर्देवानुसार,निर्मशानुसार
मुरादें ,मत्मदाह,आत्यादाह,पत्मदाह
स्नेहाशीष ,पर्यवाहक,कार्थवाहक,कार्मवाहक
सहायतित ,स्वावलंबर,अवावलंबन,स्वावलंकान
उजियारे ,उईंया,भुईंस,उईंया
क्षेत्राधिकारी ,बहुमंसली,बर्फसली,बहुसंसली
दवाखाने , सिताया, सिताया, सिताया
अभ्यस्त ,चढ़ाटा,चलटा,चढ़ाटा
मानिए , प्र्वोत्तर,पूर्वोच्तर,अर्वोत्तर
बरसाते ,उशेवर,पेशेबार,पेशेबार
सेमसन ,झोरों ,ढ़ारों ,नाथ 
पीता ,स्वाभिषेनी,स्नाभिमानी, अवाभिमानी
छुपकर ,दागे ,बाँयी ,दावा 
धमाल ,अभिरवन,पग्रवन,अपरवन
सर्वेंद्र ,सदी ,मुँहा ,सटे 
हरिद्वारी ,ठगा ,ठगा ,ठनी 
प्रेरणास्पद ,प्रत्यारोहण,प्रतियारोपण,प्लेत्यारोपण
खाताधारक ,आर्जस,आमट्स,आर्शास
मूल्यपरक , बावम,बारिम,बारिम
