﻿valid,invalid1,invalid2,invalid3
संतों ,सुना ,सुना ,रेंनी 
संभाषण ,ओमे ,जया ,फमे 
धमकाया ,वैसाने,वैसाई,उसाखी
महत्वहीन , कुंतना,कुंतरा, कुंतना
कैरमबोर्ड ,मफ्तिखार,सफ्तिखार,इफ्रेखार
नलके ,आसारू,आसारू,आसारू
मण्डल ,यथाशीवार,यदुशीघ्र,यथाशीपर
कस्बा ,जीवनदारों,जीवस्दाता,पवनदाता
पीटे ,अनुशासनारामक,अनुशासमत्मक,अनुसंसनात्मक
निखरा , रीतेर,रीपते, रीतेर
लिपी ,झुग्लाया,झुरलाया, अठलाया
दफनाने ,दीडे ,दीडे ,टिंडा 
इश्तेहार ,टपवाती,पपकती,उपकती
निशानेबाजी ,अधिटभुजा,अष्टदेजा,पष्टभुजा
मंशा ,काई ,संम ,याम 
कानी ,जतामा,जतामा,जतामा
घनत्व , कद्घ,सद्घ,बौखघ
सख्त ,लुटेकी,लुढ़ती,लुढ़ती
नक्शेकदम ,लोस ,गुंस ,दौस 
अंतिमा ,जनोपर्गी,जनोवांयोगी,पनोपयोगी
अधीन ,जन्मनाती,प्न्मशती,जयमशती
हृदयरोग ,रोजे ,हैजा ,रोजे 
ईरा ,फिरौता,फिरौढ़,फिरौला
काशीनरेश ,वसूड़े, पसूला,उसूला
सिफारिशी ,प्त्रीगण,मंत्रगण,मंत्रीबण
अमादा ,सवकिशोर,नवर्शोर,सवकिशोर
मतगणनास्थल ,एजेंगी,एकाट, बजेंट
वाचनालय ,गुदछा,गुदछा,गुदछा
जबरदस्त ,कायना ,कार्ना ,काटती 
सेंट्रल ,न्यायायुद्त,न्यायायुगत,न्यायायुक्ति
उत्पन्न ,कांटेदान,कांटेशर,कांटेदारों
नौनिहाल ,धंसकता,धंसहार,धंसकता
घटेंगे ,ठुकलई,ठुककई,उकराई
पैरालंपिक ,पश्वविद्यालय,विश्वविद्यापिय, प्श्वविद्यालय
प्रान्त ,नामुराना,नामुहिद,नामुहिद
न्याय ,निश्चियां,निकचित,मश्चित
बहुराष्ट्रीय ,धंसर,धंसर,धंसर
बर्फ ,तौलिद,पहीद, कहीद
घोसी ,दन्ही,दन्ही,दन्दा
कोशा , कक्त, कक्त, कक्त
गंवारा , चुस्तों, चुस्तों, चुस्तों
धसक ,प्रकटोत्सर,प्रत्टोत्सव,प्रक्टोत्सव
पगार ,अंतर्निनपदीय,अंतर्मूनपदीय,पतर्जनपदीय
सुफल ,कंडानियों,कंपवायों,कंदनियों
प्रेममूर्ति ,खोजी ,ठेंते ,खोरों 
इनकाउंटर ,निवालक,पवारक,निकारक
सूंघ ,दहाए,दहए, बबाए
करती ,मिटाने ,मिटाना ,मिटाई 
अदूरदर्शिता ,हृदयस्पर्य,हृदयस्थार्शी,हृदयस्त्र्शी
स्टैंडर्ड ,अनुनन,अनुनर,अनुनत
सराह ,बैंटा ,बैंटा ,धांटा 
सींचने ,धौला ,चोंस ,खैस 
इण्टरमीडिएट ,भोलेशंसर,प्लेशंकर,पलेशंकर
खारे ,सांईं ,खींड ,गेड 
लिखना ,विरूआघ,विस्द्घ,विरूरघ
ढहने ,बंधीक्रण,बंधीकरता,बंधीक्रण
इप्लाइज ,लभी ,लभी ,बाभी 
खुदे ,चौंकी ,घंके ,जोंके 
विद्याधन ,वीरकज,वीरगंध,वीरकज
मायानगरी , पढ़ारी, पढ़ारी, पढ़ारी
विचाराधारा ,पतायी,पतायी,बहयी
भर्री ,उपए,पगाए,उमए
लाएंगी ,अर्वस्थली,पूर्वस्थाली,पूर्वस्थलों
आयु ,ढे़यें ,हौयें ,बातों 
मटरगश्ती ,अखाद,अदते,अदते
जफीर ,हुत ,चिंता ,जाँत 
नियुक्त ,देशद्वीही,देवोद्रोही,देशलरोही
भुमिका ,संबोधियों,संबोधिया,उबोधित
बुला ,बहाष,बहाष,बहष
भाला ,खदेका,खत्का,खदेका
लहंगे , अहुंचाएं,उहुंचाएं, अहुंचाएं
हलवा ,उकाया, ककाया,उकाया
पीटना , कताता, कताता, कताता
पायदान ,तोंड़ी ,पोंड़ी ,एजे 
ढलान , उराए, उराए, उराए
समाना ,मनपह,मनकाह, सनमोह
मटमैला ,युक्र, कक्ति,युविति
शोभायात्रा ,मास ,भूंरीं ,फरीं 
खपरा ,मनभूषण,मतभूषण,मनभूषण
टिमटिमाती ,साऊं, बाऊं,साऊं
चिपचिपी ,दिनदहार,प्नदहाड़े,दिनदहाल
ढाले ,पहुंरना,पररना,पहुंरना
प्रशासन , अरम्यान,दरम्हन,दरतियान
कॉफी , अदाकिनी,उदाकिनी,मंदायनी
घायलावस्था ,गाखा ,गाखा ,मेखा 
ट्रांसमीशन ,ठकुठस,ठहठस,ठसाठन
बढ़ाती , अनभिनाती,भिजभिनाती,भिनसुनाती
श्राद्ध ,उम्पत,चम्बत,चम्पन
देय , बतेगी,बीजगी,बीसगी
पतंगबाज ,एकलप, अकरूप,एकराप
भंगड़ा ,उचायें, कचायें,उचायें
आवासी ,खड़ी ,लोरा ,ऐरा 
कैमिकल ,पखनी ,देखेनी ,देखती 
अंकुल ,वास्पटुता,वास्पटुता,प्कपटुता
हटता ,आसति,ककृति,आवाति
घनिष्ठ ,धोती ,धौई ,छैई 
कोसते ,पररने, असारने,मसारने
जीतें ,डकैना, डण्ना, डण्ना
मुरझाया , महीती, महीती, महीती
व्यापारियो ,पूर्मनुमति,पूर्वासमति,पूर्मनुमति
डलवाए ,उपरेगी,मतारेगी, अतारेगी
जातपात ,आत्तायता,आत्ययता,आत्मीयर
मनमीत ,हिमोग्लोडेन,जमोग्लोबिन,हिमोग्लोभिन
विकल ,जनशवास्थ्य,जर्स्वास्थ्य,सनस्वास्थ्य
दुर्घटनाएं ,भूधाख,भूधाख,पलेख
खजूरी ,भक्षराज, प्क्तराज,भक्तरानी
उदघाटन ,उलगार,उदवार,पदगार
सैकेण्डरी ,सर्य ,सर्जी ,सर्ज 
सैनिकों ,बेहिसाया, अहिसाब,बेहिसान
लेपटाप ,चंदा ,चंकी ,ढोगे 
ढकी ,टाईलैंस,उईल्स,टाईचास
मिर्ची ,कंटीय,कंटीर,कंटीर
चौरंगी ,संपूजक,संस्रक,संपूरती
अजीत ,नावों ,कैंनी ,ढानी 
विधिसम्मत ,उनमाल, सनमाल,जागमाल
विभागों , बाभ, बाभ, बाभ
अनुपमा , उरार, उरार, उरार
शैक्षिक ,खासबाजी,मसबात, ससबात
तरफा ,दीन ,ठप ,दीए 
कुलराज ,पढ़नेवाद,सढ़नेवाले,पर्नेवाले
वियोगी ,आवेदनकत्र,आवेदनमंत्र,आवेचनपत्र
संतोषानंद ,गप ,भौंप ,छुड़ा 
भूजल ,चमत्ररी,चमस्कारी,चमत्रिरी
गुलेल ,भृकुड़े,भृकुड़े,उकुटी
आर्कषक ,सृजरा,सृजरा, पजना
जीताने ,उख्या,संवाया,उख्या
पीठाधीश ,अनुतुष्टि,ससंतुष्टि,ससंतुष्टि
गंवाये ,श्रद्धालुजण,श्रमाधालुगण,सरद्धालुगण
समाचार , सकम्प,भूलम्प,भूकराप
डाकबंगला ,कडासे,गंभीसे,पडासे
घेराव ,अवजरी,अवताओं,उवतारी
बेखबर , बामते, बामते, बामते
अवतार ,बढ़ीं ,बनीं ,बड़ा 
पहुंचनी ,झटकरर,झगककर,झटककला
वॉलीवाल ,खाक ,गंाना ,दंना 
प्रणति ,शॉर ,कुर ,जाँर 
पक्षियों ,सल्थी, कल्थी, कल्थी
अनबन , उलनी, उलनी, उलनी
बताएंगे ,पचकन,पचवाना,पचवाना
परिशिष्ट ,प्रेमजारी,प्रेमजार,मरेमजाल
तबला ,उटने ,पटने ,सटने 
यमन ,दास्जी,दाहिजी,दास्जी
मुखातिब ,अभिदली,अर्शाली,अर्शाली
निकायों , खुलार,खुमाया, खुलार
मिटेगी ,गेटवान,गेटमैले,गेटमैला
बजबजाती ,वर्वय,वरिगीय,वर्तय
अलविदाई ,पहसंयोजक,सहसंयोजय,सहस्योजक
हाथापाई ,अता ,अणु ,अणु 
अनहोनी ,फैंका ,फैंका ,धुंके 
प्रस्तुती ,शुभ्य,शुभ्य,शुष्र
भ्याण ,रसस्मय,रहरमय,रसस्मय
कटेगी ,बिताओं ,पताई ,बिगई 
लाउड ,रूखैयाना,रूकयार,रूखैयान
मकर ,भिंडे़ ,ढ़ांडे़ ,मुडे़ 
रुख्सत ,झौंधि ,बोना ,बोरा 
कम्पीटिशन ,परिचर्मी,परिवार्चा,प्रिचर्चा
न्यारा ,काटा ,काश ,काट 
पुंज ,वनाधिपर,वर्धिकार,वनाधिजीर
संहिता , प्विवाहित, प्विवाहित,अनुवाहित
अध्यक्षीय ,सर्थनगरी, प्र्थनगरी,जर्थनगरी
मानवजाति ,झपडी, पण्डी,झटडी
निवृत्ति ,मरक्त,शिवाक्त,शिरवात
बजाए ,खाएं ,फैयी ,खाएं 
सत्तो ,भुलतना,मगतना,भुलातना
पीस ,सुलय,सुदने,सुदने
बुनकरों ,अनुदेलन,पनुशीलन,अपशीलन
सीसीडीसी ,मनोहशा,मनोदल,उनोदशा
बदलेंगे ,फूई ,भाजे ,झांई 
भुजा ,गुस्थम,गुत्याम,गुत्थरी
चौसर ,उजखास,हौजमास, अजखास
स्कैनर , दबाजा,दहजा,दहजा
गर्भ ,हूड़ी ,चूड़ा ,चूकें 
छूटना ,करामगी,कटयेगी,परायेगी
प्रभारी ,सीमियों, कमित,सीमिनी
उत्तरायण , मटवाई,पटपई, मटवाई
प्रबोधिनी ,उंके ,झोक ,टेके 
स्वप्न ,टेना ,टेना ,पीरो 
जननी , बपाने, बपाने, बपाने
राष्ट्रीयकरण ,अनुश्चितकाल,अर्श्चितकाल,अपश्चितकाल
फफक ,सामादाना,साबूदार,साबूदार
फूटी ,पतैशी,हिलाशी, बतैशी
वितरण ,हर्जात,हर्जने,पर्जाने
कंगाल ,गड़े ,टरी ,गड़े 
बैंकें ,उयमाता,जयरिता, अयमाता
कर्तव्यहीनता ,पकालतन,वकालतान,वकासतन
जिल्लत ,तथ्यापरक,तथ्यपर्क,जथ्यपरक
मलयालम ,खंभे ,छीडी ,ठोडी 
पुनरावृति ,पहावना,सुहारना,उहावना
प्रचारिका ,उपाना, कपाना, कपाना
तलाक ,निकल्क,निशुल्स,निशुल्लों
जमीरुल ,प्लागाढ़,प्रगारों,प्रवाढ़
टिक्की ,पेंडियों,पेंटग,उडिग
धर्मसमाज , कपेरा,पपेरा,पपेरा
हार्निया ,दबंधों,उबंगों,दबंधी
अश्रुधारा , नाढ़, नाढ़, नाढ़
फजीहत ,कल्लण,कटयाण,कल्याओं
चर्खी ,गिरमतारी, अरफतारी,मरफतारी
जमानतीय ,गर्भक्त,मर्भपात,पर्भपात
साडि़यां , बेगारा,बेचाया, बेगारा
घबराई ,चम्बच,चम्मती,चटमच
छलका ,ठिकाकी,ठिलिकी,कठकी
सुभाष , बखाया, बखाया, बखाया
विद्यापरिषद , घेरेना, घेरेना, घेरेना
चश्में ,दौड़ला,दौड़ेला,दौड़ला
पान ,गढ़ ,ऑढ़ा ,गत् 
जनप्रतिनिधियों ,जनपरावासी,जनपदर्सी,जनपरवासी
ढका ,पच्छिक,ऐच्छक,ऐच्छाक
गाली ,महामहतकाभिषेक,महामपतकाभिषेक,मल्मस्तकाभिषेक
मंगाया ,उगडे़,बिताडे़,उगडे़
संदर्भित ,कार्यताहिष्कार,कार्यटहिष्कार,कार्तबहिष्कार
जलसार ,छागा ,धुगा ,धातु 
बोता , तड़सा, तड़सा, तड़सा
जिलाधिकारी ,मुस्तराने,मुर्कराने,मुस्तराने
हालमार्क ,बारान ,कवन ,बारान 
अमीना ,मंझसे,मंझसे,पझला
नमांकन , अईबीएम,सईबीएम,आईबाएम
सेवकों ,परिवर्तगकारी,परिवसातनकारी,परिववितनकारी
स्त्रीरोग ,सिती ,हुती ,पांच 
आर्येश ,प्रोयजनों,प्रेयजनों,प्रियजलि
बख्शेगी ,भागो ,रेव ,प्व 
बेआबरू ,चित्रपद,चित्रपण,चित्यपट
कुशाग्र ,बतागा, उहेगा,बहागा
इस्तेमाल , महंवा,महीवा, महंवा
रूबीना ,निर्वय,निर्भवों,निर्शाय
सुनहरे , अम्प्यूटरीकरण,प्म्प्यूटरीकरण,कम्प्रटरीकरण
लोंग , पहाई,उहाई,उहाई
अन्तर्राष्ट्रीय ,ज्ञानगप,ज्यानदीप,ज्वानदीप
जमाया ,गौहक्त,गौभरत,गौवंक्त
मुर्दे ,पंचलटी,पंचक्टी,पंचवर
भाविका ,क्षितिरा,क्षप्रा,क्याप्रा
तमन्ना ,प्ग्योदय,भावयोदय,प्ग्योदय
स़फाई ,शैशया,शैशया, उय्या
निगाहे ,भटवागे,भटकगे,उटकेंगे
स्थापत्य ,ढुर ,झीर ,झीर 
परदेश ,चौके ,पूसा ,चौड़ा 
ज्यादतर ,पवर्णरेखा,स्वर्णरेमी,स्वर्विरेखा
मूल ,कॉप ,शंपी ,कॉप 
उपेक्षा ,रौंका ,नांका ,नांका 
प्रकाशमान ,पुनपवर्षा,पुष्पवर्ता,पुष्प्वर्षा
दावते ,गहरोध,उतिरोध,गतिरोहों
प्रंबधन ,टिफिने,टिन्ने, टिक्ने
रेहड़ी ,सलमूल्य,पलमूल्य,जलगाल्य
खुदवाये ,गिरियज,सरिराज,गिरिराने
अभिसूचना , सश्त, सश्त,गोसात
कंपकपाते ,उव्र,तीर्र,तीर्र
आउटपुट ,कविदारु,कविदारु, अविगुरु
निवासिनी ,मवश्य,अभिश्य,पवश्य
बुलट ,कोस ,उंरे ,कोना 
महाकाव्य ,जलसंसाधता,जलसंसाधता,जलसंसाहिन
अभिभूत ,जलहें,उगहें,सगहें
