﻿valid,invalid1,invalid2,invalid3
बेचती ,मुस्दमा,मुकदगी,मुकदरी
शुभ ,आवेचत,आमदित,आजदित
संगोष्ठि ,संयोतिक,संस्जक,मयोजक
स्थापित ,पराप्तकर्ता,सराप्तकर्ता,प्राप्तकर्ति
बेवकूफी ,गृहसचित,पहसचिव,गृहसदव
मैकाले ,उलिक ,मालिए ,मालिया 
दयावान ,सहलाज,समभोज,समाभोज
हुलास ,अभिफलताओं,अधिफलताओं,असफलर्ओं
पात्र ,सिलदाने,सलवाने,सिलकने
तौली , सनारे, सनारे,किसरे
तख्तापलट ,निखलाती,उखरती,निखलाती
कॉमिक्स ,परिटीदार,पहटीदार,पट्टीमेर
आदत ,उनूनी,कानूठी,उनूनी
चेतन्य ,सलची,लाचाची,पलची
तीखे ,मंडलीस,मंडलीला, अडलीय
रचेंगे ,एंगा ,जाँगा ,टांका 
मल्लाहों ,पसीबतें, असीबतें,मुसीलातें
तलाशेंगे ,जगड़त,जगलत,जगकत
खर्चा ,राष्ट्रव्याय,राष्ट्रभयापी,राज्ट्रव्यापी
सुखमय , उय्या, उय्या, उय्या
खात्मा ,कयान ,बयास ,बढ़ान 
पनपते , ससकर, ससकर, ससकर
गुप्त ,माको ,दूंको ,रोए 
रोगमुक्त ,कान्होंट,कान्दट,कान्द्ट
आरामदायक ,फान ,ऑन ,थारी 
कू्ररता ,भुनाना ,उलाना ,भुगना 
सुंदरवन ,खोना ,खोला ,फँदे 
शस्त्रधारी ,खातें ,खायें ,खायें 
निखरता , गुलाडा,गुहाडा, गुलाडा
अपराधमुक्त ,बाराए, बाराया,बाराए
गार्ड ,छिंधा ,छिंधा ,छिंधा 
लड़ ,स्वीनरने, अवीकारने,स्वीचरने
लगाएगा ,भिड़नता,भिन्नन, उन्नता
कुलाधिपति ,मिलीमीटन,मिलीमीनार,मिलीग्टर
भ्रुण ,घूमला,घूमला, घूमेंने
प्रारम्भ , असर्गिक,नैसर्थक,नैसर्रक
धर्मवाद , केद्य,केद्धि,केद्धि
दिनहाटा ,चींली ,योली ,जैली 
ऊंचीकूद ,अयमितीकरण,सयमितीकरण,नियमितीकरम
हठयोगी ,मोहनश,मोहकश,मोहलाश
चौदहवां ,रूद्धभिषेक,रूद्याभिषेक,पद्राभिषेक
धर्मसंकट ,मसहान,पसलन,पसलन
उत्तरवाहिनी ,कभागे,अभायें,पभागे
अंधकारमय ,ढकेती, सलती,ढकेती
गिट्टी ,चिल्रित,चित्तत,चिल्रित
गहलोत ,ख्वाहिशमद,ख्वादशमंद,ख्याहिशमंद
ऑडी ,पहओं,परओं, कढ़ाओं
सच्चिदानंद , दीजिर,दीवाब,दीवाब
बदमाशों ,तल्लीय,तल्लीय,तहलीन
खुलेंगे ,छुट्ए,छुट्ए,छुटए
अनमोलदीप ,चूकहे,चूड़िहे,चूकहे
अनिवार्य ,पमीरी, बमीरी, बमीरी
कमाने , ससाव,उसाव,रिसार
उपजी ,कगुनी,कगुनी,पगुनी
संबंध , अमझौता,समकाता,पमझौता
नेताजी ,पकरानों,पकलनों,पकरानों
चाहेंगे ,लेनेवाने,लेनेवाने,लेखावाले
खर्चे , नासें, नासें, नासें
सूईया ,कपाए,छिलए,छिनए
पहनती ,निशाखी,निशाख,सशाना
खदेड़ने ,उटकुले,चुटरिले,चुटकुशी
खोमचे ,श्रेरबद्ध,श्रणीबद्ध,श्रेणीबहाध
गायब ,अक्यूमेंट्री,जक्यूमेंट्री,डाक्रमेंट्री
कैलाश , अत्यबीर,सत्रबीर,सत्यमार
काठगोदाम ,मराक्रमी,पराचारमी,पराक्षमी
रुहेलखण्ड ,उरूंगा, बरूंगा, बरूंगा
चहरे ,महराएंगे,महराएंगे,लहरएंगे
फिटर ,उभाएने,उभासने,उभासने
कटेंगे ,पबादले,तहदले,पबादले
डालों ,विस्यन,विजरिन,विरायन
सुनीति , कमित,स्टात, कमित
अभिलेखीय ,सचेंगे, कचेंगे,जांचगे
खाताधारी , दोगुती,दोस्सी,दोराती
ऐलोवेरा ,सड़ना ,सड़ने ,सहक 
ज्येष्ठ ,कदानों, बदानों,कदानों
जुलुस , सठित, सठित, सठित
कंपकपा ,उताओं,उताओं, उड़ार
सहसचिव ,बबारा,बबारा, बबाब
लहराएगी ,सहराता,पहराता,लहराज
बढ़वाए ,पूछये,पूछये,उछिये
दिव्यांशी , ठण्ता, ठण्ता,ठहाता
जनसंर्पक ,सांले ,तोतों ,फौले 
गद्दीनशीन ,लोकगीरो,मकगीत,लोकगीरों
जीवनभर ,चढ़ाखे, उरखे,चमखे
सुधरते ,पविष्यवाणी,पविष्यवाणी,भविष्ठवाणी
चतुर्भुज , बैराता,बैनाता, बैराता
सूचित ,मुक्र, मुहाकी, मुहाकी
वीरांगना ,नौर ,नौर ,काटो 
खोखले ,किरालीटर,किलोलीटक,मलोलीटर
चपलता ,साहनों,सातनों,सामाया
दीवारें ,उयाऊं,सयाऊं,म्याली
प्राप्ती , अगलते,उगड़ते,उगड़ते
डटी ,हैरतरगेज,हैरतर्गेज,हैरतस्गेज
प्राउड ,तलों ,तलों ,दीले 
खुशकिस्मती ,दंसी ,जांसी ,फांक 
परिसंघ ,कखल, बखल, बखल
भवर ,बुझावागा,बुझावगा,बुझाएस
गड़बड़ ,मंझौड़ा,पझौली,मंझौड़ा
अंतर्कलह ,शिविदा,शिवारों,शिष्रों
हुलिया ,नवारने,उकारने,नकाइने
चंदा ,टकलव, सकराव,टकराज
शहरीकृत ,बांसने,बांधेंवा, ससवा
सलाहकार ,वानु ,साफा ,साठ 
नीतिगत ,ठाठ ,हेणे ,ठाठ 
प्रारम्भिक , नूपुन, नूपुन,नूतरा
नवाबी ,फुसने,फुस्ला,फुफेला
पारिस्थितिकी , बरांठे,परांति,पलठे
संास ,टॉकीर,टॉफिज,उकीज
त्रैमासिक ,कधूलि, बधूलि,गोष्लि
वायदाखिलाफी , अतंजली,पतंजाली,पतंजन
दीपम , उटके, उटके, उटके
स्नानागार ,उमया, कठाया, कठाया
सदाफल ,सौंदर्थ,पदर्य,मदर्य
चिपका ,स्वश्णाभूषण,स्वर्णादाषण,स्वर्णाभूषरों
मरम्म्त ,अधिष्रहित,अधिग्लोहित,अधिसूरहित
गैरसरकारी , अरजोर, अरजोर,पुरजोली
घनौली ,मरशंसा,प्रकसा,मरशंसा
प्रत्यय ,संयोजिन,संयोतिन,उयोजन
रौब ,पनुपात,अनुपार,अभिपात
बोलोरो ,सनिहारी,मनिवारी,महहारी
जुड़ेगा ,ग्रामोद्धाग,ग्रामोलयोग,अरामोद्योग
यथार्थवादी ,हरते ,हरते ,हवाने 
भागमभाग ,स्नाभाविक,प्वाभाविक,स्वाभाषक
फटना ,पनेवालों,उनेवालों,पनेवालों
जलसंचयन ,छटे ,फांपी ,छठा 
इंद्रिय ,पंचचे,पंहुआ,पंचचे
तरैया , नाझा, नाझा, नाझा
झेल , पलीय,सलीय,सलीय
श्रद्धांजली ,व्यस्य,उयस्क,व्यकाक
रोबोट ,श्रीकृष्णमुगर,श्रीकृष्णनगण,उरीकृष्णनगर
जीवत ,होश ,काफी ,काफी 
मुहावरे ,प्र्बरतापूर्वक,कार्बरतापूर्वक,बर्मरतापूर्वक
स्वास्थय ,मनिग्धा,उनिग्धा,स्नियधा
सून ,उधमरा,अधररा,अधररा
उड़ेल ,सीखयां,पढि़यां,सीखेंयां
दर्शन ,महीदो,महीदो,महीदो
कुम्भ ,मकताध्वज,मकताध्वज,मकताध्वज
त्रिदिवसीय ,तालिलुक,ताल्लुओं,ताल्हक
उत्पीडऩ ,पनायेंगे,सनायेंगे,उनायेंगे
आस्तिक , गुर्य, गुर्य, गुर्य
इंसपेक्टर ,जीबू ,ढैबू ,ढैबू 
गोठ ,भड़वाते,भण्वाते, अरवाते
मुख ,सतकवाम,सतप्र्म,सतर्र्म
अधीक्षिका ,प्रतिरभषण,प्रक्रक्षण,प्रेतिरक्षण
सूखता ,चालातीं,चालतीं,चालतीं
अरुण ,जांएम,जांएन,जांघिगे
समाया ,प्रतियोपर्धी,प्रतिस्पर्ता,प्रतिद्पर्धी
नकद ,सठुरे, कठुरे,ठिलिरे
नीला ,उजाई, बजाले,उजारों
कुकृत्य ,आपुर्द,आमर्ति,पपुर्ति
हिल ,डगमगान, अगमगाई,डगमगाह
फिरता ,प्राश्नकाल,प्रेश्नकाल,प्रश्नकारों
विनियोग , फैसनी,फैलेनी,फैलेंनी
सरयू ,नूसी ,नूसी ,रूख 
चलती ,जहाजमानी,जन्जरानी,जनजरानी
आखिरी ,गिनयीं, कनायीं, कनायीं
भगाओ ,प्रधानिता,प्रिधानता,प्रधानिता
तूफानी , अडबडी,गडबाडी, अडबडी
गूंजते ,खिलझाला,खिदखिला,सलखिला
कंटीन , सतिवादी,अतिवाने, सतिवादी
तर्क ,कुंजू ,कुंजू ,मंद 
लोकप्रिय ,गहनायी,पहरायी,गररायी
बर्फवारी , अटनाशकों,कीटखशकों,कीटरशकों
लौट ,विंध्यचल,विंबयाचल,विंध्यालल
धोखे ,लाभाएथी,लावर्थी,लाभावथी
अवाक ,ज़मीष,ज़मीष,ज़रून
बताते ,चलता ,उलते ,चलन 
शाखायें ,राजरर्म,राजमर्म, अजधर्म
तिरपन ,पुष्टाकर,सष्टाहार,पुण्टाहार
लिपिस्टिक ,खरीकता,खलिकता, उटकता
सब्जीमंडी ,ऊंढी ,घंढी ,ऊंढी 
पहिये ,अनार्स,अनातय, सनार्य
ख्वाब , तराए, तराए, तराए
ससंघ ,भयानर,भयावाक,भयासक
जनहितकारी ,ठंडे ,ठंडे ,ठंडे 
रिपू ,पहानवमी,महानवना,महानवना
हारता ,रामस्ज्य,रामराकय,रामराज्ञी
उपचारित ,शोहरे,शोधिदा,शोहरे
शंखधार , उहरा, उहरा,लड़रा
सजा ,मठल्ले,निठल्य,निठवाले
जुटता ,गांनी ,गांनी ,फौनी 
नमस्ते ,शिकायतीपर्र,उकायतीपत्र,शिकायस्पत्र
पिटना ,पखाम,उखाम,पखाम
स्लॉटर ,फुर्तीत,पर्तीला,मर्तीला
जनार्दन ,पूछेक, कजक,पूछेक
धूपबत्ती ,अभिजले,अधजनों,अधर्ले
दहलान ,नियन्त्तिण,निकन्त्रण,नियमात्रण
वर्तन ,महानद्र,महापुद्र,सहारूद्र
तलाशता , पल्लेख,मल्लेख,उल्लेट
खराबी ,प्रतिनित,प्रतियाधि,प्रतिभाधि
जनमुक्ति , सलती, सलती, सलती
सजी ,पमीना,मोटना,मोमीर
समाधिस्थल ,पहबिजली, अनबिजली,प्नबिजली
धुंए ,खोयी ,ढाखा ,खोका 
क्रांतिवीर ,शुरुकारी,शुभकारों,शुभकारों
कुश्ती ,मूर्यांकन,मूल्यांचन,मूल्लेकन
जननायक , अलीजुली,मिलीजुट, अलीजुली
कार्याध्यक्ष ,वानता,वानता, वार्र
थानेदारी ,मपष्ट,स्थाष्ट,स्पष्यों
ढोलकी ,ग्लानो,ग्रानो,ग्रंनो
सम्प्रदाय , कसुध,बेचाध,बेचाध
गजलें ,नीेदी ,झेदी ,नीेदी 
चालानी , पमकर,कमकते,कमड़र
सचिन ,बखें, बाखें,नाखें
विलुप्त ,बनलाना,बनालाना, अहलाना
दिमागी , प्पमण्डलाधीश,पपमण्डलाधीश,उपमहाडलाधीश
अनाधिकार ,प्फ्तकार,पफ्तकार,इफ्तरर
प्राधिकारी ,किरक्जीत,किलोणजीत,किरणजीवों
गृहणी ,भर्य,भर्द,भर्द
महाराज ,लौटेंक,लौकिये,लौटेंक
नन्हे ,चप्रिल,चमपल,चप्पथ
मचा ,पमाव,पमाव, बमाव
बाल्मिकी , सल्टी,उठाटी, सल्टी
खासियत ,मजनोरीवश,मजनोरीवश,मध्बूरीवश
बिजलीघर ,अतिसंवेशन,अतिक्वेदन,अतिसंवेल्न
संक्रांति ,समाद्र,सर्द्र,सरद्र
वली ,प्रितिकार,सरतिकार, अरतिकार
कार्यालयों ,दस्ताल,दस्तानी,दरताने
समाजवाद ,सर्मरान,सर्महन, अर्मथन
जंचने , पालिने, पालिने, पालिने
स्वायत्त ,उत्सला,उर्तला,उर्सर
थिरकने ,निशारें,निभारें,उखारें
बारूद ,जलविरोध,जनविरोपी,जनविरोग
नंबरदारी ,प्राचार्ण,प्राचारिया,प्राचारया
सटे , बड़प,उड़प, बड़प
वार्डो ,इशाछा,इलाछा,इशाछा
समझें ,ग्लोरिकस,ग्लोरिकास,प्लोरियस
प्लेइंग ,हैंडरावटिंग,हैंडराइटग,सडराइटिंग
छपवाकर ,शंानि ,टीनि ,मुढ़ी 
पनपता , बाभ, बाभ, बाभ
दारु ,ऐंठ ,बांठे ,ऐंठ 
प्रतिकूलता ,गुमनाएं,गुमनाई,उमनाम
परमाणु ,तसने,तड़ले,तसना
काले ,मूलाएंर,मूलाधारी,उलाधार
परियोजनाधिकारी ,उशीमूल,वर्मूल,वर्मूल
सछ्वाव ,कगीर,जागीचों,जागीचों
आत्महत्या ,पराचीर,प्लाचीर,प्रेचीर
झालरें ,जमीष,जमीष, बमीर
सर्वसहमति ,सम्बन्ह,सम्रन्ध,सम्मेन्ध
प्रभावित ,श्वेस,श्वेस,श्वार
खुलते ,आधुनिकीकगण,आधुनिकीकताण,सधुनिकीकरण
सुबोध ,आरमशांति,प्त्मशांति,प्त्मशांति
नफे ,बहत्कारी,बलात्यारी,बलात्ररी
उल्लंघन ,अनुवाश,मनुदेश,अनुराश
सिमटता ,तैरवार,तैय्कर,तैरकने
पांव ,विध्वंती,मध्वंस,विध्यस
लुढ़कता ,बनाकत,बदकत,बरमात
इमर्जेसी ,बेचड़वाले,बेचनेताले,बेचनेवाद
जगतारण ,ढैंल ,जॉल ,ढैंल 
राजबाग ,व्यूषी,पयूह, कयूह
