﻿valid,invalid1,invalid2,invalid3
अधजला , कानती, कानती, कानती
लड़कर ,पवांने,गवांश,गवांशी
पदस्थ ,उदारीपूरण,सदारीकरण,उदास्करण
करायेंगे ,पाण्डुब्पि, अण्डुलिपि,पाण्यलिपि
उतारो ,सजारा,सजारा, पजाती
मुख्यता ,महात्रों,उहात्मा,महावमा
विकराल , बवश,सवश,उवश
दोहा ,जोशीष,सशीली, बशीली
छोटी ,सरमण,भ्रमय,भ्रमाण
दुहाई ,परोमणी,मरोमणी,शिरोकाणी
फुस्स ,संस्तुकों,संस्थाति,संचातुति
पठार ,बमबान,बनाबाजी,बनबाजी
उथला ,बढ़ाद, बनाद,बढ़ाद
प्रोफेशनल ,सिखायेंदु,मखायेंगे,सिरयेंगे
सुरों ,क्षत्मय,प्षत्रीय,क्षत्रीजी
चनप्रीत , अफियाबाद,साफियाबाज,साफियाबाजों
बघारी ,बारामघर,बारातवार,बारतघर
ढूंढने ,शांतियारी,शांतिरारी,उतिपुरी
विस्तार ,पद्मभूषता,पद्मभूषकों,पद्मसषण
भूंकप , कक्त, कक्त,मुक्र
बीकर ,वेदिब, बदिका,पदिका
सहेज ,मोंर ,देर ,ऊँर 
बेफिक्री , प्ख्यद्वार,सख्यद्वार,जख्यद्वार
महाजुलूस ,प्रह्षेत्र,प्रक्षेपिर,प्रक्षेपिर
नगदीकरण ,गंभीष्ता,गंगारता,उभीरता
पीहर ,उगिता, बगिता,योद्ता
बच्चू ,उहासंघों,महासंशा,पहासंघों
रघु ,उवेग,आपग,आवाग
टीला , व्यती,व्रने,व्रने
अतिपिछड़ा ,अमूहों,अमूहों, पमूल
जलाता ,मानकन,मानकान,मानकन
बनानी ,आयारी, उयाम,आयारी
चीखने ,मृग ,मृग ,दीग 
हुजूर , रंगीई,रंजिई,रंजीई
विचलित ,प्ग्रेसियों,कांग्रेदायों,कांग्रेसिक
बुलबुले ,फलकार,फटवार,फटवार
इस्तकार ,सिद्यायां,सिद्रयां,सिखाधियां
नवनिर्माण ,उहन ,सजान ,सहर 
खलती ,ईसा ,चिंटों ,ईरा 
प्रथा ,अरक्षाबल,सुरक्रिबल,परक्षाबल
जिम , नालिरा,नाकाने,नाकाया
गधा , बदिक,वैदियां,वैदियां
रैन ,ठिलिर, बठुर,ठिलिर
धनप्रीत ,पंदी ,पंदी ,गृदी 
घुमती ,उबाब, बबाऊ,पबाऊ
बोर्ड ,जगनषण,मगभूषण,प्गभूषण
भरमार ,दुर्वटनावश,सर्घटनावश,दुर्घटनावरी
प्राविधिक ,अनन्वराम,अनन्तराओं,अभिन्तराम
जौंक ,नेकलम,पकनाम,नेपनाम
अभ्यास ,घृली ,बेंली ,पाने 
वाम ,पहचारना,प्हचानना,पहलनना
नामकरण ,अमरूप,अमकाद,अमरूपों
राष्ट्रद्रोही ,बाढ़ ,घूंत ,बाढ़ 
घुटकर ,खटलटाएंगे,खटरटाएंगे,खनखटाएंगे
कराहता ,संवलेंगे, अभालेंगे,संवलेंगे
प्रतिक्षालय ,टिक्ष,टिक्ष,टिक्त
अधीक्षण ,वेक्सीलें,वेक्सीय,वेक्सीलों
अनुसेवक ,अग्निहण,अग्रदाण,अग्रकण
वृन्दावन ,मकसभा,लोटसभा,पकसभा
फरमा ,खोल ,माए ,अए 
बढ़नी ,पैतीजों,पैतीजों,पैतीजों
संजोए ,धुंधलापण,धुंधशापन,धुंधलापद
ब्रह्मामुहूर्त ,धर्नक्षेत्र,धर्महाषेत्र,धर्मक्रित्र
लगवाई ,खरपक्वार,खटपतवार,खनपतवार
कुचले ,धनुर्धता,पनुर्धर,धनुर्धनों
प्रख्यात ,रंटो ,गुटो ,घंटे 
कार्यस्थगन ,बंगभाग,उगभाषी,बंटभाषी
श्रोता , उलाया, उलाया, उलाया
मत्थे ,मतरेंगी,उपरेंगी, अतरेंगी
कंपाती ,पर्यटरानगरी,पर्यटनानगरी,पर्यटप्नगरी
शिक्षित , अस्तेदार,रिपूतेदार,रिस्तेयार
हल्का ,प्जुर्वेद,यमुर्वेद,यजुर्वेश
जानेवाले ,मशर्ल,मनगूल, अशगूल
भौंकने , साघा, साघा, साघा
हरी ,हनुभत,हममत,हनुभत
अंगूर ,स्वादेश,स्वीदेश,स्वराश
भयहरण ,चंबरी,चंबरी,सद्री
जनरेटर , बहाका, बहाका, बहाका
हथियाने ,नहधन, अवधन, अवधन
नकछेद ,कलाल ,महील ,मलाने 
संस्कृति ,प्दयात्री,पदयात्व,पदयात्व
तपते ,अर्थस्र्ण,अर्थपूज्ण,अवथपूर्ण
वचन ,पराध्य,अनुध्य,पराध्य
प्रतिलीटर ,अनुञानता,अज्ञानम,असञानता
तराशे ,पंडाति, कक्ति,पंचति
जीवंती ,संवालित,संभालित,संतुल्त
वेदान्त ,पिलाशगे,पिस्एंगे,उलाएंगे
नवाचार ,रिद्य,रिसधी,उद्धी
मुशायरा ,मूर्तरप, अर्तरूप, अर्तरूप
आवागमन ,अहत्वकांक्षी,महल्वकांक्षी,अहत्वकांक्षी
पुनर्वासित ,सग्नि,कग्नि,अमीनि
दुखदाई ,लैपवाप,सपटॉप, अपटॉप
निपटे , साघा,नाघा,नाघा
झटक , बग्य,भाग्ला,भाग्र
बुनाई ,नगाहा, नहाहा,नगाहा
रचेगी ,आचमय,आचमति,आचकन
खिला ,तररीफ,मशरीफ,तशर्फ
ओलावृष्टि ,कौया ,कया ,लैया 
भाषाई ,तकलर, मकरार,उकरार
पंचायते ,क्लेख,क्लेख,क्लेगा
डेसीबल ,चरगे,चरगे,चढ़ागे
चुनौतीपूर्ण ,फेरी ,भूल ,फेरी 
मुनाफाखोरी ,मंडापाली,मंडापाली,मंगवली
सुता ,चिल्हया,चिल्हाया,चिपलाया
अनुमान ,ऑर्गेनाइजेशक,ऑर्मनाइजेशन,ऑर्गेनाइजेशक
गैसे ,पॉलीटेक्षेकल,उलीटेक्निकल,पॉलीटेक्निकरों
मेहरमा ,रूखी ,टूकी ,रूके 
छटाक ,वर्माली,सनमाली,वसूमाली
आयीं ,तरा ,डले ,ऊरा 
अंपायरिंग ,पाठ्स्थितिक,सरिस्थितिक,पारियाथितिक
चिमटी , बब्ज, बब्ज, बब्ज
उदासीन ,लौहाना, लौटेंना, लौटेंना
सुनाकर ,कछें,बछें,नाछें
पशुवध ,उच्चाकृत,सच्चीकृत,मच्चीकृत
सीडीओ ,पूछणी,पूछणी,पूछेणी
अज्ञान ,समोथेरेपी,कीमोथेरेट,कीमोथेरेखा
बनाईं ,मंाजू ,छूजू ,टोंजू 
मारेगी ,विभाग्नकारी,पभाजनकारी,विद्जनकारी
बदमाशी ,काश्यम,कारयप,कारायप
महाभारतकालीन ,मगंलवाले,मगंलवाले,सगंलवार
सुरक्षा ,मखरने,अखकने,अखड़ने
स्वरांजलि ,फोटोग्राफर्ति,फोटोग्राफर्य,फोटोग्राफजास
मिटे ,वामतुकार,वास्तुकाओं,मस्तुकार
अंतरराज्यीय ,शरादो, बहीदो,शहदो
मिलते ,ऑलराउंडप,ऑलप्उंडर,ऑलराउंडली
विकासोन्मुखी ,तहसीसीदार,तहसीलर्र,अहसीलदार
तीर्थोद्धार ,बचिकेतर,बचित्यार,बचित्रिर
हारा ,गौरवर्ली,मरवशाली,मरवशाली
मौन , सवंटन,पवंटन, सवंटन
डिवीजनों ,औंली ,गीले ,रूंली 
तसवीर ,निकावाह,निर्शाह,निर्शाह
मानें ,सगाएं,कगाएं,जगएं
मौके ,पछडे़,पिटाडे़,पिसडे़
विलुप्तप्राय ,सत्रायें,छात्रयें,पत्रायें
बसाया ,डूबीं ,डूब ,घंबी 
निरजन ,यात्गारे,यास्गारे,मदगारे
सोचो ,मानकाल,उनवेल,मालवेल
प्रकरणों ,शंकाया,उकाओं,शंकाना
शैवाल ,उमान्य,उमान्य,सामारय
भोंदू ,धौला ,चंाला ,आता 
प्रतिनिधिगण ,प्दरकाड,सुंदरदाड,सुंदरकार
सरे , बषी, बषी, बषी
सराहना ,प्राथिशाकी,प्राथिरकी,प्राममकी
बैठा ,अपवांशिक,अधिवांशिक,अनुवांचक
ओद्योगिक ,आखनी,आखनी,आखनी
नौसैनिक ,देवावालों,पनेवालों,उनेवालों
दूधिया ,आस्त्न,आर्तीन,आयोतीन
फीडिंग ,प्रतिधंक,प्रवाधंक,प्रस्धंक
सूचनापट ,पईएमटी,आईसमटी,आईएमन
दिलाना ,घात ,गीली ,गीता 
वांछित , बट्रा,उट्रा,उट्रा
हारजीत ,वैराग्नि,वैराग्नि,वैधाग्य
मशगुल ,उरह्मापुत्र,ब्रह्मोपुत्र,सरह्मापुत्र
मकरंडा ,भाडा ,डोली ,डोसा 
आमला ,बंदकते,बंदरर,बंदकता
हराया ,गहराज,गरराई,गहराज
सौपेंगी ,चाकलेश,पकलेट,चालीलेट
बिखरेंगे ,छीनी ,छीनी ,लंने 
झांकता , अगंठन,सगंठमी,सहठन
सेहतमंत्री , उरियों,गोष्यों,गोड़ायों
श्वेत ,स्पष्ठाता,पपष्टता,स्वीष्टता
सौतेली , सरैस, सरैस,सरैकों
भात ,फलयादी,उरियादी,फरिजदी
गद्दीस्थल , नाझा, नाझा, नाझा
दुपहरी ,दौडे़ ,चीरा ,दौडे़ 
दुर्गंध ,खेनी ,हिनी ,साधा 
सेनानायक ,प्राणिउद्वीन,पराणिउद्यान,प्रासउद्यान
बल्लियां ,युवर्यों,युवरायों,युवर्यों
कबूतरी ,राजरर,राजादार, सजदार
जलाएंगे ,संचनाण,संचकण,संचरते
शंखधर ,पंचशीश,पंचशीश,पंचनाल
पूरबा ,गणेशोत्तिव,गड़शोत्सव,गणेशोत्तव
लतिका ,सामूहिया,ममूहिक, अमूहिक
जूलूस ,पफाफा,लिफाया,लिपफा
बोलने ,सढ़ाएगी,पढ़ाएम,मढ़ाएगी
उम्मीद ,उरहम,बेलहम,बेरदाम
अग्रगामी ,प्यक्तियों,व्यक्शयों,व्यवतियों
तोड़ती ,सुझारी,सुपाए, पपारी
श्रद्धापूर्वक ,सक्षासन,वृक्षसन,मक्षासन
परिदृश्य , कधन,पधन,शोधर
रुसवा ,उकराने,ठुकलने,ठुकलने
सती ,जगसामान्य,जनसामाजीय,जनसामाजीय
सरस ,सल्चे, कल्चे, कल्चे
बरतते ,बीजी ,बीस ,बीबी 
प्रवीण ,स्थिही,स्थही,स्टाही
जतानी ,विवाला,विवाला,विवाला
मेमो ,वनकमि,वनभूति,वसूभूमि
भ्रष्ट ,मश्तहार,इश्तवार,इश्तहाड़े
दोतरफा ,टककने,टकवाने,टरराने
पनकी ,उरीर,शरीबों,शरीबों
टटोली ,उगदी,उगदी,नगने
श्रीमती ,रूपांवाने,रूस्वाने,रूपांवाने
उवर्रक ,धर्मन्तरण,धर्मान्तरत,धर्मान्तताण
केले ,आंगरिक,आंदोरिक,आंगरिक
चाकरी ,जीवनस्यनी,जीवनदायन,जीवनदायन
सिद्ध ,सरुकुल,गुरुकुट,मरुकुल
अड़चन ,समियों,कमिति,समियों
आचार ,दरमियात,परमियान,दरमियार
कंघी ,डायदाग,डाक्लॉग,पयलॉग
सटोरिये ,धर्दा,पनौंदा,उनौंदा
लश्कर , डब्ता, डब्ता,डण्ता
अंतराष्ट्रीय ,द्विपत्षीय, प्विपक्षीय,द्विपरिषीय
पलटे ,संचार्को,उपर्को,संपवाको
उर्जावान ,अमानशीयता,अर्नवीयता,अमानस्यता
कथाएं ,मशियान,जोशिन्न,जोरयान
चमकेंगी ,छापासरी,मपामारी,छानमारी
परिणिता ,लौटी ,लुटे ,लुभा 
बूढ़ी ,कभाया, बभाया,उभाया
सुमन ,जिनने ,जिताओं ,जिताया 
तिथि ,गाथाक ,गाड़िक ,बयक 
दिन , बघ्र,पघ्र,शीघ्न
भाईचारे ,मृतप्रीय,मृतप्राज,मृतप्रेय
माने ,कपुण,निपुओं,निकण
महज , नाढ़, नाढ़, नाढ़
रंज ,भगाली,भगाली,भगोया
जिताना ,भावाभीनी,भावस्नी,भाईभीनी
दलदली ,सैलाने,सैलाया,पलाब
उड़नदस्ते , ढहाकन,ढवाकन,ढक्टन
शनियारो ,खुर्य,खुर्य,खुलाद
रोगियो ,पम्योपैथ,होमयोपैथ,होम्योदथ
लगनेवाली , बडंजे,सडंजे,सडंजे
रूचिकर ,कॉरपोरेसिर, प्रपोरेटर,कॉरक्रेटर
जनभावना ,आना ,फलो ,खना 
मोर्चो ,भिदे ,गेंदा ,गीदे 
कला ,लाभानमैन,लाइवीमैन,सइनमैन
शालिग्राम ,सचैनी,सचैनी,उचैनी
झींगुर ,कलानेवाली,करनेवासी,करक्वाली
पकड़ा ,खांला ,खांला ,झोके 
सहकारी ,कृषि ,डीपा ,कृषि 
उपजाउ ,जना ,औंला ,जगी 
करौं ,मंडपंना,मंहराना,मंहराना
अधिसंख्य ,हमगी, उटेंगी,हटेंट
सीखने ,बनामदा, अरामदा,बर्मदा
टिककर ,पारददाशी,पारदर्थ,पारदमशी
अधाधुंध ,नाती ,यपा ,नागों 
क्षमादान ,पवींकला,मवींकते,मवींकती
शांतिभंग ,शौर्ज,शौहय,शौर्म
नम्रता ,सप्तव्रोवर,सप्तव्रोवर,सप्तसरोवमी
दिलशाद ,आक्मज्ञान, प्त्मज्ञान,जत्मज्ञान
प्ररेणा ,सज्ञनिक,याज्जनिक,याज्ञदेक
लटकाये ,फाँचा ,रहीं ,रगों 
चौमुखापुल , प्पराह्न,अपरात्न,अनुराह्न
सुधरे ,टोपा ,मुंह ,अौह 
खुशबु ,बैंबी ,खूनी ,खूब 
बैठेंगे ,गुमवार,गुरुवाने,गुरुस्र
बुद्धवार ,अनुभगी,अनुयागी,अनुसूगी
सत्य ,खत्वा,खत्वा,खदेवा
मीठा ,एसवर्य,सश्वर्य,सश्वर्य
व्यवस्थापकों ,पहुंलोक,मरलोक,पहुंलोक
बेराजगारी ,आनेवाया,मनेवाले,आश्वाले
