﻿valid,invalid1,invalid2,invalid3
शैंपू ,शकुंतर,मकुंतला, अकुंतला
प्रसिद्ध ,उत्रते,उलरते,उभरण
कसना , अदन्तर,तदर्तर,तदन्विर
फंफूद ,देवावाली,देनेहली,देनेहिली
चीखे , अरचालन,सरचालन,परचालन
सौंदर्यबोध ,ग्रामप्राधान,ग्रामप्रकान,परामप्रधान
खैराती ,आश्षेप,आक्ष्प,आक्षेक
फरमाएं ,संप्तक्षक,संप्रेक्षिक,संप्रक्षक
विजयदशमी ,जिंदगाह,जिंदर्नी,जिंदगाई
उपजाऊ ,उच्चस्तता,उच्चास्तर,उत्चस्तर
बेनाम ,करोग्पति,करोड़जाति,कलाड़पति
प्रशिक्षण ,मनोपर्व,सहापर्व,सहापर्व
खडा , नाढ़े, नाढ़े, नाढ़े
मन्नन ,ज्ञानस्तरूप,उञानस्वरूप, प्ञानस्वरूप
गान ,परॉली, बरॉली, बरॉली
महामन्त्री ,सतेगा,कतेगा,जीतेह
राजमा ,दिहाए,दिहाए,उलाए
अच्छाई ,वृद्धापेंशनों,अद्धापेंशन,सद्धापेंशन
प्रहर ,मांका ,मांका ,ठोकी 
कामयाबी ,पधीचि,दधीर,दहचि
चीता ,विचाषताओं,विश्षताओं, अशेषताओं
तंदुरुस्ती , अधारक,सुखरक,सुखरक
सटने ,खंड ,खंडी ,रूंडो 
दागीं ,स्वाष्टवादी,स्पष्टजदी,स्पष्मवादी
सेन्टर ,लोकरगीत,लोकोसंगीत,लोकासंगीत
महाविलय ,प्रत्याम,सरत्याशी,प्रत्रिशी
प्रसूताएं ,सुधाधुंगे,सुधारेंसों,सुधारेंजी
निराई ,दर्ई,दर्ई, उवाई
पहुँचाने ,रेजा ,रौजा ,ढोंजा 
स्वर्णलता ,समायोचना,समावचना,समालोभना
शौचालयों ,चिन्नर,चिन्होंर,चिन्यार
घेराबन्दी ,थाले ,थाले ,लौले 
जलाराम ,गंखा ,चढ़ा ,चलीं 
घायलों ,पाटीमर,पाटीमर, सटीदार
बटोरीं ,घोड़े ,घेंटा ,घोला 
ध्वज ,मरियोगी,त्रिवागी,त्रेयोगी
रक्तदान , उटोरी, उटोरी, उटोरी
चहुओर ,उमचोरी, अमचोरी,कालाचोरी
बुराइयों ,मरिवेश,सरिवेश,पकवेश
बालक ,पूर्वांशिल,पूर्याचल,पूजावांचल
शुभांरभ ,मम्मीदें,उलमीदें,उम्मीकी
सत्यापित ,टाऊती,टावती,टाफिती
बकरी ,सयागें,पयागें, बयागें
करों ,नियदात,नियलत,नियलत
कसाना , कभारा,उठारा, कभारा
दुधिया ,दुबरू, दुखला, दुखला
ज्वालामुखी ,चलरवार,चक्षवार,प्क्रवार
दाईं ,राष्ट्रदावा,राष्टिरसेवा,राजट्रसेवा
संविधान ,पयेगें,उयेगें,उयेगें
खूंटे ,वाइफात,वाइचाइ,वाल्फाइ
वीणावादिनी , अरत्यक्ष,सरत्यक्ष,प्रत्यकष
संवर्गो ,तीव्री,तीतना,तीव्री
महारूद्राभिषेक ,तरज्जाो,तवजजाो,तवज्य
रसोईघर , वसूग, वसूग, वसूग
कलाकृति ,सबकक,सर्लोक,सबरक
मंगाये ,चिन्र,चिन्र, चिमर
वाहक ,जीवनलीयों,जीवनलीयों, अवनलीला
चपकी ,प्राधिकात,प्रोधिकृत,प्राजकृत
नोटरी , नाटें, नाटें, नाटें
घृणित ,संस्लित,संचालियां,उचालित
चबाने ,टैंगा ,फंगा ,बांगा 
सुविधा ,दोऊ ,बीनो ,दोशी 
प्रयोगात्मक ,पलतो,पढ़ातो,पलतो
देशों ,नरेगी,नरेनों,नरेनों
तालीमी ,डायटीकयन,जयटीशियन,डाउटीशियन
दस्तक ,झमला, झटन, झटन
दैनिकी ,हरिस्जन,हलभजन,हरियाजन
निकल ,मरकोष्ठों,प्रिकोष्ठों,प्रवाष्ठों
झूमती ,तंत्राका,तंत्रका,तंत्रिया
भिड़े ,आस्थापिन,आक्थावान,सस्थावान
चुंबक ,सीखी ,ढंया ,ढंया 
भेला ,उखिलों,दाहिलों,दायलों
हार्डडिस्क ,पहवार,पहवार,पहवार
तत्कालिक ,चीक ,सींग ,मोंक 
स्थानों ,जानेहिला,जानेजला,जानेहिला
करोबारी ,पलझाता,पलटरों,पकटता
अवैरी ,उटास,खर्स,उटास
आरक्षक ,पशाएं,दिशाख,पशाएं
सूर्यग्रहण ,नवरबंद,नजरहद,नजरबंधु
जुदा ,दंनी ,दंनी ,ईनी 
विखंडन ,अर्व्यक्त,अभिव्रक्त,अभियायक्त
जनसंघर्ष ,सांसायकी,सांख्यन,पख्यकी
छपने ,ढलला,ढकेत,ढलला
नकारात्मकता ,हुनने,हुलिर,हुनने
हौसलाअफजाई ,अत्तीसगढ़ी,जत्तीसगढ़ी, प्त्तीसगढ़ी
वसायुक्त ,टुन्दा, टुन्हें, टुन्हें
चढ़ाने ,कानूख,कानूख,कायख
जलजला , पतरक,वितकाक,विपरक
कद्दू ,अनुवाग,अनुराना,अनुराना
हवाई ,परखेड़े,परखेड़ा,उरखेगी
मात्र ,पपुत्री,उपुत्री,पपुत्री
शल्य ,खरीचीला,खर्जला,खर्तला
तड़पती ,सहगे,सबगे,उहेंगे
न्यारे ,मभलना,संभकाना,उभलना
एमटैक ,अंहकाओं,अंहकाने,अंहलार
खुश ,संक्रहित,संग्रहिया,संक्रहित
निमंत्रण ,बेचाया,बेवरे,बेचायी
बहादुरी ,बेचे ,भोड़ा ,शैड़ा 
जीर्णशीर्ण ,पकणीति,पहुंणीति,परिश्ति
सांड़ , पमाई, पमाई,थपेई
डूबो ,उसिल,कैंसियों,कैंसिक
कब्रिस्तान ,पूंले ,बोटी ,पूंले 
पीपा ,जीवंगे,कतेंगे,जीवगे
फिरंगियों ,क्रियात्र्म,क्रियाकलम,क्रिस्कर्म
पधारने , पपट,निपते,निभाट
हारना ,रुको ,रुको ,रुक 
कास्ट्यूम ,रुबती,रुमाती,रुबती
महामंत्री ,चिक्ष, चिराकी, चिराकी
इठलाती ,पूँच ,छूच ,छूच 
बंदर ,लंबू ,सॉबा ,ऋबा 
उपप्रेक्षक ,पण्डपम्प,हैलीडपम्प,हैण्डपम्बी
निस्तरण ,रक्षामिमक,रक्षात्मत,रक्षात्सक
बुढाना ,साठगांव,पठगांठ,साठगांव
शहरों ,परवसदिगार, अरवरदिगार, अरवरदिगार
जिम्मेदारी ,कुचकता,कुललता,कुचक्ता
परगना ,रौनकाता,पनकता,रौनवाता
सर्वश्री ,गिरियाघर,गिरिजातिर,गिरिचाघर
टोना ,चाँडे़ ,जौंडे़ ,छोरी 
बिछौना ,उदाइश,पैदार्श,पैदाइया
वास्तिवक ,अंत ,सुडा ,सुडा 
प्लान ,फाके ,सेंके ,फाके 
खुलेगा ,राष्ट्रप्रेणी,राष्ट्रवारेम,सष्ट्रप्रेम
मोबाइल ,सनने ,उनने ,सुधाने 
गेरुआ ,केन्देरवार,केन्द्योवार,केन्मरवार
विज्ञानी ,पूरास्थल,प्जास्थल,पूजास्ताल
जीवनदायिनी ,भड़कारी,भड़वाऊ,मड़काऊ
मिटाई , ससवा,धुनावा,धुसले
अाज ,आरकार्ड,आइवीर्ड,आइकारड
पलाश ,हमउण्र,हमउम्भ,हमउम्प
ब्रॉडगेज ,पदालती,अवलती, सदालती
वाद्य ,फुंड़े ,कूड़े ,स्ड़े 
व्यथा ,सीटिए,सीढि़ए,सीटिए
साहसिक ,ईंटें ,ईंट ,ईंख 
उपजिलाधीश ,उभाती,लुभास,उभाती
इमारती ,टूटेरे, टूटेरों,टूटेल
शोधपत्र ,ससकीय,शासलिय,शार्कीय
अमृतवाणी ,इन्द्रबार,इन्द्रदार,इन्द्रवार
अधिकृत ,मुँपू ,पोंपू ,भोंदू 
प्रबंधन ,टेरी ,टेरी ,ठोढी 
नंदीशाला ,जलनिगला,मलनिगम,सलनिगम
साक्षात्कार , क्रोया, क्रोया, क्रोया
कल्पना ,बौखध, बौछाध,बौखध
वियोग ,फेंकेनी,फेंकेनी, फेंकेंनी
नवाब ,जीवस्वृत,सवनवृत,जीवर्वृत
बोलना ,प्रस्शीय,प्रदेसिय,प्रिदेशीय
कड़ा ,पुकापक,पुष्पथ,पुस्पक
खंडहर ,हरितक्षति,हरिवाक्रांति,हरितस्रांति
दौड़ती , कजता, कजता,उजता
गतिरोधक ,मनगमत,मध्गढ़त,मनवढ़त
लुढ़कने ,निभाबित,निभाबित,निलंबिरी
रक्तचाप ,पहरेशरी,पदरेदारी,पहरेसिंरी
चिंतामन ,साहिते,साहिते,सातते
छिंदरपाल ,बीबीकृत,बीबीकृत,बीबीकृत
बुद्धिजीवि ,पकलन,पहुंवान,पकलन
कामयाब ,लटरिने,लगाकने,लटरिने
खड़ी ,मग्रर,मग्घरे,मग्घट
चमक ,उफंगे,पफंगे,लड़ागे
वेंटिलेटर ,सखली,ओढ़ाली,ओखने
निशा ,रांजो ,ऐजो ,खोका 
बांसुरी , अमसुम,गुजसुम,समसुम
बसंतकालीन ,हाटों ,छौंल ,छौंल 
फिजियोथैरेपिस्ट ,सकलीफ,तकवाफ,तकलीय
जगनारायण ,पराचारी,दुपचारी,दुराचाने
जघन्य ,तपोत्ष्ठ,तपोनिषठ,तमानिष्ठ
स्थायी ,शर्मीकी,शर्वला,शर्मीरी
गोलाफेंक ,निपपमा,निरूद्मा,निपपमा
आएंगे ,लगमर,लगकने,लगड़र
वायलिन ,प्रतिपूधित,प्रदबंधित,प्रतिष्धित
गुदर ,गद्माने,गर्मानों,गर्तने
राष्ट्रमाता ,नीययों,नीययों,नीलायों
थामेंगे , पमला, पमला, पमला
उपजाते ,प्रतिवाले,प्रवावाद,प्रितिवाद
हबीव ,पट्ठु,मिर्ठु,मिर्ठु
उतरें ,अभिजाने,उभिजात,अभिजाना
संबद्ध ,गोंड़ ,गोंदा ,गोंदा 
बिकने ,बनाचो, बताचो,बहचो
जमाये ,कममचंद,कथामचंद,कलामचंद
ऐनवक्त ,झड़टा,झलटा,झटटा
नीचली ,वन्नजीव,वन्यकाव,वन्यमाव
करारा ,भोजनालता,भोजनालन,मजनालय
गोरक्षक ,म्युनिसिपक,सयुनिसिपल,अयुनिसिपल
फंसाना ,पक्रान्ति,संक्राज्ति,पक्रान्ति
भूषण ,कांप्लेक्षा,कांफ्लेक्स,कांप्लेक्त
गरमायी ,कोऑर्णनेटर,कोऑर्निनेटर,कोऑर्डीनेटम
होम्योपैथी ,धंरा ,धंरा ,धंरा 
झूठे ,क्षयरप,क्षत्याप,क्षमारप
पीडब्ल्यूडी ,भूखों ,लीसी ,भूतों 
सक्षम ,परम्पर्नुसार,पराम्परानुसार,परम्पराभिसार
सुधरने , सकन्ना,चौपान्ना,चौकीन्ना
टकटकी ,कमीं ,शेवी ,लवी 
कम्पनियों , बयिका,उयिका,नाकाका
सीमान्त ,खोलीं ,चिता ,ओता 
विद्युतापूर्ति ,पत्मा,आत्तों,सत्मा
कथा ,पैसा ,पैसा ,छोसा 
गुण्डागर्दी ,दुस्साहसिव,दुस्वहसिक,दुस्सानसिक
सिलिकॉन , पालिने, पालिने, पालिने
रंगबिरंगे ,खिलेगे,खिलौगे,खिलागे
सर्वत्र ,आक्तमक, प्क्रामक,आक्षमक
तराशने ,ऐंठी ,ऐंठा ,फुंठ 
मृत्युन्जय ,सओवादी,माओवाने,माओवाने
दिखीं , नाझे,कझे, नाझे
खिलकर ,झल्कने,झल्कने,झल्कने
अभिरक्षा ,पढ़ाका ,पटते ,पटना 
मंत्रीपद ,प्रांयास,प्रहस,उरयास
जोडे़ ,तड़त,तड़त,तड़त
संयमित ,उवल ,चावला ,चाहल 
कास्य ,छपी ,यूड़ ,शड़ 
परखने ,उदली ,बढ़ाली ,बदन 
निर्देशों ,ऐश्वेटिड,मलिवेटिड,ऐश्वेटिड
घबराने ,गौरवानुवित,गौरवार्वित,गौरवार्वित
संदिग्धों , अजधन,पजधन,राजधनों
उपसरपंच ,चोखा ,चोरो ,चोखा 
हटा ,लोमग,लोहिग,लोमग
छापर ,पूछेवी,पूछेवी,पूर्द
बंजर ,सरते ,बरती ,बरना 
आशीश ,लांसनाशक,लांसनायत,लांसलयक
जमानती ,विद्रण,विस्रण,विवजण
खिलाई ,ससंतोषजनक,पसंतोषजनक,असंतोषजनल
बिगुल ,भूभास,भूमिग,भूधाग
बेचेगी ,रोहियां,रोकयां,रोकयां
अफसरान ,सहती ,कस्ती ,बस्ती 
कसा ,धर्मगारंथ,पर्मग्रंथ,धर्मपरंथ
फैलाने , हंसिने, हंसिने, हंसिने
अधरंग ,फीचलस,फीचर्द,फीचनास
झुकना ,कुलेश्वन,कुलेश्वती,पलेश्वर
हाथापायी ,प्रदेशस्थिर,प्रदेशस्तक,प्रेदेशस्तर
शम्भु ,व्यासमुखी,सयासमुनि,व्यासमनि
पोसी ,संगद,संजोद,संसने
दर्शित ,पिसडी,पिटडी,पिसडी
कयाल ,विशु ,विदा ,विशु 
सहकर , धुलात, धुलात,धुत्तों
मुख्यतार ,मबकीय, अबकीय,पबकीय
हंसाने ,वसीबा,वसीबा,वसीना
उदारतापूर्वक ,उर्भनिरोधक,गर्भवरोधक,गर्मानिरोधक
बरतता ,मशवासी,देशरूसी,देवावासी
अनादि ,निरस्यकरण,निरत्तीकरण,निरस्तीपरण
प्रतीक्षारत ,व्यंकाय,व्यंत्य, अयंग्य
मानचित्र ,चुनाता, ककता,चुनाता
घूमा ,विद्द्ध, सशुद्ध,विपद्ध
सम्भावना ,अष्टने,अष्टता,अपटमी
संवेदना ,पजड़,उठाड़, कजड़
सारिणी ,इंग ,गिग ,लीग 
फटने ,ज्योतिपूमय,ज्योतिर्ताय,ज्योतिर्तय
छुहारा ,ठक ,डेक ,घेक 
बहरे ,उतिमहत्वपूर्ण,अल्महत्वपूर्ण,अतिमहत्वर्र्ण
काटे , खंडीर,खंडिर, खंडीर
गद्दार ,नशासदी,उशाबंदी,नशालादी
वर्षीया , लंबिर, लंबिर, लंबिर
अन्जान ,दाव ,टोंदू ,चिंदू 
स्थिर ,रीला ,सायं ,साये 
