﻿valid,invalid1,invalid2,invalid3
संरक्षक ,पनीति,उनीति,कनीति
टीका ,बरपाल,बरदाया, अरपाया
लुप्तप्राय ,आपत्तिकनक,आपचातिजनक,आपमतिजनक
लहसून ,चस्तों,चढ़ाका,चलाका
दयानिधान ,पुलियोवाले,पुलिसवार,पुलिसराले
उपजाने ,छुटवाट,पटपुट,छुटरिट
जटिल , अवसृजित,सवसृजित,नवरजित
एकलौती , अतारती,सतारती,उताएती
संसाधन ,बोधर्या,बोलगया,बोधगत
सेक्टरों , पल्हे,चुभहे, पल्हे
विलायत ,अपन्मी,पजन्मी, सजन्मी
मनीषा , तैयाता, तैयाता,तैलीता
सूचि , नाटें, नाटें, नाटें
परिंदे ,ठहाड, ठहड,ठगड
विवाहिता ,श्यावभक्त,श्यामस्क्त,श्यायभक्त
हरिचैतन्य ,उर्जेंट,सार्शाट, पर्जेंट
दरबदर ,कारे ,काज ,पिंरो 
रजनीश , उंगने, उंगने,उंगता
प्रबंधतंत्र ,परिकल्यूना, प्रिकल्पना,परिवाल्पना
विभाजन ,सक्सान,उक्सान,नुक्ष्न
घरेलू ,जिनया,जिनया,जिनया
लकवा ,वासगीय,वासमत,वार्गीत
मापदंडों ,अचना ,उचना ,पचना 
पताके ,नंयी ,गधा ,गधा 
कराना , कखाने, कखाने, कखाने
पॉलिथीन ,ब्ग ,डॉग ,ब्ग 
यारी ,टाइटेनियत, प्इटेनियम,जइटेनियम
घोटू ,नोता ,चिड़ी ,गोंता 
मैला ,संर्वधता,संर्वर्न,प्र्वधन
क्रियाएं ,अपपत्र,अधिपत्व,अधिष्त्र
चढ़ाएं ,अपूर्थी,अवर्व,अपूर्द
प्राचीनकाल ,ममदनी,आमकानी,आमकनी
दास्तान ,भिलों ,खात ,भींलों 
बिखेरेंगी ,पेचलस,पेचकती,पेचकते
जनसुरक्षा ,दानपत्य,दाम्पत्र,दाम्पतिय
खजानची ,प्रतिवहीन,सरभावहीन,प्रभातहीन
चरमरायी ,लौगी ,मांगें ,नगी 
शैलानी ,दूरमराज,दूरक्राज,सरदराज
कुरूप ,धूंसी ,कड़े ,कॉसी 
निकली ,दीर्घरावी,प्र्घजीवी,दीर्घजीवों
सारंगी ,खाको ,सेंको ,फेंका 
घपलेबाजी ,उलंघरों,सलंघन,सलंघन
घोषणापत्र ,टमटरों,टमकाम,पमटम
चिकित्सा ,दाेरी ,चांरी ,बैल 
राजनीतिज्ञों ,सनप्रिय,जगप्रिय,जनप्राय
दुर्लभ , नाढे, नाढे, नाढे
मांजा ,अवसभा,अवरर, पवसर
सीना ,वक्के,वक्के, कक्त
बदलावों ,जगतव्ति,जगतवाति,जगतपद
नौबत ,दंगे ,ऋश ,ऋश 
चढ़ना ,ढैंनि ,पुर ,पुड़ी 
खलने ,अपमनजनक,अव्मानजनक,अर्मानजनक
फंदा , बभायें,उभायें,निशायें
मारामारी , अरावधानों,प्रामधानों,परावधानों
दिलाई ,जांचेना,जांचेंना,जांचेंना
फरमाने ,गारवाटी,उरण्टी,गारमाटी
घासमंडी ,भगाठी, सट्ठी,भगाठी
प्रतियोगितायें , बएं, बएं, बएं
क्लीनिक ,वायुयाना,उयुयान, अयुयान
सरसा ,संजोम,संयरी,संवाम
गर्व ,बतायेंदु,बतायेंदु,बतामगे
तराशा ,किफायन,किफायम,किफासत
चाहूंगा ,अंताक्षक,अंतक्षरी,अंताक्षणा
पुरूष , अपेमार,छापेटर,छानमार
नुमाइंदगी ,बढ़ाने ,पसने ,ससने 
विष्ठ ,संसोधत,संसोधत,संसोधियों
समीक्षा ,उक्री,पक्री,पक्री
औसतन ,हाथाटैक,हाईलैंक,हार्टैक
वर्गकक्ष ,अपरात्ह,अपरात्ह,अपराधिह
क्रैशर ,पुरुद्कार,पुरुस्तर,पुरुस्तार
सेवापुरी , अहपाठी, अहपाठी,समपाठी
दर्शाई ,बढ़ाना ,उढ़ाना ,परना 
बेईमानी ,बौछाड़ा,बौछालो, सछार
दर्शना ,सगामे, बगामे, बगामे
उल्लासपूर्ण ,प्रौतिपक्षी,जरतिपक्षी,प्रतिपर्षी
कटी , शुष्र, शुष्र,शुक्के
सर्वदलीय ,अपवैत,अद्धित,मद्वैत
पुत्री ,प्डिशियल,जूडितयल,जूडिशिक्ल
रूपो ,जायकार्ड,मबकार्ड,मबकार्ड
कणकण ,बाराद,बाराद, बरुद
आंचलिक ,गुब्बारी,गुमबारे,सब्बारे
बवंडर ,बचें ,शेडे़ ,ढूडे़ 
चुन्नु ,परोधार्य,शिरोग्र्य,शिवधार्य
चतुर्भूज ,खुशर्ल,खुशवाल,खुशर्ल
खरीददारी ,इसे ,धुंति ,तेति 
तकाजा ,सुलति,सुनाति,सुलति
नवउदारवादी ,फेटा ,झोंटा ,ढैटा 
मंडराते ,कानकगो,कारनूगो,उननूगो
जुता ,आंसूड़ा, आंतड़ा, आंतड़ा
टपराना ,हिरया, उलाया,हिरया
खिलेगी ,रणषार्थ,पक्षार्थ,प्क्षार्थ
खेडी ,उद्यानिया,उत्यानिकी,पद्यानिकी
प्राणप्रतिष्ठा ,मिर्ड,मिलड,मिलाड
पशुचिकित्सालय ,दीर्री,दीजिरी,दीवाब
धनवान ,आंकी ,आंखों ,आंकी 
मोचन ,पंचार्त,पंचालत,उचायत
घटाया ,सलीभूत,मलीभूत,फरभूत
उपद्रवी ,विचावशांति, अश्वशांति,विश्वस्ति
मम्मी ,कहीदे, बहीदे,शक्दे
लाडला ,पेट्टिल,पेटिरेाल,सट्रेाल
भरपाई ,इसटर, अन्टर,पन्टर
टाटा ,उरंट,उरंट, सरंट
उगाही ,नौंरे ,घिरा ,खौरे 
इतिहासकार , उरोगी,निकगी,निरोसा
तपता , पमाई, पमाई, पमाई
लुढ़क , अनाष,अखाष, अनाष
सेवादार ,तरलीम,तस्तम,तलालीम
पेंशनभोगी ,शहया,शहया, शहीया
विषयवार ,पलियांवाला,जालियांचला,जालिवेवाला
मांगने ,खुशिबे,खुतना,खुतक
कारनामें ,जमे ,बीड़े ,चूड़े 
मूलवासी ,संघलष,संस्र्ष,पघर्ष
मिटाते ,जुल्नी,जुल्नी,जुल्नी
झपटकर ,पढ़ापी,पलपी,पकपी
स्वर्गद्वार , बडे़ंगे,लड़ागे, बडे़ंगे
आटे ,खोट ,गंले ,खोट 
तानते ,उषावानी,उषाहानी,उषारीनी
शिवसैनिक ,बरबाजी,मरबाद,बनबाद
विषाद ,मंहरे, उहगी,मंगगी
प्रश्रनेत्तरी ,छीट ,वॉकी ,छीट 
धुकधुकी ,ऊर्जीकरकों,ऊर्जीकलाण,ऊबजीकरण
मुद्रा ,सदयनाथ,हृदरनाथ,मदयनाथ
वापसी ,रजारा,रजारा,रसीई
कछुवा ,राहरात,सतोंरात, अतोंरात
ताली ,पहमार्थ,परमार्म,परमालाथ
रील ,मूकदर्मिक,मूकदतशक,मूल्दर्शक
देसी ,कसणा,कसणा,कसणा
कौमी ,प्लाखंड,प्लाखंड,प्रदाड
छूआछूत ,दुकाक, पबक,दुबरू
नोटबुक , रस्नी,रसीनी,रसीनी
जनविकास ,दिव्दार, पलदार,मलदार
दुर्भाग्यवश ,पपस्थिति,उत्स्थिति,उपरथिति
छोला ,पैदरे, पैररे, पैररे
वाणिज्यिक , सशाल,खुशाखी,खुशाख
पतीसा ,अधिठारह,अट्ठान्ह,अट्ठारता
अभिभावक ,दवादा,दवादा,दवादा
अरण्य ,टेंशमी,टेंशमी,टेंशम
प्रीतिका ,मानवतानिद,मानवतावद,मानवस्वाद
तटवासी ,हुड़ी ,अंड़ी ,अंड़ी 
मनरेगा ,अपप्ताल,अस्प्रिल,अस्तुताल
ज्येष्ठता ,सनकनी,सर्सनी,सनसरों
सारंग ,बेप ,भीप ,बेप 
चौखट ,उपयोपैना, अपयोजना,सपयोजना
डुप्लेक्स , सजारे, सजारे, सजारे
हंसमुखी ,जानवाद,जातिपुद,जातिरोद
पिलर ,बास ,काइ ,बाछें 
प्रचारक ,उथकली,कथलीली,कथकते
ऊंच ,गतिमाहट,गरमाहण, अरमाहट
जमाएं ,नाड़ें,नाड़ें, साड़ें
खटिया , उवान, उवान, उवान
मुर्ग ,मचागे, बरेंगे, बरेंगे
सीने ,पत्राचाय,प्त्राचार,मत्राचार
आगन्तुक ,प्राथरकता,प्राथमिकर,जराथमिकता
थानेदार ,आक्वस्त, प्श्वस्त,आश्वरत
न्यायाधीश ,हिलाद, हिलद,हिस्द
तत्वावधान ,गुदसा,गुर्सा,गुस्तों
चीना ,कीर्तिवपूधन,कीर्तिवकधन,कीर्तिवर्थिन
कैथोलिक , मिर्ए, मिर्ए, मिर्ए
उल्टियां ,तस्सील,उहसील,तहराल
संयोगवश ,पंचनाएं,पंचकमा,उचनामा
छिटपुट ,अंग्धुंध,अंग्धुंध,मधाधुंध
मनभरी , नाझा, नाझा, नाझा
शीशमहल ,दिखा ,टोशा ,लेंशा 
भुजाएं ,परकीं,थिनकीं,करकीं
सम्मुख ,सौभाग्लोशाली,जभाग्यशाली,सौभाग्यवाली
छात्रनेता ,सरपंपो,सरपंपों,सरपंपों
पर्यटक ,फैलेए,उलाए,फैलेंए
डुबकी ,बसानी ,बसार ,बताई 
आसान ,तानाशाहीपूर्मी,पनाशाहीपूर्ण,तानान्हीपूर्ण
पदार्थाें ,मुस्तिन,मुस्त्न,पस्कान
टायफायड , सछाड़,पछालो,पढ़ाड़
समीक्षक ,घूंढ़ी ,ऊढ़ी ,घूंढ़ी 
सुचान ,नवरालर,नवस्त्र,नवर्त्र
दिलखुश ,योगीलाज,मगीराज,सगीराज
पाषाण ,दड़ ,दड़ ,दड़ 
लपके ,अनधती,अरुंधता,अरुंधता
समन्वय ,दक्षाणमुखी,दहेषिणमुखी,दर्षिणमुखी
चढ़े ,बागल्य,बारल्य,बाहुचय
डिहाइड्रेशन , अजिटर,विराटर,विजिटन
अदाकार ,झूठा ,नंठ ,झूले 
पहिए ,सटी ,ओेगे ,टोगे 
अंगीकृत ,पूर्मतर,पूरावोतर,पूर्यतर
जलकर ,वंशमपाल,वंशमपाल,वंशनपाल
जानलेवा ,बढ़ाय ,बलाना ,कलाय 
बजरंगी ,मैटे ,लुभा ,यटे 
उफनाए , बाभ, बाभ, बाभ
तारीख ,अभिमन्ह,मभिमन्यु,अनुमन्यु
निकाय ,कलमबस्ध,कलमपद्ध,कलसंबद्ध
आंगनवाड़ी ,समानजक,समायोजलि,समाजजक
ढीला ,मटरिनरी,वेश्रिनरी, अटरिनरी
लाऊंगा , कजनी, कजनी,वक्नी
सम्बद्ध ,प्रोपत्र,सरपत्र,मरपत्र
रौनक ,कंसल्लट,ससल्टेंट,कंसहटेंट
बिकी , बथी, बथी, बथी
घूमाने ,पमलोगों, अमलोगों,आमलोमा
हैवानों ,तटबंधु,तलाबंध,तटकध
घरवाली ,खैटो ,वीर ,येटो 
विवादों ,हिलाषी, बतैषी,पतैषी
विध्वंसक ,जंतुल,जंगता,जंगता
बंधा , जमाड़,जकना,जकने
वृक्ष ,सरक ,मामक ,मारती 
बुलवाने , छप्कर,छनदार,छविकर
प्रणाम ,मनवट,मनदार,मनवट
शान्ति ,बिछागा,कछेगा,पछेगा
सुहागरात ,प्रतिमार,प्रमकर,मरतिकर
अभ्यार्थी ,सम्प्द्धता,सम्बड़ाधता,सम्प्द्धता
मकानों ,बहनी ,बवाल ,बवार 
बुद्धिमानी ,गनदाति,गनपन,गद्पति
स्वच्छकार , अंगाली,अंगाया, अंगाली
सेक्युरिटी ,पषाद,निभाद,पषाद
शाखा ,उहिलाए,सहिलाए,महिलाते
शिवालक ,लेनेजला,लेनेवाई,लेनेवाई
उपसचिव ,शीतू ,सेबों ,श्तू 
निवृत ,साहंी,साहंी,नाहंी
कहिए ,नुकसानकाय,नुकसानगय,नुकलनदेय
पुतला ,प्रवर्तर,प्रवर्थिन,प्रवर्मिन
तृष्णा ,सत्रिनरायन,सत्यनराफन,सत्रनरायन
मैंथा ,पर्वशिक्षा,सर्वतक्षा,सर्यशिक्षा
नवपत्रिका ,पगाएं,पगाएं,कगाएं
पौबारह , बठायी,कठायी,कठायी
मुहावरा ,निकर्हन,निवर्रन,निवर्हक
स्वयंसेवी ,ठिठने,ठिठने,ठिकार
हराना ,फीके ,फीस ,सुंट 
काटी ,रुदने,रुदने,रुदने
अजमते ,पएसआर,पएसआर,सएसआर
सुनाएं ,प्रतियोगिताप,सरतियोगिताएं,उरतियोगिताएं
जयहिंद , बवक,जीवरों,जीतेक
पकड़ना ,सुनिश्रत,सुनियचित,सुसश्चित
कमाख्या ,लावाधारी, अठीधारी,लाठीधाम
वेटलिफ्टिंग , ससले, ससले,घोंसते
मृतका ,अख्तिभार,मख्तियार,अख्तिभार
गुटके ,दोपहिशों,दोसहिया,दोपवाया
निर्दोषों , नाझा, नाझा, नाझा
समाज , उफड़े, उफड़े,उफड़ा
कन्याभोज ,बनायगी,पनाऊंगी,बरऊंगी
मार ,जलझारी,जलझरी,जलझारी
गत्ता ,पुस्षोतम,पुण्षोतम,प्रूषोतम
निर्वस्त्र ,अभिर्मी,अपर्मी,उधर्मी
निराश्रित ,जटिलकएं,पटिलताएं,पटिलताएं
हंसती ,श्रेमठता,श्रेपिठता,श्रेपिठता
उजाला ,उमांडो,समांडो,कसडो
राजनयिक ,झाँगे ,भींग ,भींगी 
मापन , अदघोष,उदवाष,मदघोष
बेगारी ,सौंड़ा ,फुंड़ा ,सौंड़ा 
मंगाता ,समस्तएं,समस्थिएं,समलायाएं
बक्श ,श्रीसन,मवसन,श्रोसन
नेत्रहीनों ,गररे, उहरे,गररे
आजीव ,उकटम,सकटम,निकाटम
पहरा ,लालचवकों,लालचकश,लालचवर
उपयोगकर्ता ,ऊबजा, ऊष्जा,ऊबजा
