﻿valid,invalid1,invalid2,invalid3
रोड़ी ,चमराता,चमझाता,पमकता
धोए ,उलिहार,बलिकार,बदहार
संवादहीनता ,अस्थाबल,अस्थाबल,असतबल
निरीह ,कीजितन,कीजितन,कीर्तरी
डुबकियां , उहाता, उहाता, उहाता
बोलेंगे ,उरद्धानुसार,सरद्धानुसार,श्रत्धानुसार
फोटोग्राफर ,सफाईपर्मी,समाईकर्मी,पफाईकर्मी
डोंगा ,उठाराठक,उठाराठक, अठापठक
गूंजेगा ,लुभावली,उभावना,लुभाविना
कहेंगी ,सरेमसुख,प्रेमर्ख,परेमसुख
लोकपति ,उराभव,पराभरी,पकभव
निकालो ,उलहज,सर्हज,सलझाज
डालने ,कशज,उशज,देहाज
नवम् ,लुने ,बोटी ,बोलो 
कतरन ,स्थाहा,स्थहा,कवाहा
वृहत्तर ,पडीसी,पडीसी,डीजसी
गौमुख ,इंग्लित,सग्लिस,उग्लिस
ब्लॉग ,आतंबयों,आतंभयों,आश्कियों
शैतानी ,ज्वर ,ज्वानी ,ज्ञार 
दिलवायी , पस्बे,कपबे,कपबे
अनुमोदन ,बादशाहक,बादशासत,बादरहत
दृश्य , उहरी, उहरी, उहरी
स्वछंद ,सधारो,सुझारो,कधारो
मद्धिम ,धंश ,पोत ,पोत 
लडकी ,हरेमद्र,मरेन्द्र,हरेन्नर
सच्चे ,उपरायन, प्पनयन, प्पनयन
चारित्रिक ,उशूका, बशूका,उशूका
मुवक्किल , घड़िने, घड़िने, घड़िने
नशेड़ी ,बीसओ,बीहओ,बीहओ
शर्मिला ,सरमारों,समकारों,समाकारों
शिवाशीष ,कारठ,कायठ,सष्ठ
मोहित ,बचक ,रोचने ,रोचती 
सोचता ,सर्तर्षि, अप्तर्षि,सप्लेर्षि
यमराज ,गोब ,दूजा ,दूरी 
मिटती ,निर्वहक,निष्वहन,मर्वहन
टोप , सलेगा,मिलेख,उलेगा
अन्नप्राशन ,सढ़ेंगी,सढ़ेंगी,सढ़ेंगी
महासंगम , अगलगीत, अगलगीत,पगलगीत
प्रतिष्ठापूर्ण , कचों, कचों, कचों
जहांआरा ,रविकशीण,रविकरता,रविकशीण
ट्रांसफारमर ,उचायी,महंयी,सचायी
पहचाने ,शौठ ,चूंठ ,शौठ 
असीम ,उलेगी,कलेगी,सलेगी
लगावें ,पहिंए,कहिंए,कहिंए
पियें ,भुट ,हाड़ा ,भुट 
सुगमतापूर्वक ,प्डरेशन,फेररेशन,फेडमिंशन
गिरते ,स्वीर्थी,स्वायथी,स्वीर्थी
गाढ़ी ,खोला ,हीला ,थूला 
भुट्टे ,नेकिओं,नेत्ओं,नेकिओं
पोठा ,लाडनें,लाडनें,लाईजी
सकुशल , कमौत,उमौत, कमौत
टपक ,पर्रक्षण, प्रिरक्षण, प्रिरक्षण
दूषण ,गंवा ,टंजा ,गंदा 
मार्गदर्शन ,जनप्यूतिनिधित्व,जनप्रमनिधित्व,विनप्रतिनिधित्व
मध्यस्थता ,पशलता,कुशलना,कुशवाता
खर्ची , पढ़ारा, पढ़ारा, पढ़ारा
छबीला ,उपचाराहथ,उपरिरार्थ,उपचारार्ति
धनुष ,भौतिपिवादी,प्तिकवादी,भौतिशवादी
मिटाएं ,प्रदलिश,प्रदर्म,सरदर्श
मुरझा ,उरचार,प्रांचार,मरचार
गोलाबारूद ,जीवनपूर्शन,जीवनवर्शन,जीवनदनशन
शुरूकिया ,छाएने, छात्ने, छात्ने
निष्ठुर ,नागें, बगें,नागें
पनिहार ,खोलेंना, पजना, पजना
निगली , सनदेखी,अनदेवी,अनकखी
रक्षपाल ,फिरौकी,फिरौकी,फिरौकी
सेवक ,निकयातकों,निर्यातम,निस्यातकों
बुद्धिस्ट , अलवाड़,मलवाड़, अलवाड़
छिटकी , अटशिला,घाटशियों,मटशिला
दिलवाने , सुलना, सुलना, सुलना
भाषाएं ,पहवल,उरवल,पकवल
प्राथमिक ,पिंगी ,रीगी ,नीेगी 
थकान ,अष्ट्रकवि,राष्ट्रकर,राष्परकवि
नयन ,उतिथी,अखाथी,सतिथी
मूंद ,प्राजेंटेशन,प्रजेंटेशनी,जरजेंटेशन
क्षमा ,तीर्थहीम,तीमाथधाम,पर्थधाम
अब्दुस ,दबाब ,दबाब ,उबाना 
उबरने ,पैट्मिलेट्री,पैरामिस्ट्री,पैट्मिलेट्री
जिंदगी ,पूसी ,पिच ,भींसी 
पटकने , बुर्वा, बुर्वा, बुर्वा
लोकार्पण ,निभाबन,उलंबन,निलंपिन
कर्णप्रयाग ,कड़यंहट,पड़वाहट,कड़वाहण
नाकेबंदी ,प्रिटिनम,मलैटिनम,प्लैटिमाम
ख्वाहिशें ,निपकए,निपजाए,उपटाए
हुजूरी ,सेंदी ,बेंची ,फेदी 
घुस , अखानुदान,मखानुदान,लेखानुदार
बाइपास ,पतरघर,पतरघर,पतरघन
सांझा ,सजधानी,राजरिनी, अजधानी
संगमरमरी ,सकाराममक,सकारात्सक,सकाराममक
दिगंत ,मड़ीकरण,चौड़ीकर्ण,चौड़ीकवाण
स्टेयरिंग ,सद्भावकों,सद्धवना, प्द्भावना
करुणामय ,बनकए,बर्वाए,बनकए
फूफा ,जयपद,जमापद,जनदाद
तरफदारी ,प्रह्ष्ठान,परतिष्ठान,प्रदष्ठान
बीतती ,ठण्ना,ठप्ना,ठगल
सेवायें ,परीराषा,परीराषा,सरीक्षा
रचाना ,सूचलत्मक,सूचनास्मक,सूचनात्तक
जिंदगीभर ,औगा ,जंघा ,औगा 
दशावतार ,बढ़ोतकों,मढ़ोतरी,बर्तरी
दौरे ,टाबी ,धोखा ,धोई 
भली ,बांटेती,बांटेंती,बांटेंती
मौसमी , अदनामी,मदनामी,बदनाथ
गाउन , दुकारा, दुकारा, दुकारा
आयेाजन ,गुदओं,उरूओं, बरूओं
धमक ,पीरपैड,मरपैती,पीरवाती
जगमगाहट ,अधिदस्थ,अभिदस्थ,अपस्स्थ
खंबे ,कधिये, बधिये,कधिये
भूलने ,जल्पसंख्य,अल्पसंध्य,अनुपसंख्य
वनभोज ,स्थानातरीण,स्वानातरण,स्थालॉतरण
हांफ , सढ़ते, सढ़ते, सढ़ते
शक्तिनाथ , पमानी, पमानी, पमानी
बिल्डर्स ,लड़राएगा,लहुराएगा,लहराएम
नास्तिक ,चुग ,शंग ,ओेग 
विचरण ,गोचने,गोशार,गोशार
ठोकेंगे ,संज्जिन,संवाञान,संज्ञासु
स्पष्टीकरण ,खुटरिन,पटहन,खुटवान
छूटता ,उरभाव, अरभाव,प्लाभाव
विग्रह ,पकराए,ठुकसाए, अकराए
चूड़ा ,क्रूरताप्र्वक,क्रूरतालर्वक,क्रूरमपूर्वक
नवचेतना ,मांजा ,मांगी ,लेागो 
संजीदगी ,सर्र्थकों,समर्षकों,पमर्थकों
हदें ,ठप्क,ठसते,ठप्क
अभ्यर्थी ,विवाष,कशेष,कशेष
आवंटित ,सौंला ,फैल ,भाला 
राष्ट्रगीत ,आयूह,आयूरो,आसाषी
उपधारा , वादिना, वादिना, वादिना
दादागिरी ,सदगाह,इदकह,इसगाह
जटा , बधिचि, बधिचि,पधिचि
आईबी ,अनरेगाकर्मी,मनशगाकर्मी,मनशगाकर्मी
मंडलस्तरीय ,उस्ताते,सुस्तान,सुलताते
धारकों ,बगाों ,बगाों ,बहे 
दिखानी ,नारिजल,नामांयल,नारिवाल
फलदाई ,पमले,गमते,उमले
चूमने , अचीकरण,ऊंचीकशीण,ऊंचीकर्ण
कुतंल ,उजोते,संजोड़,संजोरी
बदलना ,तलाचा,पमंचा,तड़चा
जुबानी ,मंडी ,ठूंजे ,धुंजे 
छूने ,नाछें, साछें,कछें
कट्टरता ,सटालेबाज,घोटालेषज,घोटालेदाज
टूटेगी ,कांटेक्त,कांटेहट,मटेक्ट
रांझा ,पवायदें,कवायन,कवायर
ध्यानपूर्वक ,फूके ,फूके ,खुंके 
ताती ,चादती, उहती,चादती
फूंकेंगे ,कुरेता,उरेदा,परेदा
माल्यार्पण ,सत्यार्रह,सत्याग्रत,सत्याग्रकों
हालचाल ,झुंये ,दीने ,झुंये 
बचेगी ,चौंरे ,बाले ,बाकी 
आत्मसमर्पण ,सठेंगी,पठेंगी,कठेंगी
लापरवाह ,सडलाधीश,मंगलाधीश,मंडलाइश
झाक ,पैरोलोजी,पैथोचिजी,पैमालोजी
करायीं ,धर्वनिरपेक्षता,धर्महारपेक्षता,धर्यानिरपेक्षता
रॉयल्टी , पजीवन,संजीवट,संजीविन
संवैधानिक ,मानवरदी,मानवरदी,मानववासी
निशाकर ,उजेंगे, कजेंगे,भेजेंसी
पिसवाने ,उपातयक्ष,उपाध्यवाष,उपातयक्ष
हिलता ,सामषात,साक्टत,सामषात
राष्ट्रीयता ,बदने ,अदला ,बदने 
गलन ,पशुचक,पकचर,पशुचना
संगीता ,पयमानुसार,नियमानुभर,नियमातसार
बैकलॉग , सपस, सपस, सपस
नुक्स ,धुंने ,खाता ,खाद 
टेढ़े , उहरी,नन्री,नन्री
उछलता ,टके ,शूली ,टके 
पूंछे ,राज्यव्यानी,राज्रव्यापी,राज्ञाव्यापी
बैसाखी ,ऑटोयुटिक,ऑर्मैटिक,ऑक्मैटिक
हेडकांस्टेबिल ,गायिने,गाड़िने, गालिने
रामनंदन , लेमने, लेमने, लेमने
उफनती ,प्पस्थली,तपनाथली,मपस्थली
अशक्त ,साअा,नाअा,कअा
पेंशनधारी ,बुर्ई,बुर्ई,बुर्ई
सुरक्षाकर्मी ,चढ़ाम, चलाम,चमम
रौंगटे ,हितकने,हितरर,हिचकर
हेराफेरी ,सूंघवार,सूंघकता,मघकर
कालेवाल , अठाराघात,कुठाराघाती,प्ठाराघात
युद्धस्तर ,उकलांगो,पकलांगो,पकलांगो
नौहाखानी ,फटने ,फलती ,फसने 
रौंदती ,सर्षस्थ,शीर्मस्थ,प्र्षस्थ
दुधारा ,दमगता,दरगता,दबंधिता
क्रांति ,कलीफा,उलीफा,खराफा
मस्जिदें ,समादरी,सहोदल,पहोदरी
कलेजा ,उपझाने,उन्झाने,उलकने
दुरूपयोग ,प्रेसणादायी,प्रोरणादायी,प्रेणीणादायी
हस्तांतरण ,उठाईया,मिन्ईया,मिसाईया
महादानी ,सख्तयार,सख्तयार,मुख्सियार
दादा ,निकाक्ति,नियुक्षा,निकाक्ति
थोपना ,केन्द्राधिक्षक,केन्द्राधीक्षरी,केन्द्राधिक्षक
साइकिल ,सदलें,उदलें,बहलें
तैनात ,मुंडू ,भंशी ,मुंह 
बिच्छु ,फूंकेंना, फूंकेना,फूंकेंना
मर्द ,उणवान,गुणवाई,गुजवान
गिरती ,उबरस,सबरण,सबरता
जमादार ,समंवर,समंगर,ममंदर
ननद ,बैला ,बैला ,बैलों 
टैक्सी , म्याली, म्याली, म्याली
राजभोग ,तत्वमुक्त,तनावमुक्ष,तनापमुक्त
जयप्रताप ,ढुलवाल, सलमुल,ढुलदाल
तात्पर्य , अतामुक्त,मतामुक्त,चिंतामुश्त
हीरे ,प्रकारिन,मरकाशन,प्रवाशन
अन्तर ,पछालो, बछाड़ा,उछाड़ा
पानेवाले , पहत, पहत, पहत
गरमाई ,मटता,मटता, महीक
भेजेगी , अकाधिकार,प्काधिकार,पकाधिकार
पतली ,विचावगुरु,विश्लेगुरु, अश्वगुरु
खुफिया ,सपुंजय, अपुंजय,रिपुंसय
सरक ,परुसेवक,गुरुसेवकों,गुरुसेन्क
दुर्घटना ,पशकर,पेशकने,पेशरूर
पावक ,सदित,कदित,मुदियों
धनुषधारी , कमागा,कसगा,कटेरों
नगाड़े ,घुलया,घुसियों,घुसियों
जोड़ता ,डाक्षिर,डाक्षिर, पक्टर
टोल ,मत्रीय,सत्तय,सत्रय
दोहराता ,कटा ,पूँहो ,गूहो 
धरातलीय ,छतें ,छतें ,छतें 
गारंटेड ,मटोरिए,सररिए,सटोरिक
दहाड़े , प्र्गविजय,दुष्गविजय,दुर्गविजली
जीर्णोंद्धार ,सर्ति,पूछेति,सर्ति
पते ,उलाएं, पलाएं, पलाएं
टिकाना , मादते, मादते, मादते
हेपेटाइटिस , संजोल,संबला,संबला
कत्थक ,डाक्षरेट,प्क्टरेट,प्क्टरेट
कांपते ,सेवायोदक,सेवालाजक,सेनीयोजक
पार्टी , ढोकक, ढोकक, ढोकक
प्रवास ,उदमें,समामें, बदमें
पेचिस ,उनोगे, कनोगे,पनोगे
दृढ़ता ,मशीला,मशीश,महंन
संभवतया ,बदरव,बनलाव,बदकव
थायरॉयड ,सवालय,उवालय,शिवालन
कल्पवास , सुन्हें, सुन्हें, सुन्हें
दौडे़ ,उलाकाना,उलाहर,उलाहवें
नक्सा ,रेगूएशन,रेडिएशिन,प्डिएशन
मानदंडों ,अग्यसार,पग्निसार,अग्निसायों
बैंककर्मी ,मुलाकमों,मुलाकामों,मुस्जिमों
ढोना ,इकराने,इमारार, मकरार
वर्षभर ,ढंकती ,ढंकर ,उकने 
हाथ ,गुरुद्म, सरुनाम,गुरुनाओं
उलझ ,छुट्ए,पपाए,पपाए
़जरूरी ,बचकती,बचनार,बचकता
सूजी ,गेंदगाज,मदबाज,पदबाज
सफल ,डुबोध,डुबोल, बबोने
संपूर्ण ,सर्दित,मर्दियों,सर्जयों
सपुर्द ,बैंकिंनी, पगनी, पगनी
ठहराती ,खंडिन, खंगान,खंडिन
निपटेगी , अढ़ेनाथ,पढ़ेनाथ,उढ़ेनाथ
जबर्दस्त ,घिदें ,होदें ,होदें 
रोजगारोन्मुख ,अर्श्चितकालीन,अनिश्चितर्लीन,पनिश्चितकालीन
चौडे़ ,सुधात,सुधात, पमत
अल्लाह , पंहुर, पंहुर,पंचते
चौमुखी ,मजताना,मस्ताओं,मस्थाना
खोकर ,आत्मप्रधाश,आत्याप्रकाश,आत्मप्रवाश
अंतरविद्यालयी ,उड़ध्याक्ष,उच्ध्याक्ष,उपाध्याक्ति
