﻿valid,invalid1,invalid2,invalid3
पिछली ,भौचकके,भौचक्षी,भौचक्ति
खस्ताहाली ,सलराशि,जलराना,जगराशि
म्यूजियम ,कसे ,डसे ,चॉसे 
रुकना ,सांड़ी ,चूंड़ी ,तोडे़ 
चुनता , महंन, महंन, महंन
मोर्चेबंदी ,पराते ,हराना ,हराए 
असहिष्णु , प्द्घोषित,मद्घोषित,मद्घोषित
राजयोग ,असरपारी,असमाकारी,असलकारी
प्रादुर्भाव ,बवालर,बवासीय,बर्सीर
अतिविशिष्ट ,शिवधता,शिवधक,शिवधक
रुलाया ,टशरा, टलरा,टशरा
गर्जना ,केंटीर,केंद्ध,केंद्ध
छापना ,टूट ,उंट ,टूट 
जहरीले ,निगमते,निपलते,निगमते
बहता ,प्रेशासिका,प्रशालाका,प्रस्सिका
कालाधन ,उमुदाय,समुदारी,सरदाय
हैंडपंप ,उच्धारक,उद्धानिक,सद्धारक
सिखाई ,जवाबड़ालब,जवाबतलक,जवाईतलब
निदेशक ,परुपयोग,दुष्पयोग,मरुपयोग
हटाओ ,क्षतविक्षक,क्रितविक्षत,क्षतव्क्षत
आत्मचिंतन ,पसखोरी, असखोरी,घूरेखोरी
सुरीली ,हाइयों, पइक,हाइए
गुत्था ,कंती ,गाँती ,मैगी 
विरोधियों ,खुशिना,खुशिना, उलना
डाउनलोडिंग ,वरिश्म,परियाम,वसूयाम
खतरा ,उस्ताल,उपताद,उस्तार
पालकों , घंटिल, घंटिल, घंटिल
पटने ,बखिल,बखिल,बखिल
सिखाएगी ,फरीब,फटद,फटद
त्रियुगी ,चीत्यार,चीत्काने, अत्कार
चाटा ,पंचकोसीब,पंचकोसीब,पंचकोसीब
कांच ,सरूखी,फारूष, करूखी
बैरीकेडिंग ,निकाटीं, बपटीं,कपटीं
अल्प ,दाखियों, बखिले,उखिले
टैगोर , पबूली,सबूली,उबूली
तबाह , ससले,फासते, ससले
रुद्राभिषेक ,सरेले, परेले, परेले
पनीर ,श्मशानकाट,श्रशानघाट,श्मशाजघाट
तेजस ,जलपरुष,प्लपुरुष,जन्पुरुष
कलियुग ,कगें,नागें,कगें
घसीटकर , बवती,कवती,कवती
सुभाषिणी ,रैया ,घोया ,दशा 
निबटाए ,भूमिगा,भूमिगा,भूलेश
पथराई , बाखे, बाखे, बाखे
स्नेहिल , कचें, कचें, कचें
छत्रपति ,गुणात्रिक,गुणात्मन, अणात्मक
सफा ,छौंने ,छौंने ,धोबी 
मांसाहार ,ज्ञानवर्धति,सञानवर्धक,ज्ञानवहाधक
हार ,धन्का,धक्र,धक्त
वतन ,याशवान,याशर्न,याशवान
शोरी ,क्रूण, क्रीर,क्रूरी
तापने ,यहीं ,यही ,यही 
रसीदें ,हौसलाफरोई,हौसलाफजामी,हौसलाफएई
शिष्ट , साकें,ककें,ककें
पारा ,कझले,कझले,कझले
पल्सपोलियो , अयुसेना,वाल्सेना,मयुसेना
मुहूर्त ,बौद्रें,पछारें,पछारें
भगंदर , सज्बान,सज्जय,सज्जिान
गठबंधन ,संकार्षात्मक,संघर्षात्रक,संस्र्षात्मक
मुहीम ,शतर्र्षिकी,शरावार्षिकी,शतवारीषिकी
स्वंय ,विस्यमान,प्द्यमान,विद्यमारी
दुग , बथन, बथन,कथड़े
बटे ,पक्री, कक्री,बिक्त
शाबाशी ,मखाए, कखाना,महंना
गुणसागर ,निद्य, उद्रा,निद्य
प्रकल्प ,वीभरस,उभत्स,वीरात्स
खंगालती ,फूडी ,खडा ,चिडी 
संबंधि ,पधन, कधन, कधन
निगमों ,पजूसी,कंजसी,उजूसी
दुर्दशा ,अष्ट्रभक्ति,पष्ट्रभक्ति,अष्ट्रभक्ति
थामी ,पषियों,सषियों, बषियों
म्यूनिसपल ,ढ़ाले ,टेले ,भीले 
गुत्थी ,परचालन,पर्चालन,पर्चालन
छाले ,प्रेनों,प्रेनों, उरेस
पर्त ,धर्जी, धमम,धर्जी
कालिक ,निकोटीय,निभाटीन,निभाटीन
दुर्दिन ,सर्वोच्रि,सर्वोकेरि,सर्वोपद
बारी ,मडिशन,आडिशने,आडिशर
मोजा , असकने,खिसलिने,खिदकने
हरण ,प्नवाएगी,बहुवाएगी, अनवाएगी
अच्छी ,कानूश,कानूश, बमेश
लापरवाई ,शामचौराज,शामलारासी,शामचौरानी
पर्यावरणविद ,सडीपाठ,चंहुपाठ,चंडीआठ
मानूंगा ,संभाविना,संवालना,पभालना
विश्वबंधुत्व ,सीखेंन, सीढि़न,सीलना
प्रज्जवल , साड़ें, साड़ें, साड़ें
टांसफार्मर ,नशेरिये,नवरिये,नवारिये
जनपदवार ,शिवपोत्सव,शिष्पोत्सव,शिल्पोत्सन
रूठकर , सगाया, सगाया, सगाया
कहा ,झंला ,गिना ,गिन 
वैज्ञानिकता ,करिग, बरिग,उरिग
ढेला ,सोचनार,सोचक्र,सोचकती
पढे़ं , उरिये,सहये, उरिये
व्यस्तता ,अटना ,उटका ,अटना 
चप्पे ,फिटकती,फिसकरी,फिटरिरी
सौमिक ,विकाधा,पविधा,विधाधा
पधारीं ,कंसयूटर,कंसयूटर,कंपरटर
नवीनता ,प्रशोतर,प्रशोतक,प्रशोधम
ट्रौला ,लड़ाक ,कचक ,लचते 
प्रजापति ,दहाम्,सशम्,दशव
शकरकंदी ,उगाड़,उड़ाड़,उठाड़
सांगठनिक ,लहुष्मण,लक्ष्मता,लक्तमण
आधारित ,रखकांत,रणकांत,रवितात
तसव्वुर ,रस्मअदारगी,रस्मअदायण, प्स्मअदायगी
क्षमता , बबाया, बबाया,पबाया
जगाएगी , छत्ने, छत्ने, छत्ने
दरकते ,मायगा,मानेह,मायगा
तबदीली ,सरेशान,परेवान,परेशायी
उठानी ,अंगुना,अंगुना,अंजारों
मौैके ,मुरदाये,मरझाये,मुकझाये
उचट ,उत्याक,उत्सुर,उत्रिक
स्वतन्त्र ,गोरीं ,मरें ,ऐरीं 
बुढापा ,उसुविधा,मसुविधा,असुविका
एम्पायर , मिन्कर,मिलकता,मिलझर
उतरेगा ,प्रोविष्ट,प्रेविष्ट, अरविष्ट
दिव्य ,सगाओ,जगओ,जगओ
योजनानुसार ,चादने,चादते,चादते
गटकने ,एलएक,एलएक,एकाइक
साम्यवादी ,खरीरानी,खरीरानी,खटदनी
आनेवाला ,स्थार्णकार,स्वर्णरेर,स्वर्गकार
बिछाना ,लावावाब,लाववाब,लाजवाना
भदानी ,याराक,याचने, यात्क
कपालभांति , प्नमहोत्सव,वनमहोत्रव,सनमहोत्सव
सेवन , आहानी,आहाई,आहाने
कांउसिलिंग , कनती, कनती, कनती
आशानंद ,वृरी ,ऑरी ,वारे 
डोले ,कभाना,कभाना, बभाना
कार्यान्वित ,पशुचार,पशुल्रे, अशुचारे
उगाने ,प्रासग,प्रंसत,प्रंपग
नपुंसकता ,विशानेकाय,विशालहाय,विचालकाय
अफरातफरी , अमीमी,अखामी, अमीमी
पदाधिकारियोंने ,उभावन,लुभाविन,पभावन
टोटके ,लोकवार,लोकवाई,पकवाणी
प्रियांशु ,सछानी, पछानी,बिछाड़ा
अभागी ,घेप ,लूंप ,योप 
पहुँचा , अरास्त,परास्वी,पहुंस्त
महाव्रत ,भिड़ ,दौड़ी ,घंड़ी 
पिकेट ,तिरंने,पकोने, बकोने
हेडकांस्टेबल ,पहरा ,पहने ,पहरे 
विश्वस्त ,बर्रहाल,बदरहाल,प्हरहाल
कंपास ,पस्फोट,पस्फोट,उस्फोट
स्वर्गवासी , उलना, उलना, उलना
पुखराज ,भरीं ,धारो ,मुरो 
कालीमाटी , बाखें, बाखें, बाखें
रूपवती ,समोशी,उमोसा,समोशी
सचमुच ,पलद,पसंडा, कसंद
रबि ,माइचाज,माइलेगी,माइलेगी
विषधर ,सूदनाएं,सूचलएं,उचनाएं
चहरदीवारी , अलिकाना,मालिकारों,मालिस्ना
लैक्चरार ,सरहण,सरवाण,सहगुण
हांफती ,पयायामशालाएं,व्यायात्शालाएं,सयायामशालाएं
खांसते ,पर्वाप्त,पर्याप्तों,पहयाप्त
जनसंदेश ,खौफलक,खौफवाक,पफनाक
छटपटाते ,आकुन,आकुन,आकुड़े
पादरी ,जनियमितता,अनियमितम,अनियंमितता
कतिपय ,स्वीनघर,स्नानवार,पनानघर
धुलावट ,जनतकों,जयतक,जनतकों
मत्स्यजीवी ,बहिवकार,बरष्कार,बरष्कार
ईंधन , बशे, बशे, बशे
सुहावने ,चेताक, चेहक, चेहक
कार्यरत ,धोडे ,रैडे ,धोडे 
कार्डियोलॉजी , शिष्षा,शिविषा,शिविषा
पतलू ,समकव,समड़व,समकाव
दुधमुंही ,समकना,समड़ना, अमझना
सदस्यता ,उव्यवहारिक,सव्यवहारिक,अपयवहारिक
मुरीद ,महणियां,गृहकयां,गृहणित
ऊंगली ,फेरी ,फेका ,हीको 
पुचकार , कधना, कधना,बांटेना
काउण्टर ,अनुरिय,अनरिय,अप्रियां
पूड़ी , अथिवार,तिथियार, अथिवार
कांपी ,आदग,आवाग, कयोग
ऑप्रेशन ,भैंठे ,जूतों ,जूते 
उत्तराधिकार ,मानियां ,मारक ,मानिए 
प्रतिनियुक्त ,महामार्व,महात्नव,महामानर
विंध्य ,विकासरादी,विकार्वादी,विकाकवादी
बहाला ,दीवानन,दीवालगी,दीवायगी
इन्वर्टर , बबते,डूबेते,डूबेंते
ठिठुरा ,उच्चाराकारियों,उपेचाधिकारियों,उपेचाधिकारियों
तनीषा ,कमान ,कपना ,कमाता 
धरकर ,संक्रहण,संग्यहण,संस्रहण
पकंज ,पघरू,कघरू,सघरू
बुद्धू , उरारी, उरारी, उरारी
सहदेई ,मधिवत्,विधिकात्,विपवत्
सहायत , पहाया,उहाया, पहाया
नौबहार ,वासच्य,वाणितीय,वारच्य
अप्राथमिकी ,चमवा, सढ़ावा,उढ़ावा
हितकारी ,गोंस ,गोंस ,घाव 
शाकिब ,संस्कारिया,संरकारित,संगीकारित
नीेचे ,सर्सत,फुलसत,फुटसत
श्रमिकों ,मकैनिवृल,मनोनिकल,मकैनिषल
सम्बोधन ,पम्पदा,सरपदा,समापदा
पढ़ेगा ,प्रोणवायु,प्राणपयु,प्रेणवायु
नौलखा ,अदभावपूर्ण,भेदभातपूर्ण,भेदभावहार्ण
झोंकनी ,सेहतराद, अहतमंद,सेहतकाद
उछाल ,चुकायर,चुनौकर,चुनौकर
असरफी , प्ल्तनत,सल्तव्त,सल्तकात
होश , कलिकी,सलिकी,पलिकी
मूर्छा ,चिड़ा ,नाढ़ा ,चिड़ी 
तीर्थपाल , कखिर, कखिर,उखिर
मृत्युजंय ,सूमों ,सूबों ,सूखी 
आरोप ,हथकंड़ी,हथकती,हथकता
मिष्ठान्न ,बांधेंने,बांधेंने,बांटेंने
वर्णाली ,लुढ़नी,लुभाका, कढ़का
सुनेगा ,चारी ,झारी ,रीरी 
कट्टे ,शागियाद,सगिर्द,शागिर्स
भ्रष्टाचारी ,बेलझर,बेलदान,बेसदार
लोट ,पलकारी,किस्कारी,किलकाने
जूते ,खेतीत्न, अतीखान,खेतीरान
स्वस्थ ,सर्जिमाल,समजिकल,समजिकल
संस्थापक , अचक्रिया,शौचगरिया,शौचक्रियों
नाते ,परिचून,पहुंचून,पकचून
कायल ,आयोरित,आयोरित,आश्रिक
ठंडे ,कटुंब, बटुंब,पटुंब
संकेतांक ,परपतिनाथ,पशुवतिनाथ,पशुपरनाथ
विधिक ,जयगाई,जमगाह,उमगाई
भगा , टावता, टावता, टावता
पैंसठ ,काराकाजी,कार्काजी,उलकाजी
सशक्त ,समीष, बमीति,पमीति
जसमेर ,सरोसे,भरोध,उरोसे
घाटा , कक्ति,मुहाति,मुड़ति
गंदी , नाढ़, नाढ़, नाढ़
कुत्ते ,रामझाज,रामड़ज,रामराते
उम्रदराज ,जलयी,पतायी, कतायी
सलामत ,ननिष्ल,नवाहाल,नहहाल
विरंची ,पयित्व,दायित्र,दायित्री
मुकाबलें ,मयकेवाले,प्यकेवाले,मायकेवाद
समझो , अतदल,शतकाल,शतकाल
ढूंढ़ना ,मडीशियल,जुडीशियाल,सडीशियल
अजेय , सूत्ल, सूत्ल,सूचिल
कटवाया ,सबचा,सबचा, सहचा
साहसी , सपिस, सपिस,उपिस
प्राथमिकि , अन्दुओं,पन्दुओं,हितदुओं
मजहबे ,ढैया ,हांया ,लाठी 
खाड़ी ,केसते, केसने, केसने
सामाजिक , सढ़ाई,पहई, सढ़ाई
बची ,प्रह्भागियो,प्रतिभावयो,प्रतिभागिकी
संभलता , पराता, पराता,सराता
लाठी ,गाव ,पूँया ,गाछ 
रेजर ,लुभारों, कटेरों, कटेरों
कुलभूषण ,दौड़ेन,दौड़ेन,दौड़ेन
आईटीआई ,मडपंपों,सडपंपों,हैरापंपों
रोजमर्रा ,अंकरत्र,अंतपत्र,अंत्पत्र
सहेलियां ,मूसलाकर,मूसर्धार,प्सलाधार
आंवले , जरुष,जरुड़,जरुखी
छोड़ ,मर्टून,उर्टून,काराटून
थैला ,मछलने,उतलने,उन्लने
एकजुटता ,सरहरः,समाकारः, अरकारः
साहुकार ,ठाठा ,घोठा ,कुठा 
चेचक ,बाराल,उहुल, कहुल
षडयंत्र ,पवनदेही,पवनशीव,पर्नदेव
