﻿valid,invalid1,invalid2,invalid3
अटकलें ,पहदा,पहदा, उरिंदा
पत्ती ,संववाल,संघवाने, सघवाल
नौंवी ,रूज ,टंज ,टंज 
जेबकतरा ,उरपात,परपात,सरपात
नगराधीश , अजवंश, अजवंश,राजराश
शब्दकोश ,वसूफे,वजफे,वर्फे
संर्कीण ,जताश, जमाश,जताश
हलका ,मैगजीवी,मैगमन,मैत्जीन
अतिशय ,मदतर,बदतन,बनातर
गडवासू ,ओलों ,ओढ़े ,गेंढा 
मुक्ताकाश ,प्रतिभाठित,प्रक्ष्ठित,प्रक्ष्ठित
सम्भावनाएं ,झिलमालाती,झिलमालाती,प्लमिलाती
संकटमोचक ,नन्यानी,उन्दनी,नवदनी
पखवाड़े ,बांटेंना,बांटेना,बांटेंना
सगी ,बिताने ,कतानी ,कतानी 
चरणप्रीत ,उर्बादी,बर्शादी,बर्शादी
रिश्वत , कहीर,अहीप, कहीर
इंसानी ,लहएंगी,सगाएंगी,लक्एंगी
सीखना ,शून्होंता,शून्याता,शून्नता
झझर ,रक्तर्जित,रक्तकजित,रक्षारंजित
एतराज ,इश्तिहाल,इश्तिनिर,इश्तिहाड़े
बनें ,ताल्लेकात,ताल्लेकात,ताल्लुकारों
मिचौनी ,धरतिबोचा,धरक्बोचा,धरदर्चा
गरम ,मजरेगा,सजरेगा,गुणरेगा
नवकांत ,पद्महरी,पहमश्री,पद्मर्री
खनिज ,उकेंडरी, अकेंडरी,सेंकेंडरों
टोलों ,पूर्ववर्मी,पूर्वसार्ती,सर्ववर्ती
चाक ,मनिचर,शर्चर,शराचर
पुनर्वास ,पसहज,अनुहज,असहवें
हफ्ते ,सहनाटे,सन्होंटे,सन्याटे
पुदीना , बतित,चिंतिल,चिंतियां
भटकता ,हीलाधिवाली, अलाहवाली,हीलाहवार
उर्स ,जरतिभागिता,प्रतिर्गिता,सरतिभागिता
रौंदे , पगाता, पगाता, पगाता
करवाई ,समाजताएं,समानतार,सत्नताएं
ज्योतिषि ,नवजप,उवदीप,नवरप
गोसेवा ,छिड़ ,छिनी ,शैल 
संभले ,घिझ ,बोधि ,बोरों 
नीजि ,नकते, नन्ल, नन्ल
अजीविका ,पधिप्राप्ति,अधिप्लाप्ति,पधिप्राप्ति
ढूंढे़ , शैताई,शैताएं, शैताई
बोलियों ,तत्कशुदा,मलाकशुदा, अलाकशुदा
पटक ,नन्ते, उहाते, उहाते
ऐवज ,बदररत,बदसूत्त,बदलरत
अनुचर ,तराशक,मराशना,पराशना
बिछवाने ,शिगाने,कगारा, बगारा
शशांक , नाबों, नाबों, नाबों
दरोगा ,आर्शक्ति,आक्शक्ति,आदिग्क्ति
धराशाही ,नर ,पीर ,शॉर 
काफिला ,बहुनेबाजी,बहुनेबाजी,बहानेबानी
जेलकर्मी ,घूंरे ,घूंरे ,मही 
खटखटाना ,सयोम,कयोम,कयोम
शंखनाद ,फोड़ी ,फोड़ी ,लड़ा 
उपलब्धिया ,ढ़ेघ ,ढ़ेघ ,ढ़ेघ 
अनियमिता ,मौके ,हित ,फैंत 
सदभाव ,नागड़ज,नागराने,नागराने
कल्याणार्थ ,भिक्ने,भिक्ने,भिड़ेने
मधुबन ,पिसला ,पिसते ,पसने 
रिकी ,पझाना,बुर्ना,पझाना
अंगूठा ,उक्शन,सेवशन,सेवाशन
गहराता ,उरकतें,उरकतें,सरकतें
तमंचाधारी ,टरवाते,मरकाते, अरकाते
विभीषिका ,उखते,सीमाते,उखते
आंदोलनात्मक ,मुंहनगी,महमांगी,मुंहरागी
दिलवानी ,प्नरक्षी,वनरकषी,वनरक्ति
सासें ,सेल्सचिन,सल्समैन, अल्समैन
डॉक्यूमेंट्री , प्पेक्षित,उद्क्षित,उत्क्षित
महत्ता ,चरकाया,चलाकाया,चमराया
मीता ,ढांचा ,ढांचा ,ढांचा 
उपजने ,मनभागिन,मनभागीन,प्नभावन
तारिणी ,सलॉप,पलॉप, बलॉप
पदवी ,अर्यस्थल,कार्यस्थता,कार्यक्थल
नामपर ,अन्त्येष्मी,सन्त्येष्टि, प्न्त्येष्टि
घड़े ,तपशा,तरशा, बलाशा
शांतिप्रिय ,मनरूर,मनवाप,मनपप
भगदड़ ,रक्गुल्ले,रहगुल्ले,प्सगुल्ले
स्वरूप ,केलों ,केलों ,फिला 
रूपे , दवाज, दवाज, दवाज
खामियाजा ,होशिवालों,होर्वालों,मनेवालों
कटेहरी , पव्य,उव्य,उव्य
वीरगाथा ,सिसते, ससक,सिकुक
खुली ,धातु ,धामों ,धामों 
पिटा ,ओणदे,ओढ़ादे, बहदे
नवयुवक ,चंहुसर, अदसर,चंदकर
रसायनशास्त्र , अदारता,उदार्ता,उपरता
निरुत्तर ,टोलबर्मी,टोलबर्मी,टोलपर्मी
परीक्षाकेंद्र ,संभलवार,संगीलकर,संभलकता
तोड़ने ,शासर,शासर,शासर
पुर्नमतगणना ,बंटाक, कधक,बंधर
बला ,घाघने,घाघने,घाघते
कार्यपालिका ,उरीबों, परीबों,उरीबों
उपवास ,मंजिए,मंजिए,उजिले
संवाददाता ,गिरानी ,सरनी ,गिरण 
आवाजाही ,दृढ़टि,दृढ़टि,दृढ़टि
प्रभुनारायण ,रस्ना,रवीपों,रस्ना
पंडौल ,सरुणानिधि,प्रुणानिधि,कर्णानिधि
घातक ,योग्ध,योनिय,योगिय
हट्टी ,नरस्काल,प्रकंकाल,नजकंकाल
कामाक्षी ,सपटाते,सपटाते,निपनाते
विशेषकर ,धुंते ,मौण ,मौकों 
प्रगतिशील ,चूहरी, चूड़िन,चूहरी
कतरनी ,उताएं,मायएं,मार्एं
डुगडुगी ,विशेषज्य,विद्षज्ञा,विशेश्ज्ञा
मर्यादा ,सलझर, उलवार,सलझर
मारता ,तिगुगा,तिलंत,तिलंद
बधनी ,कांकी ,घूंकी ,नैकी 
प्रतिवर्ग ,लांलो ,दही ,जिंलो 
मानको ,पगीत,संगीचे,उगीत
विचाराधीन ,उयोतिषी,पयोतिषी,उयोतिषी
पिछड़ ,कूंचकने,कूंचनार,कूंचलर
बटाई ,सन्नसी,सन्याओं,सन्होंसी
मैक्लोडगंज ,समेरे,समेरे,समेरे
उतर , छाएते,छावते, छाएते
कटान ,उखती,उखते,उखती
विक्रमाजीत ,पटोर ,बटोही ,पटोर 
बिके ,खलिस्न,खलिदान,पलिहान
लाभदायी ,समामति,सहनति,सहनति
संसार , बढ़ारे, बढ़ारे, बढ़ारे
सौंदर्यकरण , रोमांना, रोमांना, रोमांना
अनुदान ,सरभाग,सहराग,सरभाग
समाधि ,जनएंगे,जगएंगे,जतावगे
मिला ,फूले ,छिले ,नीला 
अकलियत ,डुलें ,सीलें ,चाहूं 
केन्द्रीयकृत ,सुनियों,सुलए,सुलए
घीया ,सधिपत्य,अधिपत्री, प्धिपत्य
मापा ,नेत्यादान,नेत्रदारों,नेत्तादान
पैथोलॉजिकल ,मानकाय,मानकय,उनदेय
निकटवर्ती , लड़ाव, लड़ाव, लड़ाव
चलता , कचत, कचत, कचत
उपचार ,बूढ़ा ,बूढे़ ,बूट 
दशाई ,कग्र,उग्ला, बग्र
माफी , रस्ई, रस्ई,रसीई
उपजाए ,थानाधिकृरी,पनाधिकारी,थानाधिकाल
राजकीय ,भैसें ,शीया ,भैसें 
बरामदे ,तनमती,तकमय,तरमय
फुटकर ,रैबी ,शांबी ,रैबी 
सेटेलाइट ,बंदूआ,बंदिआ, कधुआ
महासचिव ,गुनगुजाए,गुरूगुनाए,गुनगुजाए
रुकने ,पजपत्रित,राजपरारित,राजपत्तत
दहाड़ ,नाकाने,नाकाया,नायफी
नुकीले ,गुलशय,गुलकन,गुलकन
ओलंपिक ,पूरावाहन, अर्वाहन,मर्वाहन
स्वारथ ,शीशिला,शीर्ला,शीतना
हस्तक्षेप ,पिंजौली,पिंडिरा,पिंडिरा
गुणवत्ताविहीन ,यमुवन्त, अशवन्त,यज्वन्त
घबराता ,लेबिश,लेबिश, पबिल
फैलेगी ,जमीनवाता,जयनदाता,जमीनदान
धौला ,खंगालन,खंडालने,खंदालने
पांत ,पोंछड़ा,पोंछड़े,पोंछड़ों
लुहानी ,पोखक,सषक, बषक
बिंदी ,कार्यमिर,कार्यमिर,कार्यमिर
वृद्धि , बबके,दुबरू, बबके
छायाकार ,लिफाकों,उपिकों,कपिकों
हिलना ,जगमगुरू,प्गतगुरू,जनतगुरू
सामूहिकता , कझी, कझी, कझी
मंडप ,अभिवाप्त,अभिशप्ति,अभिशबात
मनचाही ,बैंकिया,सकिग,बैंकियों
संभव , अरगद, अरगद, अरगद
सर्वसम्मत ,नाछा, साछा, साछा
लम्हें ,अभिवाराय,अभिप्राने, प्भिप्राय
अशुद्धता ,मशीकरण,वहकरण,वशीनिरण
शिक्षकगण ,कलेंगे,कलेंगे,डालगे
प्लास्टिक ,सतवीय,उतवीर,सतवीरों
नौंवा ,अप्रहसी,अप्रवार,असरवासी
प्रमाणित ,पासहाकें,पार्बुकें,उसबुकें
औषधालय ,गफसत,गफनत,गफसत
बेहाल ,एकर्गान,एकलब्न,प्कलगान
झंडा ,बखो, बाखो, बाखो
भिट्ठी ,सरीमति, अरीमति,श्रेमति
नवासा ,गरस्गरमी,गरतिगरमी,गरदगरमी
निकटता ,खिलौड़ी,खिलौड़ी,खिलौड़ी
भागीं ,अनुनेत्री,अनुनेत्री, प्भिनेत्री
विनम्र ,संवानी,संबंरे,संवानी
संदर्भन ,रामपरिक्षण,रामपसंक्षण,रामपरीयषण
पक्षपातपूर्ण ,सरफ्तारियां,गिरफ्तारित,गिरफ्ताशायां
प्रवेशपत्र ,महीली, बछली,सछली
वर्षाजल ,लौट ,लौट ,खुटी 
चुने ,आपनाग,आपवाग,मपलोग
समविकास ,परायम,परयण,पराकण
राजदीप ,फाँया ,साया ,बोधी 
पुराने ,नगराधीयक्ष,उगराध्यक्ष,सगराध्यक्ष
सटीक , सरसक,उरसक,भरसभा
जिल्द , प्न्मदिवस,जन्मसवस,जन्देदिवस
नरसेना ,धरने ,धन्ना ,धमना 
वैधता ,अनचारे,अनदाहे,अनचारी
चिरैया ,पहंती,कहंची,पहंतो
समझाये ,प्रस्शोध,प्रवाशोध,प्रक्शोध
पूर्णरूपेण ,प्रह्वशाली,प्रभावहीली,प्रक्वशाली
नकाब ,नीलगारी,नीलगारों,नीलगारों
घिसटता ,जूनिहार,जूनिहार,जूनियत
अधिनस्थ ,पिछड़ेग्गू,प्छलग्गू,पिछलवागू
अक्षत ,कोहदार,कोटेदानों, अटेदार
रखरखाव , जुटावा, जुटावा,जुल्वा
नियुक्तियां ,जेर ,शोर ,शोर 
कार्यालयीन ,लड़किल,मड़कियां,लड़किल
पृथ्वी , सदाकारी,अदार्री,अदायरी
बेलपत्र ,शीर्मसन,सर्षासन,शीर्यासन
बेतहाशा ,स्थाच्छ,स्वजछ,मवच्छ
प्रखर ,पंचलर,उचवीर,पंचवीय
स्पार्किंग ,घटटते,घरटते,घसीलाते
आगणन ,समाकन,समायन,ममाधन
पुष्पाजंलि ,रस्साक्स्सी,रस्वकस्सी,रस्साकस्ती
लार्वा ,क्षेयकेंद्र,परयकेंद्र,क्रह्केंद्र
विक्रांत ,चूंगी ,झेगी ,झेगी 
गटक ,फूकेंती, सलती, सलती
पद्मविभूषण ,कंदे ,गैंदे ,कंदे 
पुष्टि ,पर्शनार्थ,दहेशनार्थ,दहशनार्थ
धनवर्षा ,खानानदोश,पनाबदोश,खाद्बदोश
पुर्नमतदान ,मिलझने,मिलदाने,मिलावाने
लगनशील ,पंडासे,पंहुल,पंहुल
तारण , उहारन,सर्रन, उहारन
तात्कालीन ,पोस्टहर्ड,पोस्टरर्ड,पोस्टकारिड
बेलाहार ,छिन्नमस्तियां,छिन्नमस्तियों,छिन्नमर्तिका
मुकरे ,लोकजनशक्षा,लोकवानशक्ति,लोकसानशक्ति
दहेज ,मभिरुचि,अभिरुओं,अभिरुल
जनहितैषी ,पूर्वाहह,पूर्यान्ह,पूर्वाहह
मुस्कुराए ,जमात ,जगता ,जलात 
अतिसंवेदनशील ,वैज्ञासाक, अज्ञानिक,वैज्ञानियां
करुं ,घोटाए, सटाला,घोषिला
मुल्यांकन , कपई,कड़ाए, कपई
जिलाउपाध्यक्ष ,घसीन,उसीटा,घसीर
किताब ,सूफिफेनी,सूफिफेनी,सतफेनी
श्यामचरण ,उभास,विभायें,विचास
निदेशिका ,जोड़कती,जोड़वार,जोड़ीकर
विधानंद ,शूब ,चौंब ,चौंब 
प्रशिक्षक , कहोशी,बेहोबा,बेतुशी
बट्टा ,मतानंद,सताएद,सतामद
विवाहिताएं ,वादा ,वारे ,वारा 
प्रेमस्वरूप ,निशारी, उहरी, उहरी
सन्देह , वसूय, वसूय, वसूय
चलाना ,लौहाई, लौटेंर,लौटेर
बकाएदारी ,लावासेंस,पइसेंस,लाभसेंस
चुराते ,निषेद्धि,सषेद्य,निषेद्व
दफ्तार ,खेल ,खेल ,भेतों 
गुजरते , सदासीन,पहुंसीन,पकसीन
भ्रष्ट्राचार ,विश्तिम,विश्राने,विराराम
प्राणि ,नेत्वर्किंग,नेटवर्थिग,सटवर्किंग
रात्रि , उहारे,गुदरे, उहारे
अनुशासनहीन , पताएं,जगएं, पताएं
टैक्ट्रर ,दिव्एंगी,मखाएंगी, अखाएंगी
बैरहना ,कपमी, कमामी, कमामी
न्यायधीश ,सद्ज्योन,सद्ज्योन,सद्ज्वन
दीवानी , नहाम,नन्म, नहाम
सुखदायी ,मंडमिंवार,मंडलवाले,मंडम्वार
लौटती ,निवेदगी,निर्दन,निर्दन
पोते ,काकी ,कानों ,राठी 
पोस्टमास्टर ,घोसत,घोटात,घोषितों
आज्ञा ,संक्रानी,संचाराति, अक्राति
विचरते ,उजूदरी,महदरी, अजूदरी
विशेषातिथि ,उन्नशीशील,उन्नतिशीन,जन्नतिशील
