﻿valid,invalid1,invalid2,invalid3
फरमाइशी , बामि, बामि, बामि
समूहगान ,पबड़,सबड़,उगाड़
रिफंड ,इज्जित,पज्जत,इन्जत
सपाट , अभावनायें,प्भावनायें, अभावनायें
हैण्डपंप ,पर्रकारिता,पत्रमुरिता,पत्मकारिता
स्वंयसेवक ,दुहहिया,मपहिया,दुपहित
सीमापार ,उरवाले,घरकले,घटवाले
पिलायें ,प्रदुम्बिन,प्रदुन्मन,प्रस्म्मन
सीखीं , पलायें,उलायें,दिखयें
स्थानो ,पखिक, बखिक,सखिक
अरुणोदय ,कहाड़ित, उहावत,कहावट
काव्य ,मुद्बीर,मुखबीती,मुखलार
कार्यशालाएं ,जासूलों,जासूल,जासूड़े
पकने , अरसते,मरसते,तरमाते
आजमाए ,उयादी,मिर्दी,पयादी
उठाइए ,तकतरी,तश्तिरी,तकतरी
परिचालक ,बूंदें ,खिदी ,ढे़दी 
बोलती ,दुधाग,दुकाग,दुर्य
तीर ,विजयमारी,विजयस्री,विजरश्री
पुरखे , उलाने, उलाने, उलाने
व्याकुलता ,हबीना,हबीले,हबीज
वाकीटाकी ,खर्याकर,खर्याकर,खर्चनार
रंजो ,चुभली, चुकाली, चुकाली
जिला ,बीमाने, बीमाया, बीमाया
निजीकरण ,खिसमती,खिसहाती,खिसहाती
कुश ,एकालरचित,एमग्रचित,एकासारचित
चुभती ,रंग ,रंजो ,रंगी 
भोलू ,संगररमर,संग्मरमर, प्गमरमर
नशेबाजी , बपे, बपे, बपे
खिलाड़ी ,उज्यवर्धन,पज्यवर्धन,राज्यवर्धता
तिलिस्म ,झेये ,भरीं ,वाये 
घबराती ,बेचाखी,बेचखी,बेरुड़
रूपया ,उनौनी,घिनौला,सनौनी
हाकिम , बकाम, बकाम,उकाम
सूर्यांश ,कपमो, पर्मो,उर्मो
आईटीसी ,उगामी,सगामी,कगामी
मौरंग ,परखच्छ,परखच्छ,परमच्चे
निस्तेज , सचती, सचती,खींचेंती
महादीप ,महस्वाकांक्षा,उहत्वाकांक्षा,महल्वाकांक्षा
विश्वासघाती ,अवपलब्ध,जनुपलब्ध,अनुज्लब्ध
रफूचक्कर ,हलना ,बलके ,सलके 
शोधक ,हाशिशों,सशिये,हाशिशों
पांवधोई ,जमापथ,जनदाथ,जनवाथ
बुलवाई ,जांट ,जांट ,लाभों 
निर्बलों ,लोभ ,ठंहे ,लोभ 
बढ़वार , उवाब, उवाब, उवाब
फेंकू , प्र्लभतम,दुर्माभतम,दुर्लभतक
भंगहा ,वायुमंदिल,वायुमंदिल,वायुमंडर
खड्डों ,स्वैच्छेक,स्वैधाछिक, अवैच्छिक
उकसाकर ,वॉलमान्ट,वॉलगार्ट,पलमार्ट
कृषि , अयारियां,तैयाययां,तैयारित
निष्काम ,बलदोबस्ती,बन्दोबयाती,बन्दोजस्ती
बरातें ,शौचमुकुत,प्चमुक्त,पचमुक्त
नवविवाहिता , बठ्ठू,मिटाठू, बठ्ठू
समधिन ,मगारंग,रंगालग,रंगाएंग
खटीमा ,अभियुद्त,अभियुवत,अभिभाक्त
टकराना ,पपयोगिता,उदयोगिता,सपयोगिता
तीखी ,उढा़ई,उढा़ई, सढा़ई
सर्वगुण ,शहतूस,शरातूत,पहतूत
पाखंडी ,प्कर्तव्यविमूढ़, अकर्तव्यविमूढ़, अकर्तव्यविमूढ़
ध्यानाकर्षण ,चूके ,चूर ,छीहे 
देवी ,बेचास,बेतुस, बेचस
व्यापक ,परिजम,परिवाम, अरिणाम
छेडे़ ,उचक्त,उचलके,उलक्के
अभिश्रव ,श्रीरामशवमी,उरीरामनवमी,श्रीरामशवमी
निश्शक्तता ,बंजागी,बंटेल, उटेगी
व्यावहारिकता , अमोग्राफी,मेमोनिराफी,मेनग्राफी
तुफानी ,राष्ट्रस्र्माण,राष्ट्रतिर्माण,राजट्रनिर्माण
बिताएं ,आर्भिक,सरंभिक,आरंजक
मालवाहक ,किरण ,परन ,किरान 
दुर्दांत ,कसे ,झोरे ,झोरे 
पिट्ठू ,बेटे ,बेटों ,फचू 
उपप्राचार्य ,प्पविषय,उपविकाय,उपविष्य
गिनाएं , अरचारित,प्रचालत,प्रेचारित
पिल्ले ,खानवान,खासपान,खानवान
प्रणीत ,पत्याकाड,हत्यात्ड,हत्याकाल
स्पर्श , बरंतो,दूरंटी,सरंतो
दबाएं ,अपयवीर,पभयवीर,अभकावीर
सिमटी ,रिझारा, ससौरा,रिक्रा
अरबों ,घड़िनाएं,घबनाएं,घटपएं
रवानगी ,नशेबाड़ी,नहबाज,नहबाज
झलकती ,नीज ,लाठी ,लाठी 
चिह्निंत ,पषाढ़ी,पषाढ़ी,आपढ़ी
बाई , जुड़यी, जुड़यी,जुल्यी
सलहा ,पूछेम,पूछेम,पूनते
पंखा ,पूंज ,घूंज ,फौजी 
समाप्त ,गपशने,गरशप,गद्शप
अधबने ,सघ्नहर्ता,वित्नहर्ता,विघ्नस्र्ता
रखियो ,लगकाए,लगाकाए,लटरिए
जनाजे ,मुस्झाई,सरझाई,मुरहई
कारी ,दलीसा, बलील, बलील
झल्लाहट ,उरकाता,टककाता, परकाता
खेर ,सचायी,सचायी,बहयी
अशांत ,विवे ,लिवे ,दायें 
उत्पादों ,कामावनी,कारयनी,पमायनी
तिकोनी ,तकस्थ, अटस्थ,तटकाथ
चिढ़ाती ,मर्भया,निकाभया,निर्भरी
परहित ,प्रोमंडलीय, अरमंडलीय,प्रतिडलीय
हर्षप्रीत ,पगायी,भट्यी,भगोयी
सर्द ,पहुंमाण,मरिमाण,पकमाण
कंप्यूटर ,ढीली ,ढीली ,ख़ुले 
नगरपालिका ,स्नानर्थी,स्वानार्थी,स्वानार्थी
डांटने , कसाख,बैनाख, कसाख
अरूप ,खपाली, बपाने, बपाने
बहायी ,अनुकायदा,अलकायत,अलपयदा
यदुपति ,पाचखी,पालिखी,पावखी
घिसटती ,सपंर्थ,सपंर्ण,सपंर्ण
टंकक , उनेहरा,सुनेवारा,सुनेजरा
अध्यक्ष ,चलऊ,चलऊ, चरऊ
महकते ,स्वंयकावी,प्वंयसेवी,स्वंयवावी
पहचानने ,जंगड़या,जंगकया,जंगलित
मोह ,नीमहरिम,प्महकीम,नीमहमम
किरायेदार ,बेची ,केरी ,बेल 
टहलाया ,सुरा ,पूछ ,पूछो 
गट्टे ,अभिषदीप,अर्षदीदों,अर्षपाप
फिल्माने ,तुल्हे,तुम्य,तुल्हे
सकल ,प्रमाणीकताण,प्रह्णीकरण,सरमाणीकरण
दलालों ,सूड़ी ,सूमों ,ढ़ोती 
जहॉ , कनूंगी, कनूंगी, कनूंगी
झूला ,शोरशरबा,शोरशराज,शोरतिराबा
दर्शनार्थी ,घद ,नाभि ,कोंद 
कर्ज ,मर्षिकी,वाल्षिकी, अर्षिकी
मटमैले ,मुसाफिरखाक,मुसाफिरस्ना,ससाफिरखाना
उत्तरदायित्व ,झीय ,ठेंय ,मैंय 
व्यक्ति ,सपने ,तराने ,कपने 
उछलते , कघर,साघले,साघट
गठबन्धन ,गये ,गड़े ,लेावां 
विराम ,हारअलर्ट,हाईअलवाट,हाईजीलर्ट
अवलोकन ,आत्मग्लाप,आत्मसलानि,आत्मग्रनि
बहनो ,लूटमानी,मटमार,पटमार
गैराज , तड़नी, तड़नी, तड़नी
नौकरशाह ,सुझादा, बखदा,कखदा
कंपा ,साकेतियों,साकेदाक,साकेनिंक
अपात्र ,हड़डियों,हरिडियों,उड्डियों
भुरभुरी ,सतरिरू,उतगुरू,मतगुरू
मंदार ,आगे ,झंगे ,जाति 
सुंदरकांड ,चुराहर,चुराहर,चुलकर
जानना ,खुलदाई,खुन्वाई,खुलझई
सतासी ,बीहने,बीहने,बीहने
सुंदरी ,जागीरपार,जालिरदार,जागीरदाता
फतवे ,उशोका,पशोका,पशोका
बजर ,कान्यरेंसिंग,कान्नरेंसिंग,अन्फ्रेंसिंग
भेंजे ,अनसुलक,अनवालझी,अनसुकझी
केंद्रवार , रुपना, रुपना, रुपना
इंतजार ,मेहरबाजी,मेहरपानी,पहरबानी
धोबीघाट ,बोते ,ढोंते ,जीजा 
सुननी ,भरेता,भगागी,भरेनों
व्यस्त ,उर्यरक,उर्मरक,उर्यारक
पंचायतस्तरीय ,प्रत्याशिप,प्रेत्यारोप,प्रक्यारोप
सदस्यीय ,करात ,बराने ,अरात 
परख ,पयमानुकूल,नियननुकूल,सयमानुकूल
कूल्हा ,मैट्रोक,मैट्रियों,मैट्रोक
तिथी ,पभकारी,उभकारी,लावकारी
आतिशबाज ,अर्धि,कवधि,पवधि
दांतो ,अखाठी,पगूंठी,उगूंठी
दीपन ,ढोया ,ढोया ,ढोई 
बहुउद्देश्यीय ,अभिपायु,पल्पायु,उल्पायु
चालाक , सरोध,निभाध,निकध
रुपक ,मीर ,बैर ,मीर 
प्रौद्योगिकी ,मीग ,झींग ,झींग 
चिल्ला ,मोहनज,मोहताओं,मोलताज
पदोन्नति ,चिल्काये,चिपनाये,चिपनाये
भरवाएं ,सल्का ,सल्का ,अमीका 
पिंडारी , कढ़स,सढ़स,ढाढ़ती
न्यून ,कर्माव्यबोध,कर्वव्यबोध,कर्तव्यस्ध
केबिनमैन ,अर्णेन्द्र,जर्णेन्द्र,पूर्णेन्विर
दोबारा ,टेक्षाशियन,टेक्रशियन,पक्निशियन
पूजन ,मृत्युद्ड,प्त्युदंड,मृत्युलोड
छप्पड़ ,बहुउपट्गी,बहुस्पयोगी,बहुउपतिगी
सोय , करोसा,भरोध,उरोसा
बोलेरों ,मुर्ठी,मुद्ठी,मुद्ठी
समझाया ,केंद्रीयकृति,केंद्रीमंकृत,जद्रीयकृत
तृप्ति ,महीगी, कनेगी,पनेगी
दामो ,कटाने ,हटने ,हटने 
भटूरे , पिटाते, पिटाते, पिटाते
आवेदक ,पिलदास,पिलझास,पिस्र्स
महापरीक्षा ,हलषदेव,हमषदेव,हलषदेव
जयगुरु , बनूठे,अनूनी,कनूठे
अंतर ,पगठनों,संगठस,संवठनों
मानववाद ,ऐतिक्सिकता,ऐतिहासिकश,ऐतिक्सिकता
किसलय ,सरकचो,सरकचो,सरदाचो
उपप्रधानमंत्री ,रंगेबाजी,रंगबार,मगबाजी
रोगग्रस्त , पसेगी,फंसेवा,फंफूगी
गढ़वा ,सरशंसनीय,प्रशंसनीकी,प्रदसनीय
उभरेगी , बर्या,काटया,कार्द
थकावट ,महनफ,महरूपों,मनोरूफ
वृद्वि ,तर्कसंगढ़,तहकसंगत,तर्मासंगत
सुनार ,पमाका,धर्का,धर्का
अखिलेश , बदासी,कदासी,पदासी
संतोष ,फिरौवा,फिल्वा,फिकना
बेटा ,दवाज,दराना,दराना
विमल ,मनगुनाया,गुनगुदाया,गुनगुनामा
पसीने ,युवरों, बवक, बवक
राशनकार्ड , डराडा,डकैडा, डराडा
चैतन्य ,परंपलानुसार,परंपराधिसार,परंपराचासार
दफ्तरी ,प्रदत्व,प्रवात्त,प्रदत्रा
सूचनापट्ट ,सड़ी ,सत् ,भिंदा 
प्रेक्षक ,सकसाते,पकसाते,मकसाते
रूपकुंड ,विस्तों,विस्ती,विचावा
सृजनात्मक , बमृति,कमृति,अखाति
विस्मृत ,इतिपुरी,इतिश्म,पतिश्री
नियत ,उश्ती,गश्री,उश्ती
प्रस्वीकृति ,कांठ ,गीठ ,सेबी 
सराए , यंत्य, यंत्य, यंत्य
बहुचर्चित , सपते, सपते, सपते
चढ़ा , बधूरी,अधूलि, बधूरी
बनायेगी ,सलायेंगे,दिलाकगे, अलायेंगे
पीढी , अलीबॉल,बॉर्बॉल,बॉर्बॉल
गोलबंद ,परिभ्रस्ण,परिस्रमण,सरिभ्रमण
नीबू ,काजी ,फैंटो ,फैंटो 
भागी ,झोंके ,झोंके ,चंाका 
खोंटा ,खर्टर,खर्टर,खर्टर
लाईटें ,हराना ,हराया ,हराती 
प्राचीनता ,सीच ,भौंच ,चैच 
सौदे ,क्रांतिनिरी,मरांतिकारी,क्रांतिभारी
जिवाई ,नेतृत्वकगता,नेतृत्वहार्ता,नेतृत्वकर्ण
दुधारु ,संदेहासपद,संदेशास्पद,जदेहास्पद
गंदगी ,टैंसी ,तासी ,चाचा 
अमरज्योति ,नाइरात्मक,जकारात्मक,नाकारावमक
सौगातें ,व्यस्तरीम,व्यस्तवाम,व्यस्ततक
जनश्रुति ,सजराती,गुजरिती,गुजमाती
परफॉर्मेंस , कखता,लिफाता, कखता
चर्चे ,संकारहकर्ता,संग्रशिकर्ता,उग्रहकर्ता
शिवभक्तों ,पहआ,पछुड़ी,पहआ
चपत ,नापी ,नाको ,नापी 
दुरूस्त ,घुट ,धीसी ,घुली 
अटकाया ,सुरहल,सुरहल,सुधाताल
कटघरा ,कलता ,कलता ,खौलन 
एकदूसरे ,बजा ,बजे ,बयां 
रचाया ,कबोची,दर्ची,दहची
सलाद ,रूढि़नी,रूहार,रूहार
बिजली ,कुदरण, अदरती,कुदगाती
क्वार्सी ,ज्योगी, बयोति,ज्वति
अप्रियकर ,सूचिय, बर्य,सूफिय
निकाली ,पचेंगे,बतागे,सचेंगे
शरणस्थली ,हंगामेदाता,हंगाड़दार,हंगानेदार
कालापानी ,परेमीयुगल,परेमीयुगल,प्रेणीयुगल
मौखिकी ,व्यानारमंडल,व्यापारीमंडल,व्यामरमंडल
एकलव्य ,तांते ,बाक ,ढूते 
कारीगर ,लेखाड़र,लेखाकते, अखाकर
फफोले ,फंसर,फंफूती, पसती
सुपरवाईजर ,परदाज,परदाज,परदाज
कैल्शियम , नूपुल, नूपुल,नूतल
वारकर ,प्रास्पक्टस,प्राजपेक्टस,प्रास्पेक्ष्स
गुढ़ा ,संकाना,उकाय, ककाय
पताही ,सफानी, पफाई, पफाई
जत्थेबंदी ,नंगलाकल,नंगलामता,प्गलामल
रस्मों ,रूढि़ली, बमाली,रूकली
राहू ,खत्च,खर्म,खत्च
मचाती ,बौझ ,बौझ ,चीझ 
