﻿valid,invalid1,invalid2,invalid3
निशीकांत ,यांत्याकी,यांत्तकी,यांत्रित
वर्जिश ,महाड़ित,महारते,महाड़ित
भरणपोषण ,डुश ,मोश ,वेद 
बहुरानी ,प्रादेशी,प्रहशी,प्रमाशी
लेंटर ,उतेदार,मतेदार, अतेदार
महिम , कजह,बढ़ाह,बढ़ाह
अबैध ,रात्ट,राज्ट,रात्ट
सांझ ,बहनाया,पहलाया,बहनाया
हीनभावना ,लोकगासका,लोकड़यिका,लोकरयिका
नौवे , अयर्टन,पयवटन,मयर्टन
मिहिर ,चेचया,चेचया, चेष्या
स्वावलम्बी ,देशी ,धंखा ,धंखा 
पुनर्बहाली ,शीलस, उट्स,शीट्ठी
इरशाद ,शरान,शरान,शरान
बरहाल ,लोकोसति,लोटक्ति,लोकोक्त
श्रद्धांजलि ,मजभाषा,मजभाषा,राजरिषा
तोरण ,विडंबल,विपबना,विडंबत
आवेदिका ,कटाने ,बटाते ,बहाने 
अठन्नी ,निला ,निला ,तुर 
लहराये , ठण्ने,ठगल, ठण्ने
कागजों ,बखें,बखें, बाखें
चुक ,जिलास्यक्षा,अलाध्यक्षा,जिलात्यक्षा
झेलना ,रहवालों,पखवालों, अखवालों
दवाखाना , खराता,खदेता, खराता
निरुद्ध ,पंचवाखी,पंचमुही,पंचकखी
गुंजन ,जनराता,जगड़ता,जगकता
अभियान ,पर्क ,पलना ,पलते 
गोदने ,मजमल,मलदाल, उलमल
कांवरियां ,यदुस्थान,यदुस्थान,यज्स्थान
संध्याकाल ,मवीकृत, पवीकृत,स्वीकात
निर्दल ,उर्भीक,निर्जक,निभाभीक
सदाबहार , नाचद,नामिद, नाचद
सीटी , कढ़ेंगे,उढ़ेंगे,सढ़ेंगे
साइकलिंग ,बुलाकागे,बुलएंगे, अलाएंगे
जत्थों ,धांठे ,मीर ,हौठे 
महाप्रबन्धक ,महाविधिया,महाविकाया,महाविद्ध
वनराज ,प्दिरालय,पदिरालय,मध्रालय
हटाएं ,मुहयमंत्री,मुख्यमंगरी,अख्यमंत्री
बुद्धजीवी ,सौरने, बरभ,सौगाभ
प्रयुक्त ,मलभैरव,कालमारव,कालगारव
आवश्यकता ,ईंर ,टार ,धूल 
हार्दिक ,जिम्र, जितामा,जिम्र
तहखाना , उहारा, उहारा,सजारा
एकाग्रचित्त ,मफनाया,मफनाया, सफनाया
मंगवाकर , टटोने,टखती,टखते
शगुन ,सूचिज,सूचिज,सूचिज
वेशभूषा ,हेमझात,हेरान्त,हेमन्ट
चरकी ,जन्तेश्वर,जग्निश्वर,जबतेश्वर
धर्मशिला ,विकम्ब,विलम्र,विपम्ब
हर्षाली ,मबकने,दुबरने,दुहकने
मेरु ,धर्मस्थाल,धर्वस्थल,धर्थस्थल
त्रिलोचन , रुलावा, रुलावा, रुलावा
ऐनक ,उचते,उचते, कचते
नथुनी ,दिव्यकांडी,दिव्यांकांत,दिव्यांकांत
घुटने ,जगलापाल,जगतपात,जगतराल
वक्ष ,खर्ना,खजारा,खजारा
भोजन ,मंगलकर्ति,मंगलवार्ति,मंगममूर्ति
बांटने , संजोर,संचाया,संचाया
जलमार्ग ,मस्कुट,बिगकुट,बिखेकुट
उपलब्धी ,पुर्नवाला,पुष्नवास,पुष्नवास
इरसाद ,पुतट,पुतट,पुतट
सूत्रधार ,पखारी,बुद्री,बुलारी
नियत्रंण ,कृतनञता,कृतज्जता,कृपाज्ञता
असिस्टेंट ,बिछाल,बिपुओं,बिपुओं
टेक ,पूछेना, पजना,पूछेना
यथास्थिति ,प्रातघर,मरातघर,बरामघर
स्थानीय ,जतासी,जतासी, जलासी
मनीष ,लोकरार्माण,लोकसंर्माण,लोकनिकमाण
मद्यनिषेध , फूहता,फूकेंता,फूकेंता
चुनें ,इजारों,इजारों,कजाफा
अभया ,उढ़वाई,बर्वाई,बढ़तिई
चीजें ,संकल्पबद्रों,अकल्पबद्ध,संकल्लेबद्ध
कतरा ,मष्टदायी,कष्पदायी,पष्टदायी
छूता ,उगंध, बगंध,कगंध
अभीष्ट ,परिक्रता,परिचारमा,सरिक्रमा
पाला ,लोकासेवक,लोकासेवक,लोकसेन्क
ढोलना ,धूक ,झांक ,धुक 
प्रतिभा , पयंत्र,संयंत्व,संयंत्व
सवेरा , पहत,उहत,उहत
सुंदरवाला ,गंभीसा,गंभीसा,गंदसा
टीले , नाढ़, नाढ़, नाढ़
उम्मीदे ,जागशीन,पनशीन,जानशीय
प्रार्थनापत्र ,ससीदे,पसीदे,उसीदे
हारी ,मणिज्षण, अणिभूषण,पणिभूषण
मोती ,दुकाहा, दुधाहा,दुलाहा
अनुमंडलाधिकारी ,विश्वंभरी,पश्वंभर,विश्वंचिर
जगाए ,आमथ्य,उतिथ्य, सतिथ्य
रहनुमाई ,उच्साहित,उत्यहित,उत्ताहित
मंजूर ,कंजल,कंछड़ों,कंछड़ा
पर्यवेक्षण ,परिक्षणा,परिस्षण,सरिक्षण
खोजें ,श्रीक्षेत्ति,श्रीक्षेपिर,श्रेक्षेत्र
दिवानी ,शोकार्थी,शोधाधुंथी,शोधारथी
रियायत ,उलमिला, मर्मिला,उत्मिला
हैलीपैड ,घुसेती,घुसेती, सलती
भिगोया ,बेतुने, उचने, उचने
सुनायी ,माइक्रोवेद,मार्क्रोवेव,माइक्रोवेश
पढि़ए ,नुपूली,नुपूली,नुकीरे
सप्तक्रांति ,जल्दर्जी,जल्दस्जी,जयदबाजी
रघुकुल , सलपान,जनपान,जलपास
चीरने ,जगगे,उलेंगे, बलेंगे
लेखनी ,सकलने,निपलने,सकलने
कॉप ,गिनु ,झाँनु ,झाँनु 
अडंगा ,बिछए,बिछए,बिछए
ऑनलाइन ,उसुराल,सरराल, असुराल
तैरती ,डाल ,घेल ,ढ़ाबों 
कूदी ,ठोंटी ,कांच ,कांपी 
बेईमानों ,स्वनणदीप,स्वर्णशीप,स्वर्विदीप
नामचर्चा ,सलम ,बलम ,पालिम 
कुचली ,सुधार्नी,सुधार्नी,सुधाराना
मनमर्जी ,लाेता ,किता ,नेक 
गुंजायमान ,गुमाता,गुमाता, गुर्न
पुरुषोत्तमाचार्य ,पलंवत,बदवत,बलंवट
जोखा , पन्दा, पन्दा, पन्दा
नोंकझोंक ,डिगंठर,डिगंधिर,डिगंधिर
छूत ,दलशाए,दर्वए,दहशाए
प्रतिकुल ,आकाशीस,आकाशीश,आकाशीष
झुकाना ,वानतविकता,वास्तर्कता,पस्तविकता
स्वर्गधाम ,रांच ,वच ,मंजू 
भठ्ठी ,फुफ ,खैफ ,मान 
मूसल , अश्वदाय,विश्वरय,विशेवदाय
आत्मजीत ,पलमणि,लालझाणि,लाभामणि
टिकी ,तजुर्बेकाश,तजुर्विकार,तर्र्बेकार
लगवाना ,नीच ,बेंम ,बेंम 
दुगनी ,पभलने,संस्लने,संभक्ने
घुसा ,ककोह,शिकोने,शिष्ह
शैक्षणिक ,निंआ ,जुही ,जुही 
झपटमार ,बिखती,बिखना,बिखना
रखूंगी ,फंाजा ,खोने ,खोद 
सामाजिकता ,चांटे ,घूंदी ,चांटे 
अनुकरण ,खुशफात,पराफात,खुराफाड़
सुरंगों ,गुफानी,उफाएं,गुजएं
धूंध , बब्द,पब्द, बब्द
टिकटे ,ग्रीहक,उराहक,ग्रावक
रहनेवाले ,दर्ले,दहरे, उहले
नेट ,झल्हा,झल्हा, झड़ला
अनुभव ,प्गलकारी,मंदलकारी,मंगनकारी
खरदूषण ,खरीदानों,मरीदार,सरीदार
कर्मफल ,तमंतू,पमंचे,समंचे
निर्जला ,चादकी,चादकी,चालाएं
सभास्थल ,अपंजीवात,अपंजीमंत,अनुजीकृत
मान्यता , ग्रंल,ग्वानी, ग्रंल
स्तरोन्नयन ,घुसेने ,घुटने ,पलने 
समकालीन ,हिंस ,घूस ,घूस 
डांटे , कगड़,झगल,झलड़
सार्थक ,अक्षिर,अभिषर,अनुषर
तदनुसार ,प्रीब,उरीत,प्रीबों
पोछ , अहराया,दुहकया,महराया
बेदखली ,सहोदन,समदय,सहोदन
भीम ,अदंवि,अदंब,अदंड
सुधरा ,संबटाध,संबन्द,संभान्ध
तांत्रिक ,ढ़ोटा ,ढ़ोटा ,भाटा 
थिरक ,जुड़गे,जुटगे, जुटागे
पचना ,धानवाहिक,धारावासिक,धानवाहिक
टीएन ,यत्त,ककृत,यहूत
पीया ,सधपरक,मधपरक,शोधपरम
टूटने ,जलनिवृसी,जलगाकासी,जलनियसी
विनियमन ,संजोल,संजोल,संजोल
वरुण ,राजयरण,राजकिशोण,राजकिरक
पहचानी , अथानक,स्थावक,उथानक
सुबाहु ,सनिए,सनिए,उनिए
जगराते ,अपसंस्मति,अपलस्कृति,अपसंस्मति
लिपिक ,लड़जे,लड़जे, कहजे
चटकारे ,रोशती, रोहिती,रोमांती
महिमामंडित ,वरिष्मता,वरिष्ठाता,वरिवाठता
मंडलाधिकारी ,सलांतर,उलांतर,कालांतकों
सीप , पपक, पपक,लपने
अधिग्रहीत ,पटुम्ब,कुरम्ब,कुटुम्र
टैक्सटाइल , धंसले, धंसले, धंसले
भाषण ,भुदा ,घुदा ,घुदा 
नशापान ,रिफासत,रियासभा, अयासत
हुड़दंग ,सर्मुख,सर्मुख,मन्मुख
ताजगी ,विधायप्रताप,विजलीप्रताप,विजराप्रताप
स्तरीय ,जीविदा,पविका,जीवंका
भूसा ,प्रह्चनकर्ता,प्रवचनकगता,प्रवचनहीर्ता
निर्विकार ,चिन्नन,चिन्तरी,चिपतन
गैरेजों , पबूत,साबूला, पबूत
पतले ,विकाता,विकाता, कधाता
रोहिन ,उज्ज्यिला,उज्ज्वना,मज्ज्वला
विधायको ,सदगाति,सदरति,सदगना
जनार्धन , प्कित्साधीन,चिकित्याधीन, प्कित्साधीन
पारिश्रमिक ,अतिपूवर्क,जतिपूवर्क,शांतिपूवलिक
उपनिवेश ,ओलम्हक,मलम्पिक,ओलम्पिका
रखने ,साक्का, साधषी,साक्र
कृतार्थ , उयत, उयत, उयत
देखेगी ,वोग ,मृदा ,मृदु 
स्वास्थ्य ,चौंकिने,चौंकिने,चौंतीने
धोते ,समेटरों,पमेटते,ममेटते
डीएम ,मवबारात,शिवबाराय,मवबारात
वसूलकर ,धंधों ,धंधे ,धंधा 
अलमारियों ,चटाए ,चटाया ,चलने 
पूछेगा ,मूर्ज, कर्ख,मूसख
माथा ,सरामसभा, अरामसभा,ग्रामनाभा
गम्भीर ,सनंदी,कनंदी,कनंदी
समधी ,संगदी,उवादी,पवादी
मरम्मत ,चुपते,पपके,पपके
नत्थी ,महाबूल,उकबूल,मकराल
बुलाएगी ,भक्डारण,सण्डारण,भण्यरण
ग्र्रामीण ,महंई,महीई, महई
गृहक्षेत्र ,हिरमाय,हिरदाय,हिरण्ट
शेरकोट , दुखली,दुकाली, दुखली
पीछाकर ,उउट,ऑफट, बउट
विमोचित ,खुजने,खुलली,खुशिली
हेल्मेट , पजने, पजने,भेजेंने
छपवाने ,नौकागी,नौरंटी, नौकगी
टैंकर ,उमना, कठाना,सठाना
स्टेशनरी ,पनाएं,महएं,पनाएं
चप्पलें ,शुभावभ, अभारंभ,शुरूरंभ
नकार ,झपट्ठे,झलट्टा,झपट्री
सामाग्री ,प्रतियाह,प्रितिमाह,प्रतियाह
अजीबो ,छींको ,छींको ,पको 
सोयी ,कागते, बगज,कागते
अटैचमेंट ,शैलवामारी,शैलकुलरी,शैलकुमानों
भगाना ,बदसात, मरसात, मरसात
निराश ,मांसाहारा,उसाहारी,मांसाहारा
तन्मय ,आयायत,आयावात,आयातियां
हारेगा ,घरों ,गाने ,गाने 
बदमाश ,उत्पालक,उत्रादक,उत्पारिक
घोंपकर ,मालझर,मालझर,मालझर
आनेजाने ,निकामली,निर्वली,उर्मली
अपशब्द ,असायरण,असाइरण,अधिधारण
निकोटिन ,लड़गा,उडे़गा, बडे़गा
तेजप्रकाश ,सघकता,सघनती,उघनता
निष्कासन ,गुना ,गुफा ,बिरु 
पुनर्मूल्यांकन ,मधुमाने,मधुकस,महमास
सोये ,सुधाख्यात, प्विख्यात,सुविख्याम
ऑक्सफोर्ड ,छंजा ,तेज ,छंजा 
गुहार ,अधिगृहट,अधिगृहक,अनुगृहण
हड़कम्प ,गंगा ,अाधा ,गंगा 
जन्मकुंडली ,खर्गोश,खरहश,खरीगोश
अनिच्छुक ,दरमागा,दरदागा,दरदागा
समितियां ,जुलवार,जुलवार,जुलकता
अखिल ,अस्त्त,अस्मति,अस्तात
जैतून , पलेड,सलेड,ब्यौड
धंसती ,रूपते,रूपने, रूढि़न
कूल्हे ,रिपोर्रग,रिपोत्टिग,रिपोर्टिक
खुल्ला ,उलाएं,खिलेएं,खिसएं
हौंसले , अटवार्ता,भेंटवाकता,भेंटपर्ता
क्षम्य ,मानमियत,मालमियत,मासूमित्त
सोहारी , गल्हा, गल्हा, गल्हा
जूही ,लहलकर,लहस्कर,लहरालर
थूकना ,हेलीकॉप्रिर,सलीकॉप्टर,हेलीकॉप्रेर
फसली ,कीकी ,झीकी ,झुका 
परखा ,मत्साहवर्धन,उत्साहवर्धयों,उत्महवर्धन
शूरवीर ,अतिसंवेदेनशील,अनुसंवदेनशील,अतिसंवदेनगल
फकीरे ,आवापों,आरोधी,आरोसे
पेचीदगी ,शाटा ,कालों ,औैटा 
नजरिया , प्टखटाएगी,खटखटाइगी,खटरटाएगी
प्रतिनिधिमण्डल ,चक्न ,चमन ,चलान 
पर्यंत ,भट्ई,भट्ई, भगोई
नीतिया ,उटोले,उटोले,उटोले
