﻿valid,invalid1,invalid2,invalid3
तिरस्कृत ,औसले,औसले,औसते
कमाडिंग , वसूण, वसूण, वसूण
प्रयागघाट ,पमाता,पमाता,पमाता
खीर ,शशियात,शर्कांत,शनिकांत
प्रोजेक्शन ,समाजोपत्गी,पमाजोपयोगी,अमाजोपयोगी
अतुल्य ,कफ्ती, बफ्ती,कफ्ती
जांचे ,धुमई,धुमई, धुसई
बायोमैट्रिक्स ,अधिमर्थ,अभिमर्थ,असमार्थ
जोड़ना ,दुधाहे,दुखहे,दुकाहे
एहसान ,करनीलैंग,करस्बाग,कमनीबाग
निखारना ,भाविणों,सषणों,भाविणों
गुलपोशी , बछाए,बिगए,बिछाड़
पैंक्रियाज ,दबालें,दर्लें,दर्लें
चढ़ाती , सिक्नी,सिकुनी,सिकुनी
चेतन ,उएंगे,लाईगे,लाईगे
दबी ,चुभये, चुनये,चुभये
डंका ,पिला ,पिय ,घोच 
रुद्रप्रताप , पगुन,उगुन,उगुन
खंगालेगी ,सहायित्एं,सम्यिकाएं,सत्यिकाएं
गुमानी ,अंगाड़,अंगाड़, बधड़
पनडुब्बी ,अद्रास्फीति,मुद्रास्तति,जद्रास्फीति
बहकाने ,अरोसय,मरोग्य,अरोसय
पुराना ,उद्चतर,उद्चतर,सच्चतर
मेहनतकशों , नाधु, नाधु, नाधु
कार्यमुक्त ,सहिरावण,अहिबवण,अहिष्वण
बरसते ,शैंटों ,घंटा ,घंटा 
दीपदान ,बताएफ,मताएगी,बर्एगी
सफदरगंज ,स्थालोतरित,जथानांतरित,स्थालॉतरित
पंचगव्य ,सदमुक्त,पदस्क्त,परमुक्त
स्कूली ,करयाश्री,कन्मश्री,कन्नश्री
स्टूल ,सिंल ,सिंल ,ठेकों 
धनपती ,उहस्योद्घाटन,रसास्योद्घाटन,रहस्याद्घाटन
नवाजने ,संस्धित,उबधित, पबधित
चेस ,कठियां, बठिन,कठियां
घूंघट ,घूंका ,घूंका ,घूंका 
दीवाली ,पषयवाद,प्षयवाद,विषयवाला
मतगणनाकर्मी ,मनोयांचल,मध्यांचना,मध्यांकल
कार्य ,लौंले ,लौंले ,छोड़ें 
अधिकतर ,प्रस्तम, अरस्तर,प्रमतर
मुस्कुराकर ,चास ,चास ,चाटा 
रेल ,बर्रंग,बदकग,बदरंभ
संवर्धन ,सथभ्रष्ट,पथभ्रष्मी,पथभ्रष्मी
नवीनीकरण ,प्नाशकारी,विनाहकारी,विनाशकारों
पत्ते , इन्र, इन्र, इन्र
कांड , साछा, साछा, साछा
धोबिया ,संगीतवार,संरतकार,संगीतव्र
दबदबा ,सकाये, ककाये, ककाये
रेंगना , साड़िर, साड़िर, साड़िर
भैंरो ,प्रेखण्ड,प्रखराड,प्रखराड
जीती ,विराटनगढ़,विराटनगल,विराधिनगर
तलवारें ,जोशीष,सशीले,उशीले
मिलेगी , लड़ावा, लड़ावा, लड़ावा
शुल्क ,जगलप,जगवाप,जगवाप
जिगरी ,शांतिपिर्ण,शांतिपूर्थ,शांतिशर्ण
फूटा ,अभियुतीतगण,अर्युक्तगण,अभियुक्रिगण
भगवाध्वज , अखायेंगे,पखायेंगे,दिलयेंगे
छोड़ा ,अयोध्यारोरी,अयोध्याशिरी,अवध्यापुरी
राजनीतिशास्त्र ,निबले,उबटा,निशाटा
लहुलुहान ,सीटें ,पिसे ,घसे 
धारी ,बिठाड़ा,बिठाड़ा, उगड़ा
साहिल ,बिछगा,बिठागा,बिरंटी
वशीभूत ,परिलक्षितों,परिस्क्षित,परिलक्षिणा
रूकवाया ,रणतकोष,सक्तकोष,रक्रकोष
जमाना ,घूक ,हैक ,ढूक 
तीर्थकर ,पखेड़ा,बताड़ा,बखेगी
आयकर ,पमूने,नगने,उमूने
ड्यूटीरत ,सझपन,बांधपन,बांझकन
बछड़े ,नीला ,नीचा ,फोर 
ठहरा , उनाए, उनाए, उनाए
धाविका , उकाना, उकाना, उकाना
विशेषज्ञों , टेडना, टेडना, टेडना
निमिषा ,तरौता,तरौढ़,तरौढ़
जेबकतरे ,लीटते,लीटना,लीटना
अकादमिक ,प्रक्रिक,प्रक्रिक,प्रक्रिक
तकनीशियन ,हजाना, हलरी, हलरी
निबंधों ,पकदमों,पकदमों,मुकदन
झुकाए ,दिग्भ्रबात,दिग्निरमित,दिल्भ्रमित
दियाली ,खत्ड,खत्ड,खत्ड
सील ,गौरते,गौरते,गौरते
देतीं ,उकती ,उकती ,फांकते 
गुस्साई ,नगने,नगने,नगने
ऊना ,स्फूर्थ,उफूर्त,स्फूर्थी
सहयेाग ,भूना ,भूला ,पूंसे 
खोट ,रेंगने ,पगते ,बगते 
अवधराज ,दूकाकदार,दूकानदान, अकानदार
बगावत , अकरकंद,शक्रकंद,प्करकंद
जानी ,किल्लने,पल्लत,किसलत
आभा ,इंसागो,इंजगो,उडिगो
प्रसाधन , किस्ये, किस्ये,किसाये
जूसर ,उक्शा,उक्शा,बहाशा
तोपें ,सेवासरान, अवासदन,सेवासवान
पंचेश्वर ,शाही ,डॉल ,शाही 
अधिष्ठाता ,प्डविकास,खंडविधिस,पडविकास
विवेचनाधिकारी ,मंतकाय,मंतकाय,मंतरिय
निधि ,सरजनों,सरजनों,उज्जनों
गंभीरावस्था , महीक, महीक, महीक
उतरी ,बरकनी,बरतकों,मरतनी
शुद्धता ,पकलवाई,निकलहाई,निरीलवाई
प्रसन्न ,गर्ढ़े,गवाढ़े,गहढ़े
कराती ,कमेरु,सुनरु,कमेरु
पृष्ठभूमि ,कारने ,कारते ,बरक 
नौसिखिए ,उशाब,उशाब,पेशाख
गृहिणी ,मानकाने,मानकारों,मानकारी
पीड़ित ,पमंतू,उमंतू,उमंतू
गन्दगी , भगोके, भगोके, भगोके
दिखावा ,बेसमरों,बेसहारी,बेदहारों
तटरक्षक ,लोकलरियता,लोकप्लायता,लोकसंरियता
नेतागिरी ,उढ़ना,उढ़ना,उढ़ना
चिंतन ,पमतामयी,ममतालियी,ममतामता
स्वस्तिका ,प्रवावी,प्रदावी,प्रदावी
काउंटिंग , कद्घा,वृक्घा,वृत्घा
हेपेटाइटस ,समददाशी,सत्दर्शी,सत्दर्शी
कपिला , अरजमीं,सरवामीं,सरमामीं
वाशिंगटन ,सहाएं,सहाएं, कहाएं
अमीन ,उख्यमंत्रियों,मुख्यवत्रियों,मुख्यमंत्रिका
फंसें ,रंगरोक्न,मगरोगन,रंगलागन
दलाली ,ढेगे ,शेगे ,दाव 
लयबद्ध , अटाक्षेप,पटालेषेप,पटाक्रप
पकड़वाने ,कारस्थ,कायलथ,कायलथ
अर्क ,पलारे,दुकारे,दुलाएं
विधिवत ,संाति ,शांत ,गेति 
शेरनी ,पफ्तेभर,हफ्तेभरी,हलतेभर
प्रदर्शनकारियों ,ममझनी,सर्झनी,सहझनी
पर्याय , वेश्न,वेतरा, वेश्न
दिखे ,पधक, कधक,सधक
मूर्तिकार ,उलना,उलना,उगाटी
प्रतिकिलो , मीडिर,मीनाने, मीडिर
सारांश ,स्कीकृग, अकीइंग, अकीइंग
त्रिलोकपुरी ,तोड़े ,तोतों ,ढूंड़ 
पूर्णाक ,पकपल,पप्रिल,पप्पथ
वैर ,क्रीण,सषण, बषण
नगर ,व्यायासायिक,व्यावसारिक,व्यावर्यिक
गोरखधंधा ,पनकाट, अनघट,पहुंघट
प्रेमानंद ,जीता ,जीयो ,जीयो 
मुहुर्त ,वेतनभोर,वेतप्भोगी,मतनभोगी
बेशुमार ,उचकोले,हिदाकोले,सचकोले
तितली ,प्रस्न्धक,प्रौबन्धक,प्रतिन्धक
जबदस्ती ,भिगोरी,भिगोरी,भिड़ेंरी
मंगलदल ,अलकववादी,अलगावहीदी,अर्गाववादी
धीर ,परिचाक्षा,परिचाक्षा,परिवीक्ष
सफलतम ,प्रेत्यंचा,प्रत्याचा,प्रवायंचा
पदस्थापन ,अखाखी, बनोखी,अर्खी
अगुवाई ,पवेदनकारी,आवेदशकारी,आवेषनकारी
छिपी ,संजोधी,संजोधी,संबंर
छापकर , नाबु, नाबु, नाबु
परिमार्जन ,बरनेवाले,सनानेवाले,बनानेवाद
पर्यन्त , सठाने,बैनाने, सठाने
घसीटना ,बदत्कार,बलाबकार,बलात्काओं
आंतकवादी ,फना ,छिले ,रेंले 
मानेंगे ,परबाणी,गुस्बाणी,गुस्बाणी
सिखाए ,पत्रदारों,प्त्रकारों,सत्रकारों
पदमिनी ,पईपास,पईपास,वाईपात
शिकवा ,महामंत्ल,महात्डल,महामंत्ल
राष्ट्रवाद , कताता, कताता, कताता
कथित ,रिपोक्शन,रिपोक्शन,रिएसशन
मुख्यअतिथि ,पश्चिड़ापुरी,पश्चिड़ापुरी,पश्चिमच्री
मत्सय ,हटले ,हटाले ,बवाले 
सभाधिपति , सनफल,वनफलों,उनफल
अनुपस्थित ,मम्पर्क,सम्पर्मी, प्म्पर्क
विश्वविधालय ,संचाचना,संरदाना,संरवाना
दास ,साईनाई,साईनाएं,साईनाई
सुलह ,सर्मशक्तिमान,मर्वशक्तिमान, प्र्वशक्तिमान
अपमानित ,पुनरावृत्री,पुनसवृत्ति,पुनरावृत्री
धंधेबाज ,बोगी ,मांल ,रुंल 
पंरपरागत ,मनकनी,मनकनी, पनमानी
चलीं , उवारा,आवानी, उवारा
होनहारों ,फंफूता,फंफूता, फंसेता
धिक्कार ,विन्नश्वरी,विन्द्श्वरी, प्न्देश्वरी
विकास , कझी, कझी, कझी
खडे़ ,सांध्यकार्न,सांकृयकालीन,सांध्यवलीन
सहजप्रीत ,उच्चत्तिर,उच्चत्तता,पच्चत्तर
प्रतिवेदित ,माँग ,माँग ,ठागा 
पट्टी ,मरियतम,प्रिस्तम,परियतम
क्लियरेंस ,जन्याजात,सन्मजात,जन्मजारी
सामंतो ,पूछड़छ,मछताछ,पूरताछ
स्मार्टफोन ,सर्नव्यापक,सर्यव्यापक,सर्वव्यापकों
पुर्णेदु ,उदता, सदता,उदता
प्रतिमूर्ति ,सत्ताकाम,सहयकाम, अत्यकाम
लगन ,धुमई,धुनाना,धुनाना
चंद्रकुंवर ,सहादलितों,महादलिस,महादमतों
गिरता ,वाकने, वाचई,वार्ई
स्टोर ,सरखें,पढ़ाखें,पहखें
जवाबदेह ,सबयें,कभायें,सबयें
पतिव्रता ,पुस्थाकें,उस्तकें,पुरतकें
अवसंरचना ,सदाचरम,मदाचरण,सदाचरम
आवेदनकर्ता ,कर्तकायपरायणता,कर्तव्यपरायक्ता,कर्तकायपरायणता
रेडियोलाजिस्ट ,पर्वाह्न,मर्वाह्न,प्र्वाह्न
सोचेगी ,सएमवी,उएमवी,यूएमति
सैकड़ा ,उरिय, सरिय,प्रांय
लोकमित्र ,संवदित,संपादियों,पपादित
धक्कामुक्की ,पिटने ,पटवा ,बटवा 
हश्र ,वादिकी,वाहकी,वायकी
रसिका , कड़ना, कड़ना,जुल्ना
बीडीओ ,मंगलब्प,मंगलकप,मंगवादीप
गणतांत्रिक ,छापा ,छाया ,सोंई 
मेज ,ओलंप्रोत,ओतर्रोत,ओतप्रोह
छोड़ो ,पलके ,परके ,पहके 
दुष्कर ,प्लेथमिकताएं,प्राजमिकताएं,प्रेथमिकताएं
प्यारे ,रसीबा,रचाद,रचाद
जीवनवाला ,बिठाझा,बिठाझा,सलौझा
खेसर ,सकेदारी, अकेदारी,ठेकेतरी
घंटेभर ,शौत ,बेंदी ,बेंचे 
सर्पगंधा , मौलियां,मौलिए,मौलिए
लेन ,मनबूरी,मजरिरी,मजवारी
विमुख ,वहषा,सर्षा,सर्षा
पढ़ाएं ,चराने ,पराते ,चलते 
लड्डू , उलना, उलना, उलना
बदनसीबी ,क्षुडिट,उरेडिट,क्रेवाट
दीपमाला ,रोमांडों,रोमांत,कमांच
नईबाजार ,दवात ,दहत ,दर्त 
अंत ,गोंद ,गोंद ,फांस 
लोगे ,चट्टारा,चट्टारा,चट्टाप
खेलेगी ,मुंतफली,मुंहफली,मुंगमली
मिर्चा ,वफायर,वनदार,वरिदार
बेहताशा ,दुर्गन्न,प्र्गन्ध,सर्गन्ध
नाका ,हर्गियां,हर्तज,हर्गियां
दक्ष , बवों, बवों, बवों
बतला ,गरिमामन,गरिमामता,गरिक्मय
आक्रांत ,प्श्मकश,कथामकश,कश्मकल
गिरीराज ,खत्चें,करोचें,खरोध
इस्पात ,ठहाडा,ठप्डा, ठहडा
तंदुरुस्त ,निडरते,निडरते,निकारता
कर्नल ,कंपनायां,कंडानियां,कंपटायां
कुष्ठ , अमकदार,चमलादार,चमकरर
बलधर ,खोखती,खोखने, कखला
सुदृढ़ता ,ठाटा ,मिल ,चुटा 
लहुलूहान ,दगा ,दवी ,दांवे 
झूमें ,रूढि़ने,रूढि़ने,रूढि़ने
झुलसी , पजने,उजने, पजने
तलाशना , बमड़ी, बमड़ी,उड़ाड़ी
झोंकना ,टाईब्रेकश,टाईब्रेमिर,टाईब्रेकशों
चपेट ,उबरु, पबरु,रुबर
कायत ,पदाचयपत्र,परिचयपूत्र,परिचयापत्र
स्लेट ,टागा ,टागा ,मेगा 
मैनेज ,ढाका ,ढाया ,दंचा 
सम्पादक ,मैथिनी, मैपनी,मैथिनी
मिलनेवाला ,बुरा ,औगी ,बुआ 
आलु ,सहंशाह,शहंगाह,शहंगह
युगों ,गाढ़े ,मैंती ,मैंती 
बुझा ,श्याद्घालु,श्रद्घाती,श्राद्घालु
चिल्लाती , ककदी, ककदी, ककदी
लता ,नवारश, अवाजिश,नवाहिश
कब्रें ,बंसते,बंदूत,बंसना
खोखे ,सड़ितों, बड़ितों,पीपतों
स्वागताध्यक्ष ,समार्रता,समार्हण,सहर्हता
प्रस्तुतियां ,दोहनया,दोहलाया,महराया
पूछी ,लामों ,लामों ,नूमों 
परात ,तागी ,रेंगे ,रेंगे 
दिली , प्वश्यकतानुसार, प्वश्यकतानुसार,आवश्यपतानुसार
बचाई ,निगहमनी,सगहबानी,प्गहबानी
