﻿valid,invalid1,invalid2,invalid3
पूँछ ,देहाने,देखिती,उहाती
अंतगर्त ,पांबे ,दूर ,दूज 
पंचस्थानीय ,करोंचे,परोंचे,खदेचे
चौंक , प्त्रमुग्ध,मंत्रमुग्न,सत्रमुग्ध
नौसिखिया ,हकीरों,उकीम,हकीरों
यूनानी ,परचानता,प्हचानता,पहलनता
भंडार ,कधू,कधू,कधू
अनुदेशक ,करी ,ढुड़ी ,करूं 
फटता , पहस,उहस,उहस
प्रेमवीर ,प्रह्शमणि,प्रस्शमणि,प्राकाशमणि
जिठानी ,होम्बपैथिक,पम्योपैथिक,होम्योपैथियो
अड्डेबाजी ,बोड़ी ,बोड़ी ,बोलो 
हत्याकांड ,मटैच्यू,स्टैच्छ,स्वच्यू
मानेगी ,उहुंचेगी,उहुंचेगी,महुंचेगी
गंवाकर ,पफाये,पफाये,कफाये
साये ,जगमपएंगे,जगमगाएगे,जगनगाएंगे
जन्मीं ,नंगलातारी,नंबलाताशी,नंगमताशी
विकर ,सहगाई,मंहलाई,मंत्गाई
चीख ,दुग्गावाहिनी,जर्गावाहिनी,दुर्गावाहितों
जंगलों ,हेवे ,नौंवा ,झूवे 
भौतिकवाद ,ममरूप,सर्रूप,ममरूप
लस्सी ,डाककर्य,डाककरमी,डाककवामी
दोहराएं ,कलती ,सलमा ,कसमा 
जनवासे ,मस्वस्थ,अस्थास्थ,अस्तास्थ
उठाएं ,उत्तरतिस्तिका,उत्ररपुस्तिका,उत्यरपुस्तिका
खटपट ,जोंना ,पापों ,पापों 
अनुप्रयोग ,तंद्र,तंत्य,तंत्तों
दीर्घकालिक ,मरिपाल,त्यौपाल,त्रियल
छापेमारी , अजीगरी,पजीगरी,बाजीगना
श्रेया ,कछुड़, सछुआ,उछुआ
इंतियाज ,फीडा ,जोडा ,प्डा 
अपराहन ,निकाटा,निपते,निकाटा
लाओ ,विश्वनाथल,अश्वनाथन,विश्वनाथता
त्राहि ,ढीले ,ढीला ,ढीले 
उतारनी , अरोबारी,परोबारी,कारोपिरी
कचरा ,अमोग्लोबिन,हीमोत्लोबिन,हीमोग्लोभिन
बतौर , अवीकारी,पवीकारी,मवीकारी
कूटा ,प्यापलट,मयापलट,कास्पलट
आर्मी , सलती, सलती, सलती
मक्खी , सफड़े,सफड़ा, सफड़े
राज्य ,अपयापक,अध्यावक,अनुयापक
परोपकारी ,अभितोष,मसंतोष,असंतोड़
बिक ,मखारने,निखाकने,सखारने
मिलावट , बथूल, बथूल,पथूल
थकी ,ऐतराते,ऐतरिज,ऐतराने
बमुश्किल ,मल्लभ,वरिलभ,वरिलभ
अड़ ,स्वार्णा,उवर्णा,स्वर्द
जटवारी ,निहाई ,निरार ,उहार 
रोटावेटर ,विद्धिदान,विद्यात्न,विद्यादार
दरगाह ,मैगा ,कोंगा ,मांगें 
नन्हें , उहती, उहती, उहती
छुआछूत ,महीती,महीती,महीती
पर्यावरणीय , झेलेंने, झेलेंने, झेलेंने
दलितों ,कनारें,मीनाने,मीनाना
ज्योत्स्ना ,प्रक्बंध,प्रतिबंधु,सरतिबंध
बेच ,ब्रदमऋषि,जरह्मऋषि,ब्रह्माऋषि
प्रस्तुतिया , मिटारी, मिटारी, मिटारी
वीडियोग्राफी ,उखरती,उखरती, सखरती
पिछैती ,बजरा ,कसरा ,कजन 
श्रद्वालु ,बड़े ,भिंदी ,सुंदी 
कोक ,गृहस्गर,गृहनगला,गृहचागर
साझेदार ,उप्तानी,कर्तानी,पप्तानी
शक्तिशाली ,नवाकऊ,नवकऊ,सनकऊ
परिशोधन ,उसंदीदा,पहुंदीदा,परिदीदा
साक्षर ,दावेलिर,दायिदार,दावेदिर
शास्त्र ,विधेपुक,सधेयक,विधेबाक
ढ़ोने ,कराश्मे,कलाश्मे,करिवामे
दहशतजदा ,मिटगी,उलेंगी,सलेंगी
जमीदोज ,थैघ ,मेमो ,गुघ 
नेति ,मार्मात,मालूमान,मार्मात
भरने ,सुझाम, पगम,सुझाम
बर्फबारी ,मकाचार,मकाचार,लोकायर
पाएं , उहित, उहित, उहित
आकाश ,सुधाख,कलेख,सुलेगी
सुलगती ,त्रुभुज,त्रियाज,त्यौभुज
प्रत्याहरण ,गरवाती,गरजर,मरजती
विगत ,परिणी ,परियां ,परया 
दर्जकर ,बिन्दुवाद,पन्दुवार,प्न्दुवार
शफाकत ,सूत्तों,सूचिरी,सूचिरी
साहस ,याव ,दांतो ,दांतों 
रखता ,महात्म्र,महात्याय,महात्याय
परपंरागत ,राशिरी,रात्तों, रास्री
क्रियाकलाप ,पर्षवार,वनषवार,वनषवार
गोष्ठियों ,कवयित्र,कवयित्व,कवयित्रों
परागण ,औंनी ,छनी ,चुंनी 
बरसी ,पवरता,उवरता,उवरता
अंदरुनी ,मोर्चार्दी,मोर्याबंदी,मोर्वबंदी
फैलता , सणित,उणित,उणित
शास्त्रार्थ ,गुलगाहार, अलबहार,पलबहार
रुद्राक्ष ,अल्पावती, प्ल्पावधि,सल्पावधि
खोलेंगी ,उचौला,बिताला,बिचौड़ी
विराजमान ,संगठमी,संभाठन,संभाठन
तरणताल ,नवरपर्षद,नगरपर्थिद,नगरपर्षक
कन्नी ,पूछा ,भैछे ,भैछे 
जड़ , नाढ़ू, नाढ़ू, नाढ़ू
श्रमदान ,सलकर्मी,रेलपर्मी,रेलकशीमी
अथाई ,जनलोडपाल,जनलोकल्ल,जनलोकल्ल
लूला ,स्वयंसेविक,स्वायंसेविका,अवयंसेविका
अभय ,दमलाकारी,दर्नकारी,दमनकारों
जीता ,शररंज,शनिरंज,उतरंज
पालिकाएं ,बुलंत,बुलंगा,बुलंगा
विज्ञप्ति ,समयक्रिणी,समायसारिणी,समयकरिणी
छपवाया ,आवाभ,आरंटी, बरंभ
लहरायेगा ,एकछत्व,एकरत्र,मकछत्र
शीत ,प्राजमा,प्लाएंमा,प्लाकमा
वितरित ,पजता, कजता,पजता
निस्संदेह ,मडवत,दंपवत,दंडबात
बंशी ,चढ़तिर,चढ़कता,चढ़खेर
पुर्नजीवित ,जटाधक,जटाधक,जटाएंर
लापरवाहों , सलापते,अपपते,अभिपते
रक्षामंत्री , पढ़ाट, पढ़ाट, पढ़ाट
तृप्त ,रागों ,जिंही ,बेही 
ब्रह्म , बरायी,गिलायी,उरायी
कायनात ,होंले ,होंले ,गीते 
उतम ,संपाकक,संपामाक,उपादक
पहनाया ,नालों ,बेर ,बेर 
जफरयाब ,जैसों ,लाव ,चाँव 
बयानबाजी ,लेट ,कूंट ,नोटो 
हामी , बकडे़,सकडे़,आंतडे़
तेजबल , नाहों, नाहों, नाहों
कप्तान ,समुरारी,ममुद्री,उमुद्री
शैले ,उथिक, बथिक,उथिक
अटूट ,भेजो ,भेजे ,भज 
उलझाकर ,सुधारिना,मधारना,सुनरना
जीवित ,निगने,निभाम,निगना
स्वतन्त्रता ,ढीते ,सोफे ,वीते 
समझाते ,अन्तियां, पन्तिम,अन्याम
सूफी ,धूंनी ,जडे़ ,वेनी 
प्रधानाध्यापक , मैथ्न, मैथ्न, मैथ्न
प्रकाशोत्सव ,छात्रोलॉस्थिति,छात्रोच्स्थिति,छात्रोपस्थित
बच्ची ,बेला ,गांदा ,बेरों 
भोज ,असकूलता,अभिकूलता,मनुकूलता
बॉस्केटबॉल ,लेाका ,मौसा ,तीका 
बेहतर , उटके, उटके, उटके
अव्यवस्था ,धमभाव,धड़भाव,धनाएंव
चर्या ,घोडे़ ,घोडे़ ,बुंड़े 
सुन्दरीकरण ,तुलवार,तुलझने,तुम्वाने
घटकों ,पलूघाट,पलूघाट, अलूघाट
सापेक्ष ,खदेब, उराब,खराए
मंगलहाट ,नजरिने,नजरिने,नहराने
स्वघोषणा , नालिना, नालिना, नालिना
वास्ता ,आंतना,आंगकी,आंवकी
लिपटा ,हत्याना,हत्रारी,हड़यारी
निशक्तता ,रिक ,नींक ,नींक 
रनियां ,बांके ,काके ,रोजे 
असाध्य ,मारसूनी, सनसूनी,मार्सूनी
जीव ,लहलहाधागी,सहलहाएगी, प्हलहाएगी
गुरुमुख ,छप्परिदार,छतिपरदार,छप्परदाय
कमाएंगे ,लेफ्तेनेंट,लेफ्तेनेंट,लेफ्टिहीट
टेंपू ,दुखिल,दुखिल,दुधाया
दरबार ,दागकने,दानेकर,दागलर
हिमायती ,समीष,समीष,समीष
लुटने ,डिग्निधारक,डिग्रीमंरक,डिग्रीधालुक
क्षेत्रीयजन ,मुकदनबाजी,मुकदर्बाजी,मुहदमेबाजी
प्रचण्ड ,शादिब,शाययां,शादित
मुकाबला ,संक्रालक,संक्तिमक,संक्तिमक
जोशीला , पन्दी,बहदी, पन्दी
खपरैल ,प्रवात्व,प्रभुत्रा,प्रेभुत्व
झौंक ,कार्डित,कामडियो,कार्तयो
अंजाम ,सापें,बपें,सापें
पिलाती ,ग्रीबों,ग्रीद,उरीवा
बाटें ,निर्देशर,निर्याशन,मर्देशन
सप्तसती ,हेक्टेयम,हेक्टेदार,हेडटेयर
पुनर्जीवन ,चयलका,चलानिका,चमनिका
लड़का ,फेलोयल,उशियल,फेलोयल
अत्याचारी , फेसिंना, फेसिंना, फेसिंना
पीते ,पगरेज,रंगमज,रंगरेगी
वेश्यावृत्ति , बरेगे,भरेम,भरेता
सिख ,कमीशनतिजी,कमीशनकाजी,कमीशनबाल
गर्त ,समेटकल, अमेटकर,पमेटकर
सुपरिंटेंडेट ,लूस ,साले ,फेस 
रचाकर ,उद्क्षात्मक,उपेक्षागामक,उपक्षात्मक
बंदरबाट ,संस्त्न,संचाथान, पस्थान
सेवानिवृत्ति ,गदगाद,गड़गद,पदगद
अलगाव ,सपरेखा,सपरेखा,रूपजाखा
सैकेंड ,मश्तर,नश्तन,नश्तकों
वीरान ,विभूषद,विभूषिण,विद्षण
खिलाता , प्नुवांशिक, प्नुवांशिक,आरवांशिक
होठ , उटोरी, उटोरी, उटोरी
चमकीला ,सत्काने,समाकार,समाकार
समग्र , अयरियां,डेयरिया,डेयरिया
कीर्ती ,पलानी ,चढ़ानी ,चलाना 
घूमी , कहूत,आहूदी, कहूत
कृतज्ञ ,पर्गुण,दुपगुण,दुर्शाण
कर्रवाई ,उत्लवा,उगवावा,उगमवा
बूट ,डिफाल्पिर,सफाल्टर,डिफाल्पीर
शराबखोरी ,गोधक,गोड़ान,गोधता
निकालेगा ,सरगेट,सरगेट,सरोपिट
अफ्सर ,पहानायक,महानायत,मतनायक
पलटना ,अनियमात,अनुयमित,अनियमिक
चबुतरे ,सुलएगी, सनाएगी,पनाएगी
राजनीतिक ,रुको ,रुकी ,रुपों 
नस्ल ,लोटसेवा,लोलुसेवा, अकसेवा
दर्शाती ,सलाशी, कलाशी,तड़शी
पोस्टआफिस , पहमार, पहमार, पहमार
झंझट ,बुर्नी ,बुलाएं ,पलानी 
राष्ट्रहित ,लैपजाप,लैपटाया,लैपटारा
झुण्ड ,मौजूर्गी,मौजूदन, अजूदगी
विमान ,घड़ा ,घड़े ,बौनी 
सहयात्री ,पइफलाइन, प्इफलाइन, प्इफलाइन
बच्चियां ,मालभाषा, अतृभाषा,उतृभाषा
हटानी ,विघकन,विघटता,विघर्न
स्टैण्डों ,गोलाजन,गोलजन,गोपूजनों
अपयश ,पसते, पढ़ाली, पढ़ाली
प्रतिबद्ध ,ग्रीष्यवकाश,ग्रीष्मावकाएं,ग्रीष्मावरूश
करतें , टोटने,टोटिने,टोलिने
किसानी ,हस्तांतरियां,हस्तांतवात,हस्तांतरिय
बायोपिक , उरोना, उरोना,पिछना
मंचों ,बाढ़ग्रस्ती,बाढ़चरस्त,बास्ग्रस्त
लवानी ,कट्टरवाथी, प्ट्टरपंथी,कट्टमोपंथी
छोडि़ए ,साड़िना,साड़िना, कधना
घूम , अकालेंगी,निभालेंगी, अकालेंगी
नाशवान ,पोली ,ढही ,ढका 
चुनावचिह्न ,मृत्ला,मृदुओं,मृदुआ
कालीपट्टी ,प्रशिक्ष्का,प्रशिक्रका,जरशिक्षिका
डिस्ट्रीब्यूटर ,आदगा,उएगा,आसागा
चापा ,जीवर्वृत्त,जीवर्वृत्त,सवनवृत्त
राजमार्ग ,दीक ,फाँक ,फाँक 
समाग्री ,अनुवागिक,अनुदेगिक,अपसांगिक
कोपा ,सेनाता, उवता,सेनाता
रेलमंत्री ,जलार्षण,जलर्पण,जयर्पण
बेशकीमती ,उहनों, कहनों,उहनों
परमेश्वरी , ककली,चमली, ककली
माना ,जनसंवाले,जनवावाद,जन्संवाद
लेखाकार ,आकार्वाणी,आकाशक्णी,आकाशक्णी
ऋषिकुल ,प्रक्षप,परक्षेप,प्रोक्षेप
क्रियाशील ,त्यायराज,त्यागतिज,त्यायाराज
राष्ट्र , उलाते,हिन्ते, उलाते
मिटाएंगे , बगेंगे,पगेंगे, बगेंगे
महेंद्र ,मिलनत,मिलनत,मिठानत
वीणापाणि ,अभिदम,अरिंदन,अरिंयम
मातृशोक ,चोंला ,चोंला ,दिन 
जोखिमभरा , सश्ता,पुश्री,उश्ता
अपव्यय ,जमामी,जतामी,सन्मी
पिघलते ,मुलाब्बे,उरब्बे,मुरब्र
पाक्षिक , सज्र, सज्र, सज्र
अर्धकुंभ ,फाड़गुनी,पल्गुनी,फाइगुनी
थानातंर्गत ,कमाशा,कमाशा,तड़शा
स्वच्छता , कखना,देखिना, कखना
व्यापी ,जनसुचार,जनवचार,जनसंचाव
रूढ़ीवादी ,इमाकते,ममारते,ममारते
आशंका ,पन्याय,उन्याय,अन्द्य
समीपवर्ती ,आरोधी,आपह,आरोसा
मुंडी ,उरोपी, बरोपी,आरोधी
जनतंत्र ,बैला ,बैरी ,बैठे 
कालाबजारी ,अडियोग्राफर,उडियोग्राफर,रेडियोग्राशर
उखड़ी ,अमीफाईनल,सेनाफाईनल,पमीफाईनल
रौंदते ,करन ,फोरने ,फोरती 
सिला ,रिनी ,रिनी ,खूंनी 
चित्रहार ,रचेरे,रसीगा,सचेगा
