﻿valid,invalid1,invalid2,invalid3
अग्रदूत ,पिची ,सूजी ,सूजी 
मुखलिसपुर ,सप्लेशती,सप्तवाती,सप्तरती
काटेगी ,लेखती, उखन,लेखती
आहिस्ता ,दुर्वति,दुहगति,दुर्वति
दातुन , नाकानी, नाकानी, नाकानी
साहबजादे , कचानी, कचानी, कचानी
पदचिन्ह ,दूची ,नोची ,नोची 
वर्तमान ,देवोभगत,सशभगत,देशभद्त
गुणकारी ,पणार्यक,निणात्यक,निणार्यम
निकटतम , बयं, बयं, बयं
आफिस ,व्यवताथागत,व्यवस्थागरी,उयवस्थागत
सतीष ,नौजयान,सकायान,नौसैयान
रिवाज ,स्मराण,ममरण,स्मकण
मजनू ,मरबोध,प्रबोली,प्रांबोध
रेशमी ,गूंजाड़मान,गूंजायमार,प्जायमान
ठोंकी ,कालयसूची,पर्यसूची,कार्यवाची
अनोखे ,पिस्टरों, अस्टलें,पिलटलें
गद्दे , सजरना,गुजमाना, सजरना
कमाही ,द्वाईपहरी, प्वारपहरी,द्वारसाहरी
अंत्यपरीक्षण ,आरकारिक,आधिकार्क,आर्कारिक
थोथा ,गुर्खे,गुहाखे,गुजखे
शोभा , उचने, उचने, उचने
इरादा , साशु, साशु, साशु
तेंदुआ ,डेरण,डेयवा,डेरते
सुधारवादी ,रीरी ,नाता ,धुरी 
पवन ,झूल ,झूल ,झूल 
खेलमंत्री , बताम, बताम, बताम
काहलों ,बढ़ाएम,उढ़ाएगी,बढ़ाएफ
अधिष्ठापन , आदने, आदने,आदना
कैशमेमो ,खाए ,जाँदी ,धृदी 
ढीली , उमाल, उमाल, उमाल
मैना ,कितात,उश्त, सश्त
एकदिवसीय ,बचार्गा,बदएगा,बरएगा
पढ़ाता ,समक्त,समक्त, अयुंक्त
उबाला ,स्वयंणनगरी,स्वविणनगरी,स्वविणनगरी
मस्तिष्क ,थानाध्यक्स,थानारयक्ष,थानाध्यक्ति
उतावलापन ,दीपते,दीपते,दीवाक
बलिदानी ,उलायी,उलायी,पिटयी
अगुवा ,होली ,डला ,हौली 
सिक्ख ,इंतेन,इंतेन, इंद्न
छंटनी ,बरसभा,मरसती,बर्सती
गदा ,कदेवी,उदेवी,सदेवी
कार्मस ,बंदी ,पुंदे ,लिंदे 
कट्ठा ,मनोदान,मतरान,मतकान
चकाचक ,राजाज्ड,पजाज्ञा,राजारिञा
सहनशील ,मलोनीवासी,कालोलीवासी,कालोनीलैंसी
बगुला ,सरियाद,फरियाओं,फरिवाद
कहानीकार ,बंजागा,बंदिगा,बंटागा
स्मारकों ,पनपथ,पकपने,पनपर
सहयोगात्मक ,सौम्न,सौतरा, सौतेन
बदचलन ,ब्रह्माहञान, प्रह्माज्ञान,ब्रह्मानञान
सूने ,मानवार्कारों,मानवार्कारों,मानवारीकारों
नेत्रजन ,सर्रावसान,पत्रावसान,पत्रावसान
पिटे ,पूँधे ,पूँधे ,पूँधे 
डंसने , ज्वक, ज्वक, ज्वक
अथाह ,सशिंदे,वाचदे,सशिंदे
प्रतिबन्ध , दहाक,दहरे,दहरे
अराजकता ,योग्गिता,उग्यता,योग्रेता
आहट ,उज्जियां,धज्जित,उज्जियां
ढोकला , बाहूं,नाहूं,नाहूं
बढ़ाओ ,आजफोन,आजफोन,आइफोड़
पसीजा ,समंवत,समंवन,सहवय
रासायनिक ,सचातानी,खींचारनी,सचातानी
खोदा ,मोड़र, मोर्र,मोटता
जिक्र ,नहामि,पमामि,उमामि
राष्ट्रगौरव ,प्रेध्यापिका, अराध्यापिका,प्राध्यापिता
लीलाधर ,लाभालाज,लाइचाज,मइलाज
विरुद्ध ,पझाया,उझाया,बुर्या
तीक्षण ,काजू ,हंन ,काडों 
सूचनार्थ ,पधार ,कंपर ,कंधान 
प्रलय ,खैंफा ,पैंफा ,दमा 
नवगीत ,इस्इयां,इकाययां,इस्इयां
खुलता ,ओली ,जांढ़ा ,ओछी 
विटामिन ,लेखपाठ,लेखपार,लेनपाल
कुतर ,सम्र्थको,समरथको,समचथको
उगरा ,भूमी ,भूरी ,आखा 
प्रमुखता ,शुक्षावार,शुक्रवाले,शुभरवार
नेस्तनाबूद ,पदूक,बंजाक,बंजाक
बरसने ,रीद ,श्द ,धुंद 
विविध ,सुचेगी,सुचेगी,सुचेगा
सर्वोत्तम , महंनी, महंनी, महंनी
घेराबंदी ,थूरी ,थूरी ,गाछ 
गाजर ,चिंतिरी, सगारी,चिंतारी
मृतिका , अकरीबन,तकरीलान,तमारीबन
चटकाने ,प्रांगट,प्रेगट,प्रागट
भिगो ,वर्वृद्ध, अयोवृद्ध,वयोजिद्ध
फोड़े ,राजमाही,रामगृही,रामगृही
दुहराने ,शैवाव,शैवाव, बशव
निर्धन ,जलजमारी,पलजमाव,जलजमास
सभाषद ,अयमसंगत,जयमसंगत,सयमसंगत
पगला ,तोंच ,हॉच ,मूंच 
व्यवहारिकता ,मिलाज,मिटाज,मिटाज
क्रियान्वित ,नवीकरम,नवीककण,नवीकरम
पराजय ,ईष्ठी,ईष्टि,ईस्या
कूदता , प्मानदारी,ईमानशीरी,ईमाशदारी
बाटने ,निस्टाएंगे,सपटाएंगे,सपटाएंगे
जगतजननी ,शरदोजेसव,शहदोत्सव,शरदोत्रिव
प्रशंसक ,अजाइशत्रु,अजातशत्ति,अजातशत्रों
संघोल ,आवावगर्दी,आवारागर्ति,सवारागर्दी
विशोक ,स्नाहदीप,स्वहदीप,स्वहदीप
लाशें ,कहो ,लीटि ,कहो 
जुलूस , ससेरा,मौसेवा,मौखिरा
संगीतमय ,पूर्णशसी,पूजाणमासी,पूर्ममासी
सैद्धांतिक , फिसनी, फिसनी, फिसनी
पौधा , सुलजीत,सुरजीह, सुलजीत
संभाला ,गर्मर्शी,गर्यजोशी,गतिमजोशी
हितलाभ ,आकसंमिकता,आरोस्मिकता,आकड़मिकता
घबरा ,भोती ,घोंती ,रोया 
विरासत ,गॉढ़ा ,पीड़ा ,पीछा 
चौहत्तर ,सुलती,सुलती,सुलते
छाएंगे ,पलवाया, अलवाया,सलवाया
वीरवार ,निर्हत,निकहवें,निकहर
पुल ,राजेट्रस्तरीय,राष्ट्ररातरीय,उष्ट्रस्तरीय
भईया , मायय, मायय, मायय
छुड़ाया ,उपती,कठाती,कठाती
सत्तरह ,इर्थगिर्द,इर्दगिर्मी,इस्दगिर्द
चुनकर ,सुधरगी,सुधरेज, अधरेगी
तिलकुट , उटके,भगोके,भटती
निपटेगा ,एंल ,लाेल ,लाेल 
रुचिकर ,फहकारा,पटकारा,फहकारा
दायक ,प्रत्साशिता,प्रत्यशिता,परत्याशिता
सिंहासिनी ,अनपन,अपशन,अनशक
टूटेंगे ,राजप्रीजी, अजप्रीत,राजप्रात
सहूलतें ,किच्छापों,किच्छिना, अच्छाना
जनसमर्थन , पहमा,सममा,सजामा
खेतासराय ,प्रह्जवलित,प्रत्जवलित,प्रज्जरेलित
इच्छापूर्ति ,कपगी,कमागी,कमागी
खतरे ,फाइए,पइलों,कइलों
सूखकर ,विधानसहावार,विधानसभावाद,उधानसभावार
करवा ,कीमने,कीमने, पमती
उपनिषद ,झूमेंया,झूमाता,झूलया
खेल ,परमर्ता,परमपिक,परमपिक
स्वागतम ,पेट्टीमेक्स,पेट्रोमेपस,पेट्रोमेक्ष
अंधियारा ,कलेगी,कलेख,कपश
झपटमारी ,उजक, कजक,उजक
तरन ,खिलेख, सलेगा,खिलेर
जलते ,मलमारी,अवमारी,अनुमारी
कियागया ,यूफ ,नूफ ,खांफ 
रद्द , बशे, बशे, बशे
पंचायतन ,सोचिता,सोचिता, कखता
श्यामलता ,परामर्यादाता,परिमर्शदाता,पराध्र्शदाता
जांची ,बन्होंर,बन्होंर, बददर
सनातन ,निखनी, निखना,निखनी
तारी ,प्रतिवेदर,प्रौतिवेदन, अरतिवेदन
विषैली ,झोक ,झोके ,झोला 
त्रिमूर्ति ,नकवाची,पकलची,नकवाची
सहयेागी ,लड़के ,लड़ता ,लड़ने 
तकनीशियनों ,खुश ,गोंले ,गंाले 
प्रशासक ,लौटाकगे,लौहएंगे,लौटाएगे
छापामार ,बंटेंट,बंधगे,बंटेंड
उजाड़ने ,अतिप्रय,अतिशीरिय, प्तिप्रिय
सौंपेंगे ,जगार ,कगाई ,कगाई 
मिलती ,सदारवादी,उदाहवादी,उदारवासी
कीमतों , बाखो,कखो, बाखो
नगमे ,अपटात, सपहृत,मपहृत
शुद्व ,पकपक्षीय,एकसंक्षीय,एमपक्षीय
खिंचे ,व्यख्यास,व्यकेयान,प्यख्यान
बंशराज ,मनोपाकित्सा,मध्चिकित्सा,पनोचिकित्सा
मिलीं ,दोरारे, उहरे, उहरे
मरोड़ ,वाद ,वाद ,रांदे 
गहराए ,क्रांयरोग,क्रांयरोग,क्षयरोधी
भरते ,परावट,सरावट,गिराहट
रखनेवाले , उराए, उराए, उराए
सेकेण्ड ,भैरो ,पाद ,मुंरो 
सुखाने ,आश्मन,आश्मन,मत्मन
गलत ,ऋई ,रोकें ,धोई 
समस्याओ ,प्रितार्थ,चरिस्र्थ,चरितार्य
कुंवरगांव ,बाइकवावार, प्इकसवार,बाइसासवार
आत्मशुद्धि ,डीनि ,डीनि ,टिनि 
लपेटे ,त्योस्त,त्रस्या,त्रस्वी
राजनारायण ,जुआरित,पआरियों,जुआययों
अभियोजक ,चमक ,कहक ,सहक 
कर्मचार ,सखाल, कखाल,सखाल
चौकता , बगिक, बगिक,पगिक
हैपेटाइटिस ,समह ,समह ,सलाना 
खोलनी ,पहजात,परिजाना,पहजात
उन्मुख ,खैराए, खैहत,खैराए
झोली ,झाडू़ ,शीकी ,झाडू़ 
मामला , अरोग्रेसिव,प्रोग्रेसिन,प्रोग्रेसियों
चुनरी ,तूड़ी ,तेड़ी ,झोंड़ी 
ताऊ ,पनक्रांति,पनक्रांति,जनक्षाति
राष्ट्रविरोधी ,लेंध ,सील ,सीम 
शरियत ,तदोपतित,तदोपयोत,मदोपरांत
स्टेंड , अमशान, अमशान,शरशान
खुशगवार , सढाई, सढाई, सढाई
मुठभेड़ ,उवेत,स्टात,स्वेशों
दहकने ,कुल्द,कुमोश,कुल्द
जुझारूपन ,उम्बदवार,उम्मीट्वार,उच्मीदवार
फुंकी ,सम्कारिता,सहस्रिता,सहकारियां
विश्रामगृह ,दीवाब,दीवाब,दीवाब
मंचीय ,लेनेजलों, सनेवालों,लेनेजलों
संचालन ,ऊष्टि,पष्मा,ऊष्ठ
सुप्रीति ,मराकृति,प्रेकृति,प्रामति
नेवले ,देगा ,चींगा ,चींगा 
बॉल ,उमंतु,उमंतु,घुसतु
मुकुल ,पिटाड,पिटाड, पिलाड
खूबसूरती ,छींके ,छींके ,छींटा 
सवेतन ,कृपर,कृपते,कृपर
घेर ,पजा ,नौंजा ,गूंजे 
ढूंढ़े ,खड़े ,चींरी ,मरी 
सुंदरता ,देखभाषी,देनेभाल,देवभाल
सच्चरित्र ,उकेंगे,फेकेंड,फेफगे
दिखावटी ,व्हावसायियों,व्हवसायियों,व्यमासायियों
कंचन ,उकाए, ककाए, ककाए
फफूंदी ,मिटा ,तिलें ,मिता 
वनों ,तनियां ,तनिए ,कनिक 
बोए ,सापें, बापें,सापें
खटाणा ,त्रिवेष,त्यौवेणी, अरिवेणी
प्रत्युषा ,पमाइश,नुक्इश,नुमाइयों
नामौजूदगी ,गरया,गरया, उलाया
कुवांरी , बआरी, बआरी,कआरी
संस्तुत ,नवसंरत्सर,नवसंवत्सकों,नवश्वत्सर
लम्हे ,झोर ,सिंर ,डोर 
व्याकुल ,संबंय, बशय,संशमी
बांटते ,हेलों ,दुलों ,दुलों 
हैसियत ,रुचि ,रुखी ,ढांठे 
व्यव्स्था ,लाटों ,फाँश ,झाँश 
गमलों ,जरुड़,परुरी,जरुखी
राहे ,भेडा ,गेंदों ,गेंदा 
फिजिकल ,पहषी, परषी, परषी
अविश्वास , अफसिल,मुफलल,सफसिल
अतिक ,निंकी ,गुकी ,निंकी 
क्रॉकरी ,उरिब,शारिये,शारिये
तमाशबीन ,उकेत,साकेगी,साड़ित
सुझाव ,हिमांडों,हिरशी,पमांशी
पंचपाल ,तारिस,तारिस,तारिस
फंसीं , सजाही, सजाही, सजाही
रूमाना ,उपखंला,उपजाड,उपजाड
कट्ठे ,पयवस्थापिका,अयवस्थापिका,व्यवस्वपिका
समयबद्धता ,दोहों ,दोहा ,दोहे 
कसते ,शख्सिकतें,शख्सियता,शख्तियतें
राख ,एकबाड़ी,पकबार,मकबार
ऑर्थोपेडिक ,आश्वय,आश्वय,आर्रय
शर्बत ,उपर्युक्षा,उपचायुक्त,उपार्युक्त
सनशाइन ,ऑल ,धूम ,धूना 
विश्रामागार ,खुलपकर,पलवाकर,खुलवाएर
बनवानी ,नवायज,नजाकज,नजाकज
भरपूर ,संभ्रांक,संचारांत,उभ्रांत
सरंचना ,लेटा ,टेंके ,पेके 
पिटने ,मरनायक,मरनायक,परतियक
गंवानी ,राष्ट्रगाहों,राष्ट्रगारी,राष्परगान
कैंथा ,घसीन,उसीट, बसीट
धान ,चमखी,चलखी,चमखी
हांसिल ,अंछे ,लेछे ,चौंछे 
बेपरवाह , विधारों, विधारों, विधारों
संवारेगी ,कृपावास,कृतिवाया,कृतिवार
रोपना ,पसंतुलन, प्संतुलन,अभितुलन
बचके , बछूत, बछूत, बछूत
उपभोक्तावादी ,मृत्युभोगी,मृत्रभोज,मृत्युलोज
बचाओगे ,फुने ,फुने ,सैंने 
