﻿valid,invalid1,invalid2,invalid3
नवागंतुक ,भौचक्ति,उचक्क,भौगोक्क
थिरकती ,प्रतिनाचार्या,प्रधापूचार्या,प्रतिनाचार्या
विफलता ,बहिष्ठत, अहिष्कृत,बदष्कृत
फेरबदल ,तंबार,तंदूषी,तंदूक
खण्डहर ,अखाक,कभिक, बभिक
टाऊन ,उदभोक्ता,उपनाक्ता,मपभोक्ता
बाजना ,सिखाटे,सिक्टे,कमटे
रक्षाबंधन ,नन्ला,नन्ला,नन्ला
बाधाएं ,पैंतक,पैंतर,पैंतीरे
माडलिंग ,एक्सरों,उक्सरे,सक्सरे
जगाएगा ,फंसे ,फंसें ,रसा 
विज्ञापन ,मनोरंपान,मनोरंपान,मनोरंपान
उल्लासपूर्वक , पजरी, पजरी, पजरी
सिरे ,उलदेव,उलदेव, अलदेव
रमजान ,मानवाय,सनवीय,उनवीय
राजपथ ,पसट,उसट, बसट
लहलहाती ,पत्रादार,पत्रादार,पत्तेदाता
चलाती ,मम्पत,सहपत, अम्पत
शूट ,नीलेम्बर,नीलाम्भर,सलाम्बर
भांगड़ा ,भरयी,भट्यी,भट्यी
पेशाबघर ,विरारहों,विग्रते,विग्रेंहों
अभिनन्दन ,मीचा ,दांचा ,दांचा 
हफ्ता ,घूमेश,समेगा,समेगा
ऐश्वर्या ,जरुरने,जरुमुत, अरुरत
घूमर ,दिव्वर,दिव्वर,दिलावट
रोशन ,पफायती,किरयती,किफादाती
प्रदर्शक ,सरप्रस्थ,सरदरस्त,सरप्रेस्त
जन्नत , कध्या, कध्या,उध्या
दासी ,वंदेमातवाम,वंदेमातरकों,सदेमातरम
थानों ,परीचानपत्र,सहचानपत्र,सहचानपत्र
एकाग्र ,गोताररी,गोलाखोरी,गोलीखोरी
विलेख ,दिग्रेंज,सग्गज,दिग्गना
सत्कर्म ,बीजी ,छांर ,फंार 
इच्छापूर्ण ,खौसा ,शसा ,कैसा 
गिरेंगे , महंने, महंने, महंने
उतारी ,पुननिर्माला,पुस्निर्माण,पुननिर्तण
स्टीमर , अरजातंत्र,प्रदतंत्र,प्रजापात्र
तकलीफें ,नुक्षड़,नुक्कती,नुक्कती
मार्केट ,सबटारा,निर्टारा,निबररा
वकालतनामा ,तारीत, ककत, ककत
समाजिक ,लालयां,लाडयां, कठियां
निकौनी ,छींट ,छींट ,चौके 
महाऋषि ,मवीकृति,स्वीकाति,मवीकृति
प्रतिज्ञा ,पंचायतरीर,पंचायक्घर,पंचारतघर
रौणकी ,श्वांम,श्रती,श्वांम
दिलवाना ,धुरी ,धुरी ,धुले 
चारधाम ,पयकर,भंडकर,भंयकती
आजमाएंगे ,मंदावाना,पगवाना, अगवाना
अंगोछे ,रौनरा,रौताओं,रौणरा
नौवीं ,लडलों, कडऩे,लडलों
सैंडल ,बुद्धिमास,सद्धिमान,बुद्रमान
विधि ,पढ़ारे, उहरे, उहरे
मुस्कराते ,संक्रक्णीय,संवेरमणीय,संग्रमणीय
सीमेन्ट ,बहाना ,कनाना ,पनाना 
भगौने ,जगवाति,जगवाति,जगड़ति
पूछो ,सुधरेखा,पधरेगा,सुधर्गा
रोधक ,ओणदा,ओणदा,ओढ़ादा
जरूरतमंद , ककता,एवता, ककता
दीवाना ,खडे़ ,साडे़ ,आवै 
पिलायेंगे ,छूटकने,छूटकते,छूटरिर
आंकी ,अनाप्शनाप,अनारशनाप,अनाध्शनाप
नगरपंचायत ,गुदछे,गुदछे,गुजछे
किराया , भगोक, भगोक,भनती
पवित्रता ,युविदा, बविका,पविका
पहनावे ,सूफिने,सूत्ने, सूरने
दीर्घकालीन ,नाकाने,नालिने,नाकाने
प्रांजल ,तत्रलीन,तत्रलीन,प्त्कालीन
पदो ,पलिका ,पाचका ,पार्का 
इजाजत ,दूरक्र्शन,जरदर्शन,दूरदर्शनों
भरावन ,जुटागी,जुटेंड,जुड़गी
ढ़ाबे ,तलानिकी,तकसाकी,तकककी
आजमाई ,विपटिंग,उजिटिंग, अजिटिंग
राष्ट्रमंडल ,आधुनिकर्ण,आधुनिर्रण, प्धुनिकरण
निराकरण ,भरमानों,भरमानों,भरमानों
बेमानी ,इसटठा,इक्टन,मक्टठा
कालचक्र ,सडित, बडित,उडित
नोचते ,असंभरा,असंभर,असंगव
अक्षम्य ,करेगा ,करला ,अरेला 
तमीज ,सफेदर्शों,सर्दपोशों,सहदपोशों
नाइस ,प्रश्चिपत्र,प्रश्नपत्व,प्रश्नपत्व
सर्वेयर ,सबम ,अनम ,सजाम 
नाइंसाफी ,सकित्साकर्मी,चिकित्रीकर्मी,चिकित्वकर्मी
छटाई ,आबोदवा,आबोहरी,आश्हवा
मासाहार ,नाको ,माक ,माक 
स्वपनिल , सजाही, सजाही, सजाही
करतूत ,असहवात, प्सहमत,ससहमत
लिफाफे ,बराबत,पराबरी,बदबरी
विरुद्घ ,नागें,कगें, बगें
प्रत्यक्षण , अरमेश्वर,परमेश्यर,परमेश्चार
छटपटाहट ,अवस्श,पवकाश,अवकार
छबीलें ,सौंपेंना,सौंपेंना,सौंपेंना
व्यक्त ,मोतीभंग,मोहनग,सहभंग
नोबल ,रक्तनाग्रह,रक्तसंग्रत,रक्षासंग्रह
विस्मय ,सुयोतिय,सुयोग्री,सुयोग्र
लगाया ,भौला ,भौला ,टीला 
मित्र ,नजमाकी,नजरिकी,नजदीली
अमूल्य ,चश्वादीद,चश्मगाद,चतुमदीद
तांबे ,चलंब,चलंब,चलंगा
दलहन ,निखारकन,निखारकल,निखारहर
ब्रह्मकुंड ,रणतस्राव,रक्तस्थाव,रक्तस्राम
उच्चतम ,उख्ती,पख्ती,उख्ती
लाचारगी , पड़कों,समकों,सहकों
खिलायी ,गंाहा ,पैहा ,धूहा 
पुरुषार्थी , रस्ना, रस्ना, रस्ना
चतुष्कोणीय ,बेकाने,बेकाया,बेकाने
जंगबंदी ,सर्वेसनीवा,सहवेसर्वा,सर्मसर्वा
बदलने ,दहाशों,दहशों,दबाशों
विद्रोही ,विश्वधात,विचावजित,विश्वधात
अजैविक ,व्यंघ्र,व्रघ्र,व्यंघ्र
फांदकर ,पगेंगी,मांजगी, बगेंगी
भींग ,मैंड़ा ,धुंड़ा ,छुप 
घोंट ,शिक्तनगरी,शिक्षामिगरी,शिक्तनगरी
युनानी , अर्वेश,उर्जश,उतवेश
पराजित , सच्छेद,विच्छुद,विकछेद
दिखेंगे ,प्रभागिना,प्रेभावना,परभावना
साहिब ,सामंचावाद, अमंतवाद,साम्तवाद
उड़ानें , पहोगे,रहोश,रहोशी
बेकरार ,सौपन,सौगाने,सौगाने
प्रकोप ,पीएंगें,पीएंगीं, बएंगे
मंसूब ,करवाताओं,सरदाताओं,सरदाताओं
बताएं ,मिश्वात,मिश्वत,मिन्रित
लेटी ,राशव,राज्न,राशव
रोटरी ,झूलों ,रूमे ,झूमा 
सेवाशर्त ,भागीदानों,भागीररी,भाईदारी
प्रेरकों ,हटमंत,हनुभत,सनुमंत
निगरानी ,ककने ,बताने ,उकने 
कौवा ,शुक्धि,पद्धि,शुद्य
आएगी ,त्रिगुरू,त्रिजण,त्रिगुरु
ग्रंथि ,विद्सखंड, अकासखंड,प्कासखंड
उपयोग ,समाजनदी,प्माजवादी,समाजवाला
बैठीं ,पंखुखरा,पंहुखरा,पजोखरा
लुंजपुंज ,वादन ,वाचना ,पचन 
प्रवासी ,निशक्तजय,नियक्तजनों,निशक्रिजनों
कनिष्ट ,लालदाआ,उलकुंआ,लालकुंभी
छानकर ,पर्दायशी,मर्दानशी,पर्यनशी
आयेगा ,पनसहाय,दानसहाड़े,दानसहाड़े
उत्कृष्ठ ,अपयानों,मभियानों,अनयानों
सति ,अफवार,मफवाह,अफवार
अमावस्या ,कहाडे़,उहाडे़,कहाडे़
फूंके ,सुलना,सुझागा,सुलती
चुनेगी ,ब्लॉरे,ब्लॉरे,ब्लॉरे
सडकें , बपो, बपो, बपो
दिशानिर्देश ,विवेदशील,सवेकशील,विश्कशील
अकीदतमंदों ,पढ़ाना ,चरना ,चढ़ाने 
विकलांगों ,सठने,रूढि़ने,रूठक
कुलदेवी ,स्वारतता,स्वायतन,स्वायस्ता
किंवदंती ,कहूंचे,कमागी,उहूंगी
पहुंचाई , उहीन, उहीन,विहीद
चढ़वा ,कैद ,सुरो ,दांरो 
पर्यायवाची , धातुण, धातुण, धातुण
शुक्रगुजार ,ठूस ,डिठ ,चॉठ 
अश्लील , अशानन,दशायन, अशानन
लहरे ,उम्बंध,सम्मीध,सम्बंधु
छूरा ,कूदा ,बिंदू ,धादा 
पिताम्बर ,भगड़न,भगड़न, पगवान
पालिथीन ,दावेदिरी,दावेशरी,दावेदिरी
रजिस्ट्रार , घिनौई,घिसार,घिसान
भिजवाए ,सुधकगे, अधरेंगे,सुधर्गे
प्रतिभानंद , पनौना, पनौना,महंना
निकाला ,सशीनें,मशीश,महंनें
गोढ़ना ,ऊंगई,ऊंचार,ऊंचाया
पिद्दी , बम्र, बम्र,नम्हें
सेंकना ,अनुक्रक, प्नुक्रम,अनुदेरम
गोपनीयता ,महीतों,पहंतों,पहंतों
उत्प्रेरण ,उलदाते,उलझरी,उलझड़ी
कार्डधारी , बताम, बताम, बताम
जानकारिया ,अनराधी,अपनाधी,पपराधी
हरिसभा ,विद्युतीकर्मी,विद्युतकरमी,विद्रातकर्मी
सहोदर ,सम्मनात,सम्मेनित, अम्मनित
तपेदिक ,चढ़ागी,चमगी,चढ़ागी
जलाती ,उमव, बठाव,सठाव
मांगेंगे ,बटाना ,उटाना ,उटाना 
जिलापरिषद ,उठो ,उसी ,ढांडे़ 
केंद्राधीक्षक , कगाना, कगाना, कगाना
भटका ,गहश,गरश,उणेश
जवानी ,सीमांडन,सीमांतन, अमांकन
जताने ,शकी ,निंनि ,घंनि 
पठारी ,सर्मों,सर्मों,करामों
सेामवार ,शब्लदेव,शकलदेवी,शहलदेव
निर्देंश ,ढुजे ,ढुजे ,गांवो 
चहलपहल ,उवड़,उवड़,पवड़
फलपट्टी ,रेलनगण,रेलपगरी,पलनगरी
करतूतों ,दिलचर्प,दिनचस्प,दिलचरप
शमशानघाट , कढि़यां,बहायां, कढि़यां
जमीं ,मपरान्त,उत्रान्त,उपराकत
चुराया ,बौद्लाया,बौखड़या,बौद्लाया
रुके , अतरहीन,पतरहीन,स्वारहीन
तहले ,सहशिवाषा,सहशिष्षा,सहशिक्ति
संभालें , अतिलता, अतिलता,शांतलता
चौड़ाई ,अंग्यारे,अंधियाओं,अंधिकारे
तत्क्षण ,मारएं,मालिएं, पलाएं
रिश्वतखोर ,अंचतोगत्वा,अंचतोगत्वा, प्ततोगत्वा
पंचायात ,बाता ,धौंता ,धौंता 
उछलकूद ,निश्छरों,निश्छरों,निश्छरों
अनिक ,संवेकारयुक्त,संस्कारक्क्त,संघकारयुक्त
मरें , पमक,नगाक, पमक
परोसे ,मानसंधिकार,जनवाधिकार,मानवाधिकाओं
पारदर्शिता ,वित्वमोहिनी,विश्वर्हिनी,अश्वमोहिनी
मौनव्रत ,विषेत्ज्ञ,पषेशज्ञ,विषेशज्ञी
स्वजल , अप्रभुता,संप्ताभुता,संप्रकता
हुलिए , अर्गफुट,वहगफुट,वर्गमट
संध्याकालीन ,उघर्टनाग्रस्त,काघर्टनाग्रस्त,विघर्टनाग्रस्त
शांतिवन ,अंगवस्थर,अंगवस्थार,अंगवसात्र
सौमेंद्र , अज्ञापित,सज्ञापित,सज्ञापित
मिलाजुला , बधुरी,सधुरी,पधुरी
चिल्लाई ,उष्य, बष्य,उष्य
मनोकामना ,समस्क्ष, अमकक्ष,ममकक्ष
उतरेगी ,विशिसकर्ता,विकासरर्ता,विकासोकर्ता
कसबे ,प्श्लेषक, अश्लेषक,विस्लेषक
रामबरण ,उषयों,विरायों,विषणों
श्रेणियां ,सहाशा,महीशा,महीशा
आढ़ती ,सजाफ,समाफ,समाफ
सुविधाजनक ,बूंश ,घीश ,बूंश 
अंतिम ,ऐतिविसिक,ऐतिहासियों,पतिहासिक
सतयुग ,कुलझर,कुल्वीर,कुलवीरे
जीआर ,गुड़ ,गुढ़ा ,हम 
सुन्दरता ,दारु ,छवा ,गुवा 
शिवाला ,आयोजल,आर्जक,उयोजक
अन्दाजा ,खुंले ,डालों ,डालों 
आचरण ,पुनसगठन,पुनकगठन,पुष्र्गठन
आराध्य ,ब्लॉरा,पयौरा,सयौरा
झलकता ,नगौड़े,सगौला,पगौला
सुर्खियों ,पढ़ादा, पहदा,पढ़ादा
मागदर्शन ,कटने ,सटने ,उटने 
अगुवायी ,नगनियुक्त,नवनिर्क्त,नवनियुक्षा
हल्फनामा ,घोर ,घोसी ,घोर 
लिफ्ट ,नवनियमित,नवनिर्शत,नक्निर्मित
असरदार ,घोंग ,घोंग ,छौंग 
सुनिश्चितता , उडेरा,मुंहारा,मुंसिरा
समझाती ,कबूगिर,कलातर, सबूतर
सम्प्रेक्षण ,आवयात्मिकता,सध्यात्मिकता,आध्यात्मिकरों
लंगूर ,परदाती,पकस्ती,परहती
कोटेशन ,जूलुना,जूझला,उझना
रुको ,आफड़ा,कफत,आफड़ा
मती ,विश्वस्मर,विश्वस्थिर,विश्वरतर
कसेंगे ,उरांशु,प्याशु,उरांशु
छुट्टियां , अयादूज,भैयासज,भैयायज
चलाता ,सांभले,सांभय, बभर
गुण्डाराज ,मांड़ा ,शैंड़ा ,पीला 
आरोपियों ,डीवीआइ,डीओआइ,डीईसेंइ
जनाब ,बाराय, पह्य,बावय
पसार ,सण्टा,घण्डों,पण्टा
भूख ,निवाहिण,निवाहिण, पवारण
कष्ट ,चारदिवाले,चारदिमारी,चारक्वारी
साकारात्मक ,दूल्ली, दूधिहा, दूधिहा
नामंाकन ,उमुखा,उमुखा,चौराखा
मकबरे ,पतर्यामी,पतर्यामी,प्तर्यामी
मूलभूत ,सप्पे,सप्पे,सप्पे
बाड़ा ,हड़हत,हतावत,हतावत
जगी ,अन्यर्राज्यीय,अन्तर्शज्यीय,अन्दोर्राज्यीय
