﻿valid,invalid1,invalid2,invalid3
पराया ,गिरफ्ताओं,गिड़फ्तार,गिरस्तार
समस्याओं ,बंधमुंई,मधवाई,मधवाई
भापकर ,स्माभाव,स्थाभाव, अवभाव
कन्यादान , पसिये,हाजिये,हाजिये
पिछड़ी , अचनीय,सोचनीति,सोचनाय
गड़गड़ाहट ,विराहों,उवाहों,विकाहों
देखेंगे ,प्गरिकता,नागरियता, अगरिकता
मनोज ,श्रीफट,श्रोफल,मरीफल
खुदाई , पजरी, पजरी, पजरी
जहर ,कातियां,कातियां,उतिल
कौतूहल , बस्था, बस्था,आपथा
चाह ,आहुचा, कहुति, कहुति
ज्ञानवान ,खोलरी,खोखते,पखरी
मुख्यतया ,चढ़ारी,चकेला,चकेत
विश्वविद्यालयों ,मस्तरां,रेस्तक,रेस्तिरां
आकार , कडडा, कडडा, कडडा
नमो ,भूल ,भूखा ,ऐला 
जान , अबाएंगे,पबाएंगे,दबारगे
स्वांग ,जतासी, जलासी,जतासी
लकवे ,सेवनरी,सेमिनन,ममिनरी
नीरा ,मरोमोशन, अरोमोशन,प्रोजशन
दिनकर ,धावरों,धावरों,धावरों
बीएसएफ ,पहक्रम,पराक्रण,पराक्षिम
गुणी , उरानी, उरानी, उरानी
आत्मबल , जाएंक,जायेक, जाएंक
बसंत ,हथकंपा,पथकंडे,हथराडे
बेदाग ,पूजणेदु,मर्णेदु,पूर्तदु
तांगे ,उवध,गौसाध,गौवरों
सौकत , ससला, ससला, ससला
सबमर्सिबल , उलना,ढकेना,ढकेना
अटपटा ,पदपालन,पर्पालन,परियालन
सेंधमारी , लोचने, लोचने, लोचने
पंचायतीराज ,हिसाई,हिसाई,हिस्बी
वीरगति ,एड्या,एड्या, एड्डों
ठहाका , खोलेंना, खोलेंना, खोलेंना
जता ,एेची ,बॉची ,लीक 
झुलसने , अजारते,उजारते,मजारते
सत्ताइस , निभाला, निभाला, निभाला
नीलेश्वर , सटपट,झटपथ,झटरिट
ऊभा ,समरपाप, अमरकैंप,समस्कैंप
टेकने ,सझारु,जुल्रु,उझारु
तबेले ,बहगे,उढ़ेंगे, कढ़ेंगे
अगवाकर , सुझारा, सुझारा, सुझारा
पकड़कर ,मंगनकोट,मंगलताट,मंगलताट
पौराणिक , बछी,नाछी,नाछी
प्रशैक्षणिक ,जत्स्यायन,वात्रयायन,जत्स्यायन
विचारण ,पगेंगी,लड़गी, बगेंगी
सूत्र ,करकनी,कटधनी,कटधनी
बांझ ,कहीप,सहीप, बहीप
ताने ,नवातकी,नजतकी,नर्मिकी
बास ,पत्संपत्ति, प्रिसंपत्ति,परिसंधात्ति
सुकीर्ति ,फुहाने,फुसने,फुस्ने
सहायिकाओं ,सघटक,संघटर, अघटक
निर्वाध , हटाला, हटाला, हटाला
अंशी ,ओढ़कता,ओढ़तिर,ओटीकर
फौजदार ,पंटा ,लेबी ,पंटा 
दुकानें ,प्रेसत, अरेरित,प्रेरियां
बांस ,गर्भवना,सर्भवती,गर्भकाती
उद्धार ,उपस्तास्थ,उपस्तस्थ,उपस्वास्था
अनौपचारिक ,पुरुर्विकास, प्नर्विकास,पुष्र्विकास
ब्याही ,भाइचारों,भाइचारी,मइचारे
लंबे ,मिश्भगत,मिलीभवत,पलीभगत
महंगी ,सरैस,उरैस,उरैस
बिठवाना ,प्रेवित, सलावित,प्लाविधि
छुपने ,तप ,तप ,तप 
अपरिहार्य ,प्रीमम,सरीतम,उरीतम
तस्वीरे ,पषार,पषार,तुषादों
खोपा ,उरतिव्यक्ति,प्रतिव्यजति,प्रतिव्याक्ति
हैरानगी ,अमीते,पछूते,अखाते
साड़ी ,तैपु ,तैपु ,टेपु 
खेलप्रेमी ,बाद ,बाड़ ,बाड़े 
अध्यक्षा , अर्जीवाड़े,मर्जीवाड़े,फर्यावाड़े
अराजकतत्व ,आदेव,आदेड़े,आदेव
सर्तकता ,छंटनीग्रस्थ,छंटनीग्रधात,छंटनीग्रकात
बरतना ,आगलातुकों,आगन्याकों,पगन्तुकों
डाक्टरों ,विकरालयों, अकरालता,विशेरालता
बढ़ावा ,प्रेचार्या,प्रस्र्या,सरचार्या
तबादला ,मलसंचय,प्लसंचय,जलवाचय
इटक ,जोंस ,जोंस ,नंस 
साम्प्रदायिकता ,सहमेलन,सम्मेबान,सत्मेलन
सहजता ,मुहल्य,सहल्लों,मुहल्स
कूपन ,दफड़े,दफड़े,दफड़े
नयापन ,अमीब,अदते,अदते
सहप्रमुख ,अल्हाहल,अल्कोहट,अल्कोष्ल
महन्त , बरेंगे,घेरगे, बरेंगे
ग्रंथ ,नालिन ,नापन ,पचन 
अहिरान ,अंत्याष्टी,अंतयेष्टी,अंत्याष्टी
धनोपार्जन ,लूल्ने,लूल्ने,लूल्ने
शिल्पकार ,खटरनाक,खरीरनाक, प्तरनाक
आगाज , लड़र,लड़ार, लड़र
फूलगोभी ,सहेजर,सहेजय,सहेदिते
भीगे ,पद्योगिकीकरण,औद्योथैकीकरण,औद्योथैकीकरण
पंडे , प्नप्रस्थी,वानप्रस्ती,वाद्प्रस्थी
नसबंदी ,समांडर,कराडर,कराडर
शिकायतें ,मारनचोर,मखनचोर,माखमिचोर
बताशे ,मपवाए,उपवाए,छनवाए
जानती ,सिफारिक,सिफाकशें,सिफारियां
बटा ,शीर्रता,शीघ्रण,शीघ्रण
सूर्यमुखी ,मथाकार,कथाकाने,कथावर
प्रस्तुति ,समुनोत्री,यथानोत्री,यथानोत्री
धमकियां ,डूबेले,कबेगी,डूबेर
गप्पे ,तलाहटी,तलहवें,तलाहटी
मोहर , सभिलेख,पभिलेख,अभियोख
सुलक्षण ,निरूपर,निरूपथ,निरूद्ण
पेश ,डॉता ,जूठा ,ढैंता 
जुड़ी , रिझार,रिफन, रिझार
सिखाती ,सजबान,मेधाबान,उजबान
निहारा , मचानू,महीनू, मचानू
गठिया ,पत्योजनाएं,परियोजवएं,परिवजनाएं
डाकखाना ,सपशिखा,दीपजाखा,दीपनाखा
श्रंगार ,ब्रह्मार्त,परह्माजीत,ब्रह्मार्त
स्पंदन , अड़यंत्र,षड़यंत्व,षड़वात्र
बहुसंख्यक ,थमीं ,सका ,यौका 
विनायक ,उहुएं,बहएं,पहुएं
घिरनी ,सशुओ,पशुभ, बशुओ
प्रदर्शित ,मआइडी,सीरिइडी,सीलइडी
चन्दन ,दर्नाए,दरनाए,दफनए
लहराने ,मनोवाने,मनोवाने,मरहने
अमीर ,खिट ,कैंपों ,कैंची 
छिड़कने ,सुखाएर,पखाकर,सुखाएंर
पतन ,महंर,महंर,महंर
गजब ,तीव्थ,तीर्जी,तीर्जी
मनोविज्ञानी , असपार,पसपार,उसपात
व्यापम ,टेलीफिल्प,टेलीवेल्म,टेलीफिल्प
नहरपार ,बेशव,बेचाक,बेगाक
विपक्ष ,लज्य,लज्य, लड़जा
रोपने ,सर्वस्म्मिति,सर्नसम्मिति,सर्वसम्मियों
जुटाएंगे ,मनोहाम,उनोरम,मनोरते
बन्धु ,रोशगे,रोकगे,पपेंगे
सभावाला , कमित,नन्त, कमित
डीपीएलआर ,शुरूआरा,मरूआत,शुभआत
जगमगाए ,शवार्न,शवासर,शवासरों
भाड़े ,कंपकंडा,कंपटापा,कंपवापा
छींटे ,सोखये,सोखये,उचिये
संचालिका ,उड्यंत्रकारी,अड्यंत्रकारी,षड्यंत्रहरी
परिदर्शन , लाचाक, लाचाक, लाचाक
बाट ,हुश ,घाश ,घाश 
बाइसाइकिल ,पखाधडी,धोबीधडी,धोखारडी
माताओं ,माफी ,झाँमा ,माफी 
बढ़ोत्तरी ,इतवाने,इमाराने,इकराने
प्रसूती ,मजनायें,योजरायें,योजवायें
आडू ,धीरती,धीरती, धीरते
दरार ,रुकगे,रुकगे,रुलागे
हटती ,उम्रसीब,उम्रसीसी,उम्बसीमा
उग्रता ,सहकक्ष,सभाकवाष,सभाकर्ष
निर्मोही , नाछ, नाछ, नाछ
स्त्रोत ,लालझास,लाभावास, उलवास
लटकाई ,लेगें ,दीप ,लेखों 
गढ्ढे ,वर्मकृत,वन्गीकृत,वर्याकृत
सेवाकाल ,समाजकल्याएं,उमाजकल्याण,सम्जकल्याण
राष्ट्रीयस्तर ,आमझाट,आमराट,आमड़ट
सीमाद्वार ,कटावरोध,कटालेरोधी,कटावरोपी
जमुनिया , पलाएं,उलाएं,पिसएं
अनुमानित ,नीलगियों,नीलगियों,मलगिरि
मंाग ,इन्नदार,इश्नदार,इस्नदार
अच्छा ,पत्ताधारी,सत्राधारी,सत्ताहारी
मृतक ,प्रौती,प्रांढ़,प्राढ़
मनबोध ,रणगंज,रखगंज, अफीगंज
दिलायी ,पस्बों,उस्बों,उस्बों
गतिमान ,अंटि ,अंटि ,हाटि 
लल्ला ,अस्तास्थता,अस्वस्थन,पस्वस्थता
हल्के , अस्तैनी,पुस्तिनी,पुस्तनी
मांफी , सटोरे, सटोरे,उटोरे
महिने ,हड़षद,हमषद,हड़षद
गोभक्त ,सिमकती,सिसकर,सिसलती
पीरों , परावली,कुरामली,मरावली
जर्दा ,मगमाया,योगकया,योगवाया
मैत्री ,कस्तां,कस्तां,दायतां
बाबुल ,घनसुनाए,घनघनाएं,घनघरिए
झीनक ,चोट ,चोटें ,चोटें 
डराते ,शिविधा,शिविदा,शिविधा
पत्नि ,अपविनी,अश्वियों, सश्विनी
लूटपाट ,शोध ,गृर ,शोधों 
नकारात्मक ,मरे ,मरी ,मरे 
सिद्धदात्री ,वास्टशास्त्र,वास्तुशास्थर,वास्तुशानुत्र
बचाने ,अखाके,अमीके,अखाके
भाग्यवती ,किराएमर,पराएदार,किलएदार
बनिए ,ग्वानी,ग्लार, ग्रार
तरुण ,तपमा, कगमा,तड़मा
धारणाओं , छबीते, छबीते,छल्ते
अभियोग , भुनार, भुनार, भुनार
छोड़ें ,उसटने,घिरटने,घिसलिने
उत्तरा ,कार्यमियी,कार्यदारों, अर्यदायी
जांचने ,दूधर्हे,पधमुंहे,दूधरहे
गोरखधंधे ,गोष्ना,गोधक,गोष्ना
वकील ,अनुज्वपन,अवज्ञापन,अनुज्ञापण
वीरचक्र ,खोड़ा ,जहाँ ,दूड़ा 
घपलों ,सतपर,सतरथी,सतरथी
बिगड़ता ,बांझकर,बांधवार, अधकर
दीपालय ,खुद ,खुदे ,घला 
अदरख ,कामरार,उमचोर,समचोर
घरौंदे ,खराबू,खदेबू,खदेबू
लगाती ,पलकुल,उलकुल,सलकुल
बतानी ,यत्नशीट,प्त्नशील,सत्नशील
षष्टम ,सेंट्टिव,सेंसेटियों,सेंसेवव
आतिशबाजी ,कपजे,कलेख,कलेख
पढ़ायी ,मयेष्ठा,ज्येजठा,ज्येजठा
चाहें ,उमींदारी,जमींदानों, अमींदारी
युवराज ,कमप्रेमी,कलाप्रमी,कलाप्रेट
आत्मसुरक्षा ,विकाटों,विवाटों,उकेटों
वरदान ,मुंसियों,मुंडाफ,मुंसिक
गहराती ,टिफिए, ककाए,टिकारा
ईजाद ,समन्यवर,जमन्यवक, प्मन्यवक
विन्दु ,मुख्कुराती,मुस्कुश्ती,मुस्तराती
गरीबन , ससक, ससक, ससक
विस्तारपूर्वक ,मैग्जीवी,मैनेजीन,मैनेजीन
भोगता ,मरेआम,उरेआम,समाआम
कल्याणकारी ,अपरकण,अपरदाण,अपरहट
चीरती ,हिमारित,उमायत,हिमायर
चूकें , साषि,बषि,नाषि
बचती ,उहेता, पहेता,चहेड़ा
गायिकी ,बीआछूसी, अआरसी,मआरसी
हरमोनियम ,नाथी ,शुज ,सोंज 
दगाबाज ,बेंचकते,बेंचकते,बेंचलर
छेना ,जमीदोर,पमीदार,जमीदोर
उगता ,मूर्जी,मूर्जी,सर्ति
सभापति ,द्वादन,उवादशी,सवादशी
जीतना ,पवविप्रीत,पवनप्रित,परिनप्रीत
कमल ,पद्यान,उलयान,उद्रन
साधु ,लीपासती,लीपादती,लीपासती
छाला ,सरामात,कटमात,मरामात
पेजर ,लुभारा,लुटेल,लुटेल
वेंटीलेटर ,धंरो ,सौंरो ,चंारो 
श्रद्धा ,छुड़ाने ,बड़ाने ,छुपने 
तेलुगू ,पकयें,सढ़ायें,परयें
सुर्ख , कड़ना, कड़ना, कड़ना
संघर्षपूर्ण ,चबारर,मबाकर,चबाकने
स्नान ,स्तनवान,पतनपान,स्तनबान
तीखा ,शिकाया,सकागो,शिकाना
प्रेमादेवी , सरुण,बरुष,बरुष
खनिजों ,रिश्ने,रिश्ने,रिवाने
प्रतिनिधिमंडल ,उफ्ज,लफ्ती, बफ्ज
ब्यानबाजी ,सामंत्यिक,पहित्यिक,साहित्रिक
जगाते , उरायें, उरायें, उरायें
अध्ययनरत ,निचना, सचले,निचक
परिजनो ,एमकीपन,मकाकीपन,मकाकीपन
सिद्धी , सढ़ाया, सढ़ाया, सढ़ाया
नगरपाल ,उरवाती, अरवाती,कर्वाती
बालिकाएं ,उपलकधि,उपलकधि,उपरब्धि
उभरा ,बदरा ,गदना ,उदरा 
बासा ,जर्यानुभव,अर्यानुभव,कार्यावभव
कुचलना ,उलाटर,प्लाकर,प्लाएंर
गुजरने ,कर्महाषेत्र,कर्मक्तात्र,कनमक्षेत्र
बीएसए ,सरुफ,मारुड़,करुफ
भाग्यशाली ,समर्दार,समचदार,समचदार
विरेंद्र ,उज ,शंज ,नीेज 
गंगेश्वरी ,रेलयावरी,रेलमात्री,रेलयालरी
अपरिचित , उलिन, उलिन, उलिन
रौंदकर ,जितरिने,मतवाने,मतवाने
निकालना ,मिटगा,मिटेरे, मिटागा
