﻿valid,invalid1,invalid2,invalid3
आंकलन ,ठूंम ,पीेम ,चूके 
आना ,छल्ते,सपते,सपते
खोजती ,वोका ,रका ,चौका 
मन्नत , फिरौल, फिरौल, फिरौल
तंगी ,पराइयां,बुरामयां,बुरामयां
विश्वपाल ,सुलझाकगे,सुधाझाएंगे,सुलझाएगे
अनशनकारियों ,अविद्धि,अविधाया,अनुद्या
रोमांचकारी ,आर्रात,आधीगित,आधीराते
गहराना ,उपक्शम, प्पक्रम,उपक्षम
सा़फ ,एल्युमिनाएं,एल्युमित्ई,एल्युमिनायें
नाहक ,माठ ,संाठ ,पीत 
चाबुक ,कपती, पसती,कपती
शहीद ,शलजर, अलजम,शलजय
हमशक्ल , बगिनी, बगिनी, बगिनी
देररात्रि ,कार्यवाहितों,कान्यवाहिका,कार्यतहिका
सरकारी ,उमृत,उमृत, बमृत
आनलाईन , पगजी, पगजी, पगजी
भंडारा ,भगडारी,भरडारी,भगडारी
जलन ,सतीजे,नगाजे,नगजे
हाशिए ,सझानी,सझानी, बझानी
अनुबंध ,कुंवाब,कुंतरे,कुंवाई
दुनी , वामती,वामते, वामती
स्फटिक ,हैलीटेप्टर,हैलीकाप्रेर,हैलीकाप्टरी
जलगाह ,जना ,जना ,जगी 
उजियारा ,करीफ,करीफ, परीब
अपेक्षाकृत ,होशिडिंग,होर्मिग,होशिडिंग
बदसुलूकी ,कीकते,कीजिर,कीजिर
पंसदीदा ,असता ,असता ,उसता 
फिरना ,नोचकने,नोचकने,नोचकते
कनपटी ,अपजार, पपकार,अपजार
क्षेत्रवार , पहवार,पतरर,पहुंवार
शीर्ष ,तेहस्व,मजस्व,तेन्स्व
एकमात्र ,जिलेमेवार,जिम्मेवासी,प्म्मेवार
निर्देशकों ,बिताली, बजौली,बिताली
स्वीकारते , कठेगा, कठेगा, कठेगा
पीरजादा ,मजतानी,मस्तिनी,महातानी
दीक्षान्त ,सौंपर ,सौंपक ,सौंपन 
सहभागी ,भटथल,भरथक, अरथल
मायावी ,पगुठे,अंधेठे,अंगाठे
मिट्टू ,प्रिचारिका,पहचारिका,पर्चारिका
सूर्योदय ,गुमझादा,गुमकादा,गुजशुदा
निशि ,पपटारे,निकटारे,निपनारे
नामोनिशान ,अविदाल,अवितील,अविचर
लालपानी ,ससुरालीजली,ससुरामाजनों,सम्रालीजनों
बोलवाला ,गुरुगुले,गुलझले,गुस्गुले
गुटखा ,सपटाई,निपवाई, अपटाई
अपार ,प्रस्भाग,प्रमभाग,सरतिभाग
वादन , भट्ना, भट्ना, भट्ना
निषेधाज्ञा ,मित्रवकों,मित्रवात,मिश्रवत
कुशल ,अंतरमनपदीय,अंतरजनशीदीय,अंतरमनपदीय
मौनी ,तामराट,तामकोण,तामराट
लटक ,जेसीन, बसीटी,जेहाटी
बनती ,स्वासयाय,पवाध्याय,स्वाध्यार
देंखे ,विभिषियों,मभिषिका,विभिषित
उजला ,अफनहों,अफनाहों,अफवाने
असमिया ,बैनाट,बैठाट,बैलती
फार्मेसिस्ट ,फूओ ,जाँओ ,खाना 
नैतिकता ,सपते,छुट्ते,छुट्ते
लहलहा ,बधारों,बधारों, कधाई
लॉलीपाप ,मनतीर्थ,महातीर्ण,महातीभथ
जोखिमपूर्ण ,पत्तकों, परितल,पहुंतल
गहने ,साक्भर,साहूभर,मलोंभर
आंवटन ,मुहराले,सहल्ले, अहल्ले
अस्पतालकर्मी ,उपई,उपई, उमई
झटके ,वाटा ,शॉटा ,घंटे 
परिणित ,अहट्सएप,व्हल्सएप,व्याट्सएप
प्रतिनिध ,पगाही, कगाही, कगाही
मस्जिदों ,भद्य,भट्दा, भगादा
घसीटता , महंन, महंन, महंन
विशेषज्ञता , कसची, कसची, कसची
ठेके ,स्वीकारोहिति,स्वीकारोजति,स्वीकारोक्ष
बनवारी ,उहुँचेगी,महुँचेगी, अहुँचेगी
बबूल ,सत्यार्मी,प्त्यार्थी, अत्यार्थी
बचाकर ,जनकल्याणविरी,पनकल्याणकारी,जनकल्याणविरी
वनाधिकारी ,जलझत,जलपोट,जलपोशी
बुर्के ,मन्वेंट,कॉफ्वेंट,कॉर्वेंट
लघुसचिवालय ,उघोरी, कघोरी,उघोरी
कहेगा ,सर्तम,मप्तम,सप्सिम
मराठी ,मंत्रियडल,मंत्रिमंडप,मंडरिमंडल
सुधरेंगी , रुबनी, रुबनी, रुबनी
भूवैज्ञानिक ,ककें,ककें,ककें
जताना ,विजयस्र,विश्यवीर,मजयवीर
आत्मनिर्भर ,कारातूस,सरतूस,कारहस
हसीना ,जिताएर,जितामर,जिताकती
बुलवाए ,उरदार, अरदार,जोशिदार
संघर्षशील ,प्स्थापितों,विस्सापितों,विस्थापियो
खिलाएंगे ,तेवब,तेलुब,तेरब
ज्ञानमती ,मालता ,मालना ,मानन 
बसाने , प्हप्रभारी,समाप्रभारी,सहनरभारी
कोयल ,निवेदर,निपदक,निकादक
चीखती ,प्डेलवाल,खंडेलहाल,पडेलवाल
बैण्ड ,ऊर्जापात्री, प्र्जामंत्री,ऊर्जागत्री
प्रतिमान ,रेस्बाजार,पलबाजार,रेलबाजादे
दयावती ,लड़े ,देंड़े ,लगा 
दबाब ,डोली ,तोंसा ,डोर 
प्रतियोगिता ,भूंर ,फेर ,जैर 
बहसबाजी ,प्लासून,प्रहन,प्रहन
समझने , बसाज,ससाज,कसाज
पैठ ,सूबेयाना,उफियाना,मफियाना
विघटित ,दुश्कारा,दुल्कारा,दुत्रारा
कायदा ,बेबुज्जत,बेइज्जलि,बेइज्यित
शरणालय ,उकत्र,एकत्रों,एकत्य
जयकारे ,दूंका ,इका ,चूड़ा 
सुपुर्दगी , घड़िने, घड़िने, घड़िने
स्थगित ,काश्यबंद, अर्यबंद,कार्यवाद
सम्बंधित ,क्षेत्रीन,क्षेत्याय,क्षेशरीय
घेरो ,खत्दा,उरीदा,उरीदा
सामंतवादी ,टाले ,टाल ,घफी 
पेटेंट ,डिंना ,खुंना ,पैनी 
रिक्त ,पनेंगी,सनेंगी,पनेंगी
उतारने ,उस्त्रां,रेडित्रां,रेस्त्री
घुटन ,जंशो ,धृशो ,धृशो 
जि़लाधिकारी ,धमजय,धड़जय,धनंदिय
असामाजिक ,भरहट,भड़पेट,भरपेगा
झुकेंगे ,बेवता,बेवता,बेगाता
शरीफ ,वक्द,वक्द,वजूस
सौहार्दपूर्ण ,सम्पालित,पम्मिलित,सम्मिलियों
साहिर ,बेतुन,बेतुन, पजान
घोषणा ,खिसमता,उसकता,खिलाकता
टिप्पणी ,अखाथ,अगथ,अगथ
अर्वाचीन ,आयुर्विभूञान,आयुर्विश्ञान,आयुर्थज्ञान
बढ़ाई ,नशेरंग,सवरंग,नवराग
गोरक्षा ,वृगे ,धगे ,सा़गे 
गुजरीं ,मौलियाता,मौलिस्ता,मौलिस्ता
पहनने ,परकह,परवाया,परहह
देखने ,सहनिया,उलौनिया,सलौनित
धमकाए ,जगतनारायम, प्गतनारायण,जर्तनारायण
सम्भव ,घोंसा ,भौंसा ,तसा 
देशभक्ति ,उहार्द, अहार्द,सोचर्द
घृणा ,सेंर ,उर ,भींर 
गैंडे ,वाचनें,वादिनें,वादिनें
खराबा ,सेवाभाषा,सेवाभाषी,उवाभावी
विकेन्द्रीकरण ,यत्तों,यहून,यत्तों
अकुलाए ,अनाचारे,अनाचारे,अनातर
बुआई ,सूने ,सूखी ,सूखी 
उगम ,जेबकर,जेनकटी,जेबटाटी
चरमराई ,प्र्मियान,दर्मित्न,दर्मियास
नीरद ,ऊपते,ऊपन,ऊफारी
बहाव ,रेहयो,रेफयो,रेवयो
हटवाएं ,महायगी,महाकगी,महाड़िगी
सुकर्म ,संगने,संगने,संबंर
बढ़ाना ,अंत्रजिला,अंकरजिला,मतरजिला
शाखाओं ,टाईसइड,टाईफायड,प्ईफाइड
बासमती ,अधता,अधता,अधता
खातें ,कटकारे,कटघट,कर्घरे
ध्वजा ,भरट्राचार,भष्पराचार,भष्ट्राचात्
दिहाड़ी ,दनादर, सनादन,दनादर
अमूक ,विद्रत,विपयुत,विकयुत
सहचालक ,फैलेंले,फैलेले,फैलेंले
चढ़ाते ,धन्की,धधर,धधना
बताइए ,पूर्णशया,सर्णतया,पूज्णतया
क्रमानुसार ,उलिये,तौहीये,तौलिका
पूर्णता ,शयवकक्ष,शयनकक्ति,शयनकलष
मालों ,असर्षम,असक्शम,असमाषम
रामायण ,बलिष्य,बलिहाठ,बरष्ठ
तंद्रा ,दूरकन,दूधबीन,दूधबीन
रोजनामचे ,नमूहों, बमूना,नमूहों
स्वविवेक , कढ़ानी,सढ़ानी,सढ़ानी
किलोभार ,गृहरवामिनी,गृहरवामिनी,गृहस्वादिनी
जुदाई , बठाता,कठाता, बठाता
हिचकती ,शक्तियोर्धक,शक्षावर्धक,शक्ष्वर्धक
हरिप्रताप ,निष्पक्षक,सष्पक्षता, प्ष्पक्षता
शोधित , कहोश,सहोश,पहोश
संजोना , सानें, सानें, सानें
दबाव ,पत्यकारवार्ता,पत्रकाध्वार्ता, प्त्रकारवार्ता
रजिस्टर , साड़िना, साड़िना, साड़िना
दरिंदे ,हिमखंला,समखंड,ममखंड
वनकर्मी ,शिकायतकताता,शिकायतकगता,शिकायतस्र्ता
दागदार ,नगरनिस्म,नगवनिगम,सगरनिगम
आसक्त ,प्रदनमंत्रित्व,उरधानमंत्रित्व,कारधानमंत्रित्व
देववंश ,पद्वत,परवति,पहुंवति
असलियत , उरकार,धड़कार,धरकारों
बिल ,उलिहारी,बलिदारी,बलिस्री
नजीर ,पलवायु,मलवायु,जलदायु
पका ,मुस्तानी,मुलकनी,उलतानी
जन्मे ,छेड़वाड़,पड़छाड़,पड़छाड़
प्रतिभावन ,हिम ,हिल ,संाला 
अनुश्रवण ,पुलाई,पुलाएं, पुतव
सन्त ,महासम्परक,महाविम्पर्क,महासम्पदक
नजरिए ,कॉपिडी,कॉपिडी,कॉपिडी
स्मरणिका , प्यावसायीकरण,व्यावसाककरण,व्यावसायीकगण
अनुपयोगी ,टेनने,टेबिरी,टेनती
प्रसुन ,भागें ,भैंलू ,भैंलू 
मॉल ,प्रौतिक्रिया,सरतिक्रिया,प्रेतिक्रिया
भाजी ,लकवाग्रास्त,सकवाग्रस्त,लकवाणोरस्त
जनजागृति ,पौथे ,ठूथे ,चोट 
मणिका ,इबातेफाकिया, प्त्तेफाकिया,जत्तेफाकिया
पचा ,मिकालल,मिकावल,मिकाइया
अंतहीन ,सुलती,सुझाग,सुलना
तालीम ,घबटती,घबटती,घसीहती
गड़बड़ा ,पीलना,सलरों,पीलते
ब्राह्मण ,चेचने,चेचने, चेष्ने
खायें ,घनघनाओं,घनसंनाते,घपघनाते
नज़र , उवारा,संबंरा, उवारा
तौला ,अलवत,अलझार,अलझर
आएंगी ,बाल्मीट्रिक,बायोमीदरिक,बायोर्ट्रिक
निभायी ,मिलाशटी,मिलाशटी,मिलाएटी
धनवंती , फर्ते, फर्ते, फर्ते
अनुभाग ,घूमागी,पमेगी,उमेगी
हमवतन ,स्थानीवाता, अथानीयता,स्थावायता
पिछड़ने ,उमए,सठाए, कठाए
नाशक ,बिल ,दानी ,दारू 
उत्तराचंल , कहिरों,मार्रों,उहिरों
नवचेतन , पर्गा,मुर्ज,मुक्गा
इक्का ,आंड़ ,जोड़े ,जोड़ो 
शिरोमणि ,दिखेरा,दिखेरा,उखेगा
ननकाना ,नीतिसता,नीतिसता,नीमसता
प्रतिरोधक ,भूधता, भूलेर,भूधना
भतीजी ,अग्राम,अग्राम,अग्राम
चरखारी ,समकलकर्मी,दमकशाकर्मी,दमकलसर्मी
विशाल , नाढ़े, नाढ़े, नाढ़े
फिजीकल ,चिकलपॉक्स,चिकनदक्स,चिकलपॉक्स
भदौला , अहमंत्री,सहमंगरी,सहमंत्र
नाशी ,वाकड़द्ध,वार्युद्ध,वाकयुद्या
कान्ति ,उरिजनों,पकजनों,परिवानों
फर्राटे ,सटपर,सटरिर,सटपर
अमलीजामा ,बैट्टे,बैनारी,बैट्टा
रेंगे ,खंडाइया,खंडाफोत,खंडारित
मेहरवान ,सगुठा,उगुठा,उगुठा
चढ़ाता ,पर्दाेष,उर्दाेष,सर्दाेष
जमापूंजी , अरेरणात्मक,प्रेमणात्मक,प्रेरणात्सक
खुशमन ,कामचलाते, अमचलाऊ,कामचलाओं
चुराई ,झंडा ,छेड ,खीड 
सैन्य ,चिन्याकन,चिन्हांकता,चिन्हांकल
सबंधित ,बिग्नेसमैन,बिजनेत्मैन,बिजनेसभान
इनकार ,बर्येदार,बकार्दार,बकार्दार
सदाकत ,श्रीविष्रह,श्रीविश्रह,श्रीविज्रह
उत्कृष्टता ,प्थ्यहीन,तमायहीन,तर्यहीन
आनाजाना ,पुष्टिजली,पुष्कजली,पुष्पांजन
लौटाएं , कुर्न, कुर्न,कुल्न
फिरेंगे ,प्द्यनाथ,बैद्रनाथ,पद्यनाथ
अनुदेशिका ,इस्तराक,पस्तयाक,इम्तयाक
मंजा ,गृहसज्यमंत्री,गृहराज्यनित्री,गृहत्ज्यमंत्री
पकेगा ,गिनाते ,गिरते ,उनते 
फैंसी ,प्वकिरण,नवकिचाण,नशाकिरण
वैभव ,पार्टनइम,पाठटटाइम,पार्टहाइम
जांच ,मनपत्द,सनपसंद,महापसंद
डूब ,रईयों,उईस,रईजी
अनापूर्ति ,प्रतंत्र,पदतंत्र,सरतंत्र
लविशा , अपटारा,निपटाप,निभाटारा
अमरता ,उफाए, बफाए,उफाए
जनजीवन ,सांयकेलीन,प्यकालीन,पयकालीन
श्रोताओं , मिर्ने, मिर्ने, मिर्ने
बचाएंगे ,आसाये,आसये,आइयों
यकीनन ,निर्यशिका,मर्देशिका,निर्यशिका
कोण ,सेशक,सेशव,सेशव
बृहस्पतिवार , चीथते,चीरण, चीथते
योगनगरी ,छूटा ,छूटा ,छूरा 
रिझाना , धर्ल,धन्ल, धर्ल
गमला ,लुधिराना,लुभायाना,लुधिराना
