﻿valid,invalid1,invalid2,invalid3
ग्राम ,वाइब्रेशक,वाद्ब्रेशन,वाइब्रेशनी
निहारने ,मस्थापन,विद्थापन,विद्थापन
गौशालाएं , लदाम, लदाम, लदाम
लोहा ,खरीमल,खटपल,खदेमल
लंबाई , गरर, गरर, गरर
मक्के ,पौत्य,पौत्तों,पौखार
अग्निरोधक ,रुकालटें,मकावटें,रुकवटें
वातारण ,कसह,कसह,कसह
बेइमानों ,द्विसर्षीय,द्विवरषीय, प्विवर्षीय
प्रशस्त ,मंडलाकयक्ष,मंडलाध्यवष, प्डलाध्यक्ष
पीए ,सस्मे,सस्मे,रचामे
विद्यापीठ ,शिड़े ,फाड़ ,याड़े 
खाए ,रक्षासूचिर,पक्षासूत्र,रक्षासूचिर
छर्रे ,मेजने,मेजरा, पजर
भूगर्भशास्त्र ,पदम्परा,परक्परा,परम्भरा
निकम्मे ,उत्रवाद,उग्रवाला, प्ग्रवाद
विशेषाधिकार ,गुलपस्ते,गुलददाते,गुलबस्ते
रुसवाई ,कोठे ,कोड़े ,कोठे 
कोऑर्डिनेटर ,हासिने,हासिने,हासिने
वैन ,निंली ,निंली ,बोना 
खोदी ,सष्ट्रदीप,राष्टिरदीप,राष्ट्सदीप
दुर्वेश ,एलोशिरा,एलोवेशी,एलोवेष
जनसरोकार ,उढोरा, कढोरा, कढोरा
तपसी ,उड़ाड़,उखते,उखते
अर्घ्य ,पहुंपथ,परपथ,परिपन
भूलकर ,अदाधिकारीगण,सदाधिकारीगण,पदाधिकारीगत
पिलाओ ,मुंडलों,मुंशिन,मुंशिन
मकसद ,कऊंगा, बऊंगा, बऊंगा
नेत्री , सपमान,अपमानी,अपकन
बुलाए ,घटयात्व,घपयात्रा,घबयात्रा
आभार ,डाक्लेसिस,डायवसिस, अयलेसिस
बनवास ,आत्रिविश्वास,आत्मविश्वाद,आत्मविश्वाही
ज्ञानभूषण ,अनलाषा,अवलाषा,अभिलाया
गवाही ,सनेंगी,पनेंगी,सनेंगी
मातृ ,पमारोह,पमारोह,समाकह
आहृवान , बविल,सिवियों,पविल
सेनाध्यक्ष ,जूझसे,जूझसे,उझने
माथे ,बनवएंगे,बर्वाएंगे,पनवाएंगे
कठिया ,पहुंतावा,पकतावा,पछताओं
बंधे ,महापंचायन,महापंचारत,महापंचायम
गायें ,जहमती,जलमत,जलमत
ओढ़ाई ,धमाकेदारों,समाकेदार,समाकेदार
खपत , दौड़ेंने, दौड़ेंने, दौड़ेंने
समंवयक ,पीड़िने,पीड़िने,पीड़िने
नित , अड़ल्ले,धड़ल्ला,धड़किले
साध्य , कभाव, कभाव,अभायें
आधार ,ऐलाया, ऐजेंन,ऐलाएं
गर्जन ,परलव,पल्लता,पकलव
गूंज ,बोलेता,बोलिता,बोलिता
अमलेश ,मनदेही,पनदेही,तलादेही
कर्मभूमि , बाष, बाष, बाष
बुझने ,खदेब,खदेब,खदेब
तम्बू , बयूसी,उयूसी,कयूसी
प्रखंडकर्मी ,रेललापन,रेजिलाइन,सललाइन
छन्ना ,नेह ,धीक ,सोंक 
मढ़ैया ,भोंसते,भोंसते,भोंसर
घटाना , घोषकर, घोषकर,घोटकती
मंद ,एयलेटिक्स,एथलेताक्स,एथलेटिक्त
सोफा , प्द्धहस्त,सिद्धहसित,सिद्धहसित
जानकर ,चिह्वात,मह्नीत,चिन्नीत
मनाना ,होंल ,फैनी ,फैन 
उत्तरपुस्तिकाएं ,आवाशा,आसाशा,आवाशा
विहंगम ,मतलबंद,बोतर्बंद,सतलबंद
मंगवाए ,ताकतवकों,ताकतरार,ताजितवर
शायरा , उवाब, उवाब,जताब
सुन्दरी ,तबस्याम,तबड़सुम,तबसासुम
विश्व ,बेदरल,उदखल,उदखल
बुलंदशहर ,मटीग्रेड,सेंटाग्रेड,सेंटीग्रेम
मेवा ,भोंक ,घूंक ,घूंक 
कत्ल ,जरोत्साहन,प्रोत्सारिन,प्रोन्साहन
अनियमिताएं , फिल्ने,फिरौने,फिरौने
नाला ,जिराना,जिनफ,जिनफ
श्वेतपत्र ,नगरावक्त,नजरायुक्त,नगरायुम्त
परोक्ष ,पलची,पढ़ाची,उरची
अयोजन ,आनंदिन,आजदित,उनंदित
पर्दाफाश , अयाबाजार,नयायाजार,नयाबानिर
अस्वस्थ्य , दाखिता, दाखिता,दासले
जीए ,संख्यात्कारी,संख्यान्कारी,संख्याधिवारी
अस्ताचल ,भैंजों ,छेजों ,छेजों 
मंगलसूत्र ,पमूली,समूली,मामूहों
मचाते ,कौंती ,कौंती ,पती 
बीती ,निकशालय, अदेशालय,निदेशालता
कोसा ,उड़ाने ,अड़ाने ,अड़ाने 
थपथपा , बक्म,कक्म,पक्म
अंबार , उराहा,दोहहा,दोगुहा
घूमता ,निस्विवाद,निर्विवार,निर्विवासी
उन्नत ,उक्सि,टैक्के,टैक्के
झुक , नाछ, नाछ, नाछ
जागा , सेविने, सेविने, सेविने
सलामी ,जि़ने ,खोखो ,धौने 
दिलवाएंगे ,बिखेबागे,बिखेबागे,पखेरेंगे
महासंग्राम ,अधिवरी,अधिकती,अभिकरी
अष्टांग ,भट्म,भट्म, भगाम
भतेरी ,संकल्पियो,संकल्लत,संवाल्पित
पधारे , महंने, महंने, महंने
भक्तिमय ,उबालकन,पबालकर,उद्लकर
घाटो ,लॉरे ,होरे ,बैरे 
अनुमति ,पैंस ,पूर ,पूर 
प्रतिभाएं , नाणु, नाणु, नाणु
सुविधाए , पलौनी,उलौनी,उलौनी
तिलमिलाए ,कथापथल,कथास्तल,सथास्थल
दर्शनी , बोलए, बोलए,बोतए
लाने ,उरकाश,प्रकाने,प्रेकाश
तराशी ,गोंरी ,पढे़ ,पढे़ 
गुडा ,फर्य, फटज,फर्य
शकरी ,उत्यारों,उलतरों,उत्रारों
सिगार ,नागें,नागें, बगें
पाप , उलारी,दुलाएं,दुकारी
निर्माणाधीन ,बासहाव,बालगांव,बासमव
बिगाड़ ,रवांरी,रवांश,रवांरी
पीढ़ी ,क्षाय, पषय,क्रीय
ड्रॉफ्ट , सन्नीस,उतनीस,उत्नीस
चमकेगी ,चूँता ,गावों ,चूँता 
पैथालोजिस्ट ,पुकारण,पुकावता,पुकारण
कठोरता ,अर्वभूतेषु,पर्वभूतेषु,सर्माभूतेषु
चचेरे ,महरापन,बहुरापन,पहरापन
वसुदेव ,ममेश,मचारे,महीरे
उपनियंत्रक , नाढ़ें, नाढ़ें, नाढ़ें
शिक्षामित्र ,हैरापंप,हैरापंप,सडपंप
रक्तस्त्राव ,अरूणाम,अरूपय,अरूणाओं
स्वर्णजयंती ,सर्शीवाद,सर्शीवाद,आत्शीवाद
रुमाली ,वेष ,डोद ,वेश 
ह्रदय ,भगाकती,भगाबार,भगाएर
नृत्यांगना ,अनुवच्छता,अधिवच्छता,अस्वच्चाता
धराशाई , कधेंगे,पधेंगे, कधेंगे
धिकारी , उलना, उलना, उलना
महँगाई ,छिड़ ,डॉन ,धौंन 
दिमाग , सढ़ना, सढ़ना, सढ़ना
शिक्षाप्रद ,बालावाया,बालावार,मलावास
स्वाबलंबी , उजाक,महीक,महीक
बारुदी ,उयरी, बयरी, बयरी
संजीवनी ,नगएं,उहाएं, कहाएं
परिभाषा ,प्रतिर्लक,जरतिपालक,प्रक्पालक
अणू ,हरयार,हथितिर,हटयार
अटकलबाजी ,तैनाना, तैलीती,तैनाना
प्रवर्तक ,कसूल,कसूल,कसूल
बगलें , सहची,सजाची,सजाची
चकिया ,प्रमाडस्तर,प्रखंडस्तरी,परखंडस्तर
सावधानीपूर्वक ,मुसीबड़ी,मुकबत,मुसीलात
सुलक्खण , अजस्वी, अजस्वी,तेजस्थ
हिस्सा , उड़ार, उड़ार, उड़ार
किस्म ,पसीले,ससीले,रसीर
सेवांए ,दमराम,दहदम,दमराम
दुकानों ,मप्युटर,प्प्युटर,कंसयुटर
भीषण ,गूंजा ,बगे ,खींगे 
पूर्णकालिक , अलकने,उलकने,छलदाने
मजदूरों ,ढ़ेद ,चंगे ,चंकी 
वेतनवृद्धि ,जनसलस्या,सनसमस्या,जनसरस्या
संकरे ,मजयल,पेजराल,पेजराल
तुड़वा ,उलीबॉल,वॉलीमाल,पलीबॉल
सेवाधाम ,आतंभ,आतंगें,आतंभों
शपथ ,कोयधिकारी,प्षाधिकारी,कोषाधिपरी
हित , सन्त्र,पन्त्र,तलात्र
उपभोग ,शिवालते,मवालयों,शिवालता
सेब , प्वप्रभात,जवप्रभात,नवयंरभात
कान्ही , परक्षित,आरस्षित,आरक्षात
निर्धारण , इन्र, इन्र, इन्र
श्वेता ,पाऊं ,धांशा ,इंशा 
बूढ़े ,गुरमाम,गुरमाम,गुरमाम
लगनी ,पुनर्षगरण,पुनर्थीगरण,पुनशजागरण
सन्नाटा ,उञानी,सञानी,ज्वनी
मातवर , अस्करा,मुस्कने,मुस्तारा
सहायताप्राप्त ,विधार्स,विपर्थी,विपर्थी
गीतों ,समांडर,समांडोर,समांडोर
धाराशायी ,पुस्वकालय,पुस्तकारिय,पुस्तरलय
उगले ,पगरिक, अगरिक,नासरिक
नेग ,कंक्रीर,कंपोरीट,मक्रीट
बकरा ,लहचाहाते,लहलहाड़े,लहचाहाते
परमाध्यक्ष ,सेखुशी,सखुई,सेखुशी
आकांक्षा ,आनंदविहाली,आनंदविधार,आनंदर्हार
रचाओ ,पूढ़ा ,गाड़े ,गाड़े 
रेडीमेड ,महानिर्मिणी,महापर्वाणी,महानिर्वासी
बेइज्जती ,ब्रू ,तनों ,शुरू 
गौसेवा ,प्राधानाध्यालक,प्राधानाइयापक,प्राधानाध्यपक
सभाध्यक्ष ,रामर्धार,रामआधान,पमआधार
कारगुजारी ,पपमान,तापमाया,तापमाया
मालिनी ,लघुनालका,लघुनाटियों,ललनाटिका
श्रद्धासुमन ,पढ़ाखा,पलखा,पलखा
दिवस ,पद्यालोचन,पद्मलोडेन,पद्मलोभिन
खाली ,सायंत्ल,सायंकारों,सायंकारी
खुंडे ,सोया ,फूचे ,सोमा 
दाहिनी ,सग्यताएं,योगायताएं,योग्निताएं
प्रतिबिंब ,सम्कर्मो,सद्कर्थ,सद्करमो
पिया ,उस्वीरें,तकवीरें,तस्वीय
महजबीं ,जीलें ,खुलीं ,पूलें 
पेट ,उरबल,उरबल,प्रबड़ी
पढ़ाया , सजारे,बंदिरे,बंधरे
रोया ,विद्धसागर,विशियासागर,विद्यासागढ़
शराबी ,बुर्म,बुद्का,बुर्य
विफल ,मौलिल्ले,मौहकले,सहल्ले
बरातशाला ,जताई ,कताया ,उताया 
तेइस ,इस्ट्ठे,इस्ट्ठे,उक्ट्ठे
नवजीत ,दर्शक्य,दर्वानीय,दर्यनीय
सेवा ,खंडीची,खंजाना,कजाची
रूख ,प्रणयों,प्रणयों, सरणव
बिकता ,रंगेरूट,रंगड़ट,रंगमट
लूटते ,अभिरंरण,अभिकरत,अभिवारण
दबंग ,मच्छाइयां,अच्छेइयां,अच्छेइयां
दुश्मनी , उरकी,सिखाकी,सिखाकी
शर्करा ,उपुर्द,सुपुष्द,सुपुणद
आशानुरूप ,ठेके ,सॉले ,हांले 
संवदेना ,सात ,शांति ,डत 
उलझता ,सुधार ,सुलर ,बअर 
सजाना ,सहान ,जहार ,जहाई 
जवानों ,सुधागी,सुनागी,सुनगी
झाला ,नाखुड़ी, बखुश,नाखुई
यूनिवर्सल ,मालपजारी,मारगुजारी,मानगुजारी
धकेलना ,चमके ,चढ़ाके ,चरके 
उगलता ,न्यायार्र्ति,न्यायात्र्ति,सयायामूर्ति
गुदगुदाते ,भागवताचारिय,भागवताचार्ण,अगवताचार्य
असपताल ,मनोरूम,महनाम,मजरूम
प्रोग्राम ,लंबीकूफी,उबीकूद,लंबीघाद
चने ,दंपना,दंडिति,दंपते
नौकरिया ,प्रह्वर्ष,प्रतिर्र्ष,प्रौतिवर्ष
थर्रा ,उश्ताक,उश्ताक,मुश्रक
मचाए ,जनश्वर,जलश्वर,जनेश्वकों
अगवाई ,हरह्वरूप,हरस्थारूप,हरदवरूप
चित्रकार ,पंडातों, बडितों,पंडियो
एक्सपेंशन ,नवारीय,नगरीरें,नगड़य
मुंडारी ,हॉसे ,खाता ,खाड़ी 
दावत ,परवों,पहवों,कर्वों
तड़पता , बगें,कगें, बगें
नाजुक , पपक, पपक, पपक
डरी , पयोगी,निरागी,निकगी
मृदभांड ,सुधाढीकरण,सुदृढीकलाण,सुधाढीकरण
उथले ,डाडा ,वॉडा ,डाडा 
तबाही ,गुस्छन, सच्छन,गुच्छुन
भुवनेश ,भिजरने,भिजरने, पजवाने
रुपेश ,उहाई,रिसई, पहाई
क्रान्तिकारी ,प्रोशस्ती,प्रक्स्ती, अरशस्ती
चिराग ,जलन्ती,उयन्ती,जयलती
शिशुभवन , बपली,उपते, बपली
गौवंशीय ,जन्सेवक,जनसेवर,जनसुवक
रणजोध ,संवेलिक,पवेदक,संभादक
लकड़ी ,कराराई,कराराई,कतवाई
गिरेगी ,पिकलक,सकनिक,उकनिक
शर्म ,निर्धाभाक,निर्वरक,निर्धान्क
जगराज ,कार्यक्षीमों,कार्यक्ष्मों,पर्यक्रमों
हुंकार ,नमरकार,नमस्काल,प्मस्कार
चपाती , दिवाब, दिवाब, दिवाब
सुहाना ,हारा ,हाथों ,हाता 
फंसी ,अनाले,अकेत,अकेट
लाएगा , बएं, बएं, बएं
निलबिंत ,फांद ,कूक ,फांद 
फूट ,स्वागलम्बन,उवावलम्बन,अवावलम्बन
पटके ,उहैय्या,मुरय्या,मुरय्या
गुण ,राजावाई,उजावास,राजावाने
माफीनामे ,सखकर,चीखकते,चीखड़र
बिखराव ,सहुसंयत,सहुलियता,सहुलुयत
वज्रासन ,चीज ,घंर ,क्र 
