﻿valid,invalid1,invalid2,invalid3
फुलवारी , फूहन,फूटेन,फूटेन
शाखाएं , उटेंगे, उटेंगे,लौटेंट
संश्लेषण ,मंगारों,मंगारों,उत्रों
बलजोत ,बेहफाई,उवफाई,बेसफाई
सीआइएसएफ , बएं, बएं, बएं
आढ़त ,मरिसर,मरिसर,पहुंसर
गोटे ,शिक्षिधिकारी,शिक्षात्कारी,शिक्षाधिवारी
ज्वाला ,दस्तरमावान,दस्तव्ख्वान,दस्मरख्वान
रूई ,सदंड,उदंगी,उड़ाड
मोहरें ,गहजा,गजजा,गजजा
अहितकर ,मौैला ,गोंला ,लाला 
दलीय ,बेताएं,बेताएं,बेताएं
मछुआरे ,बरमाने,बरहने,बरवाने
बेनतीजा ,मोटती,मोर्रें,मोटती
बाँध ,प्रेसनगर,प्रेमनतिर,सरेमनगर
गुजरती ,डगमगान,डगमराने,डगमनाने
बीओपी ,ममाकत,हिमाकते,हितकत
सेंकते , उक्ल, उक्ल, उक्ल
रुखसाना ,पूर्नचन्द्र,पूर्णचन्द्रों,पूर्माचन्द्र
फरार ,वीवीआस्पी,वीवीभईपी,प्वीआईपी
प्रौद्योगिक ,कट्टरस्द,सट्टरवाद,कब्टरवाद
वाचक ,सदना ,सदना ,सदते 
अग्रज ,प्रांगम,प्रांगर,प्लागण
लोकतंत्र ,बैगता,बैगता,बैगते
क्षेत्रान्तर्गत ,ससामी,पसामी,ससामी
शीतलपेय ,क्लिका,क्लियों,क्लिए
स्थाईकरण ,असक्षकों,अधीक्षणा,अधीनषकों
दर्शक , सतार्थ,हिदार्थ,हितावथ
घुमाने ,पकरुपता,मकरुपता,एकरुपति
अनुभूति ,उनियम,विनिहाम,विद्यम
नोंच ,संयरी,संबंमी,कयमी
घटना ,पहारानी,उहारानी,मनरानी
माप ,एटॉमियों,एटॉमिया,एटॉमिया
अभूतपूर्व ,मध्गठबंधन,महासठबंधन,महागध्बंधन
झेलेंगे ,उलझकन,उलझकला,उलझदार
सहर्ष ,अकूओं,अकूओं,पकूत
टेंक ,अइवीआरआइ,आइवीआरधाइ,आइवीआरहइ
कव्वाल ,झंकात,पकृत, बकृत
अपनत्व ,औलिरों,औलारों,औलिरों
डालेंगी ,खरीबों, सरीदी,खरीबों
शाखाध्यक्ष ,पगूठी,अंगूड़े,अंगूड़े
कचरे ,मरंजन,निकजन,निकजन
लड़की ,सर्थफिकेट,सर्टीट्केट,सर्टीट्केट
सम्वत ,कास्तवारी,कास्ताकारी,कास्तव्री
रुखसती ,संजोका,संबंका,संभाका
ऑटोमेशन ,बेखौटे,बेगाफ,बेचाफ
तफ्तीश ,खुशखबन,खुशखण्री,खुशमबरी
ब्रह्माचारिणी ,पपटे,पपटे,लड़टे
पोंछा ,प्रायोगियों,प्रातगिक,प्रायोगिनी
अंडे ,हथियारबाद,हथियानुबंद,पथियारबंद
सजेगी ,नौकता,पकरों,उकरों
सार्वजनिक ,बर्कावे,बरकावे,सहकावे
पीडिता ,शकीरों,शक्ना,ककीना
मैया ,मनोहारों, अनोहारी,उनोहारी
चुन ,भक्र,भक्र,भट्ता
ऊंट , बाभा, बाभा, बाभा
प्रवचनों ,झपया,झड़या,झपया
भाऊ ,पीठाध्यक्षा,पीठाध्यवष,पीठाध्यक्ति
भावविह्वल ,मवंगत, अवंगत,दिवंटत
कराह ,प्रेशाण,प्रेशाण,प्रांषण
बोवाई ,जिज्बासु,जिन्ञासु,जिज्जिसु
आड़े , पबिल, पबिल, पबिल
अंतरिम ,जिलापदाधिगरी,जिलाअदाधिकारी,उलापदाधिकारी
शुक्रिया ,कतंग,पकग,पकग
रूपए ,बैंड्डी,बैंड्डी, बैंड्डों
बॉयो ,हृादी ,शाप ,ढैंदी 
उबलते ,कुशसी,कुर्य, कुचसी
चोंटे , गवाम, गवाम, गवाम
महंथ ,वीनी ,तारा ,हनी 
किरकिरी ,प्रस्ष्ठा,प्रमष्ठा,प्रोतिष्ठा
कर्मचारीगण , अषिद्ध,पषिद्ध,मषिद्ध
मिलता ,प्रास्वीकृत,प्रोस्वीकृत,सरस्वीकृत
शांतिशरण ,पगतेंगे,पगतेंगे,पगतेंगे
कायर ,नेत्यादाता,नेत्रदारों,नेत्रदारों
पदाधिकारियोंको ,उमच,उड़ाच, सवाच
हवलदार ,छापेराओ,मत्राओ,छात्याओ
परमानंद ,मृग ,मृत ,मृत 
चौकाने ,उलिश,पॉलिए,उलिश
स्वर्गीय ,सर्णवासी, अर्णवासी,पूर्वावासी
बेगाने ,छिन्नमशातिके,छिन्द्मस्तिके,छिन्नपूस्तिके
उलटने ,जूबाता,जूलूता,जूझली
बकायदा ,बदौलते, सदौलत,बदौलने
आत्मकल्याण ,ऑरे ,सीरे ,दाेरे 
भौचक ,स्थाफट,स्थाफट,स्वित्ट
इंसाफ ,निबरगी,पबटेगी,निभाटेगी
विराट ,कहरी ,सहने ,कहरे 
कसमें ,छींटी ,धृटी ,घूटी 
काल्पनिक ,मयलटी,रियलना,रियदाटी
कब्जाना ,पिटवाकल,पिपवाकर,पिटवाहर
बफर ,आकसान,आकसान,आकरान
खुराक ,जुर्मानी, अर्माने,जुर्तने
रोड़ा ,सखाना,उखाना, कखाना
मनचाहा ,तनाशाग्रस्त,पनावग्रस्त,तनावग्रहत
रितू ,अनक ,सनने ,बनक 
सुधारी ,चौली ,चौली ,भींका 
हौसला ,राज्पत्र, अजपत्र,राज्पत्र
लहूलुहान ,जेका ,झुठे ,गेका 
दवाएं ,भिगो ,घूड़ा ,भिगो 
उतरवा ,पोंले ,पोंले ,सले 
सम्मानपूर्वक ,पर्वतापूहण,पर्वतारोपिण,पर्यतारोहण
लुटिया ,पछिए,पछिए,सछिए
आरती ,बौद्ला,बौद्ला,बौछाला
एलर्ट ,डाकू ,भूंल ,चिंल 
सम्मलेन ,परिश्यामी,परिश्यामी,परिश्यमी
अनजाने ,दृष्पदोष,दृष्टदोष,दृष्टिदोशों
उपकार्यालय ,चाटुकार्ता,चाटुकाकता,चाटुकालीता
मनुवादी , उचनी, उचनी, उचनी
मरा ,समुमयिक,समुदावक,सम्दायिक
नयनों ,पयागो, बयागो,उयागो
अभिजीत , कनती, कनती, कनती
छोड़ने ,विचारणिका,विचारणिका,विवरवाका
पट्टेदार ,आमवन,आजीवट,आजवन
दाह ,पूजावाह्व,प्र्वाह्व,पूर्वासिव
दण्डनीय , नाढ़े, नाढ़े, नाढ़े
सुधरना , उहाल, उहाल, उहाल
लौकी , कहुँच, कहुँच,पकच
कंपोस्ट , उरही, उरही, उरही
चिन्ता ,पिटाड़ा,पिटड़ा,पिटड़ा
नौजवानों ,संघर्थी,संघवाषो,संवर्षो
सीखकर ,मकलता, अकलता,निकसाता
जीवनस्तर ,सडारकर,भंडारकन,भंडारकता
सरांय ,संरक्रण,संक्क्षण, परक्षण
पढ़ने ,आश्तेर्य,आश्चर्थ,मश्चर्य
अफवाहे ,लाई ,हिगी ,लाज 
संकीर्ण ,सटीदाता,उटीकता,सटीकने
धोखा ,जनसगठन,जनर्गठन,जनसंगरन
पढ़ ,कुरूक्षेत्त,कुरूक्षेपर,कुरूक्रत्र
सिहांचवर ,निखरण,निपरने,निखवाने
खाती ,घला ,डली ,डग 
बायोलाजिकल ,आरोपिण,आश्हण,आरोसण
पुर्जा ,मूंगमली,मूंगकली,मूंगफलों
लालमणी ,दोमंराई,दोहकई,दोस्राई
श्रुति ,दुकानदाता,सकानदार,दुकानबार
संभाले , अखांकन,पखांकन,सखांकन
रुकवाना ,उलयाली,मनयाली,मजयाली
कांपने ,दुहगम,दुर्गना, अर्गम
दहशतगर्द ,विकासरण्ड,विकासरण्ड,विकासरण्ड
अधिशाषी , सढ़ती,उढ़ती,उढ़ती
प्रौद्यौगिकी ,संबंश, संवाश,संबंश
पतंगों ,टोरंरा,टोटिरा,टोरंरा
भौतिकतावादी ,बुढ़ा ,अौरे ,अौरे 
श्रीमान ,चलाकीले,चमकीस,उमकीले
लिफ्टों ,रेंचा ,नोट ,नोचे 
पारसमणि ,फशी ,शीरा ,शील 
जिलापूर्ति ,बंदरहट,बंधीरबांट,बंजारबांट
निर्मला , उहिल, उहिल, उहिल
उतारना ,नरबीम,उरबीर,नरबीती
दोस्ताना ,अधिभावक,अविभागीक,अविभावती
गुनगुनी ,जाती ,जॉगो ,जाचा 
उन्नतीस ,सचेतर,समातक,मचेतक
श्रोत ,ककिता,ककिता,अंगुता
़खुशी , बमेगी,थकगी,समेगी
इजहार ,ऋक ,तुड़ी ,अाक 
शिक्षण , कढ़ाने, कढ़ाने, कढ़ाने
बलगम ,निभादाएं,निर्दाएं,निकादाएं
गिऱफ्तारी ,पछने, कछने,सछने
परायणता ,ठूर ,ठूर ,लार 
अंग्रेज , उलाया, उलाया, उलाया
कूदने ,गुरुजर,गुस्जर,गुज्बार
दिनांक , ललने, ललने, ललने
फंडा ,अर्मिकस्थल,धार्मिकत्थल,धार्मकस्थल
मनभेद ,हथगोश,हथरूला,हथकला
चमचमाते ,मरोधक,निपधक, सरोधक
गंाव ,छीनाहपटी,छीनाझपद,छीनाझपति
जीवनसाथी ,झिलमिजाते,पलमिलाते,झिलगालाते
शत्रु ,समावनों,उमाधानों,उमाधानों
भट्टोवाला ,नहागे,नगगे,पपेंगे
कातर ,सर्वस्श,सम्वनाश,सम्वनाश
शहजादे ,आमझाण, पमरण,आयोरण
जिम्मेदार ,तपोस्तली,तड़स्थली, अपोस्थली
कुंए ,हटीं ,हटा ,गैटो 
पाढ़ा ,मराइंग,उराइंग,सराइंग
किशोरवय ,गुस्रेंगे,गुजारेंस,गुजारेंजी
चौंका ,प्शलवीर,कुशनवीर,कुशनवीर
साहूजी ,व्यातधारी, अरतधारी,व्रस्धारी
बुझाएं ,गुदगुल्ने,गुदगुजाने,गुदगुजाने
मंझले ,अयोग्री, सयोग्य,अनुग्य
आयताकार ,सईदूज,भाईचाज,भाईदूत
माइड ,प्रशस्ट,प्रिशस्ति,परशस्ति
चुटकले ,पर्यताक्षणीय,अर्यवेक्षणीय,पर्भावेक्षणीय
प्रामाणिक ,संस्क्षा,संवक्षा,संरदाषा
ईंट ,सप्रिमी,सरतमी,पप्तमी
कॉज ,छौंल ,शीशे ,लौंल 
घोसले ,आरस्षण,आरक्रण,आरवाषण
अरोरा ,मपकपी,कंपकता,कंडाकपी
पतलून ,पैमारिस,पैमाकस,पैराइस
आचार्य ,जशिष्टजन,विशिष्टजय,विकाष्टजन
संकोच ,कयोंही,सयोंही,सयोंही
बर्दाश्त ,प्यहिन्द,जयहिन्त,जगहिन्द
हटे ,एमड़म,एमकम,समकॉम
मोहल्लेवासी ,आदवाश,आदर्द, पदर्श
लचीला ,स्माजन,स्वजय,पवजन
पाठकों ,सर्यवादी,सत्यवासी,सत्रावादी
ठुकराया ,हॉचा ,सींच ,सींगों 
चमचा ,उतुरता,आतुरण,आजरता
जिलापंचायत , अप्रभात,सुप्लेभात, अप्रभात
बदबूदार ,प्रक्फल,प्रमफल,प्रक्फल
मजबूरियां ,पयाक्रांत,भयाक्रत,प्याक्रांत
गुलधर ,मखराम,सुखवाम,उखराम
खिंचाई , सवजात,नवस्त, सवजात
हांकी ,मांगलर,मांगकती,मांगवार
सबूत ,सनगणना,जनगबाना,जनसंणना
अनन्य , भट्ने, भट्ने, भट्ने
दशमलव ,मभिनंदन,सभिनंदन,अभिरंदन
विशिष्टता ,ठनी ,टीनी ,आधे 
पेटी ,बारिये,बावश,बावश
हॉस्पिटेलिटी ,ससम्बन,मसम्मान,पसम्मान
चितवन ,व्यानी,व्यानी,व्रस
शर्ट ,एफएगा,एक्एल,एफनल
सांढ ,विद्पण,मरूपण,विरूपर
निरुपम ,जुल्फेयर,जुल्फेयर,जुल्फेयर
चाल ,कालायशील,कार्यवाल,कार्यमिल
सुवर्णा ,कैरिबुक,कैमिबुक,कैरोबुक
राष्ट्रपति ,उलीकाम,टेलीकाने,टेलीकारों
उमेश , उक्ल, उक्ल, उक्ल
कपड़ा ,कर्कती,उर्कश,कर्तश
पत्रांक ,पकवरी,रिकवत,रिकवत
जमुनापार ,शेषरग, अषनाग, अषनाग
संतोषप्रद ,हजूस,सजूरी,हलरी
मही ,पुनतत्वविद,पुरातत्मविद,पुरातत्तविद
संसारी , उहानी, उहानी, उहानी
भिक्षुक ,ढाल ,शीह ,ढाल 
कंडाघाट ,सट्ठाबाजी, अट्टेबाजी,सट्टेबिजी
नेकदिल ,छत्की,छल्की,छत्की
बारदाने ,टिफिता,टिफिता, ककता
पहुंचेगा ,नहामा,पगमा, कगमा
वनवासी ,प्रोस्यक्टस,प्रोस्पेक्षिस,प्रोस्यक्टस
विवाहिताओं , जुल्ना, जुल्ना, जुल्ना
भुवी ,उशहित,देशर्त,देवीहित
जागेंगे ,उलसंड,बेलकड,बेलवाड
कविशर ,उपनिवास्थ्य,उपरावास्थ्य, प्पस्वास्थ्य
तकलीफदेह , उहता, उहता, उहता
गोर ,पैत्ईश,पैमाईयों,समाईश
तरकीब ,उराम्य,ग्राकय,ग्राकय
मनोरंजनकर ,असलते,पसलहों,अनलहों
दुधमुंहे ,सकघर,मकघर,डाकघट
अंगीठी ,मलवाया,सलवाया,मिठावाया
मनचले ,घटनाथ,घबनायें,घटवायें
सुबेदार ,पहन्थ,महन्ट,मनोन्थ
सरना ,खरीकाना,खटकाओं,खटवाना
काबीना ,मनवाहे,मजचाहे,मजचाहे
गतिविधि ,ईटनदार,ईमायोदार,ईसानदार
मुख्यायुक्त ,जानो ,जालों ,ढैग 
टेढ़ी ,अभिम्भव,अधिम्भव,अभिम्भव
मनकी ,करत्मक,कलाहमक,मलात्मक
सच्चाई ,छति ,जांति ,जांति 
तहस ,क्रियानुमक,क्रियात्मणि,क्रियात्मय
आजमाइश ,सफेरी,सफेरी,कफेदी
उमड़ा ,सलोपैथिक,ऐलोलीथिक,ऐशोपैथिक
प्रवेश ,सुधसान,सुनसाना,सुनपन
