﻿valid,invalid1,invalid2,invalid3
बेजुबानों , अहाभोज,महाड़िज,मजभोज
विधायकों ,योगाड़यास,सगाभ्यास,योजभ्यास
साली ,विनियोमाण,विनिश्माण,विनिर्थिण
बाटेंगे ,आरोपीडण,आरोपीडण,आरोपीडण
सेतु ,मूत्यलय,मूत्रालक,मूत्रालक
लुटाई ,हटेरे,हवागा, हटागा
पूंजीनिवेश ,मद्गम,उद्गर,उन्गम
दात्री ,अपतिकता,अनैतिनिता,अनैतियाता
नोंक ,बगालती,बगाकती,बगालती
विक्षत ,भूड़ा ,गोना ,रोना 
सुनंदा ,कहरा ,कहरा ,पहर 
दीदी ,कषधि,औषकों,औरधि
भभूती ,पकची,पकची,उर्ची
बर्तनों , नन्रा, नन्रा, नन्रा
नैनो , बमीन,पमीन,पमीन
छलक ,सहपादियों,पहपाठियों,सहपालयों
देशराज , तपज,तड़ज,तर्य
मुख्यरूप ,उटीकोट,पेशेकोट,पेटीकोले
चिंदी ,अहामृत्युंजय,महाप्त्युंजय,मध्मृत्युंजय
दुस्साहसी ,रोबोटिवस,रोबोटिक्तों, अबोटिक्स
विघटनकारी ,फेरिड़े,कफड़े,उफड़े
जूझे , महंर, महंर, महंर
शाहिदा ,झुंकी ,जि़की ,जि़की 
मजनूं ,ब्रह्मज्जीन,उरह्मज्ञान,ब्रमामज्ञान
दमन ,परकिरा,परकिरा,किरहरा
गूंजती , पयंकर,भयंत्र,भयंकते
पिपरी ,फखी ,हीखी ,शाखी 
आओगे ,सहर ,उवार ,सजार 
चिंतक ,मूल ,मूल ,तीखी 
ब्रह्मस्वरूप ,समताहव्यापी,सप्ताहभायापी,सत्ताहव्यापी
इच्छुक ,किश्ने ,उराने ,किसाने 
मौसेरे ,कुशवन्त,कुशवन्त,मलवन्त
पालन ,ड्रायोबाजी,मरामेबाजी,ड्राचाबाजी
बचकाना ,आइयों,सइए,उइए
झूली ,पिघट,उघल, कघल
जिता ,योजवाओं,उजनाओं,मजनाओं
हंसमुख ,सजामा,सजामा,सजामा
हथकंडा ,चंद्रदाक,चंद्धलोक,प्द्रलोक
दही ,बरदाश्य,बरतिश्त,बरदाश्य
मैगी , बठके,ठिकाके,ठिठुके
आयेगी ,विकेटरपर,विकेटकीपद,सकेटकीपर
दुर्नीति ,निष्माणदायी,निर्माणलयी,निर्मानदायी
प्रतिनियोजित ,गृहकार्थ,महकार्य,गृहरर्य
विडम्बना ,व्यवसाथाओं,सयवस्थाओं,पयवस्थाओं
माकूल ,उजरेगी,गुरुरेगी,पजरेगी
रसायन ,धब्र,धन्बे,धर्बे
रसदार ,मीटते, मीडिर,मीटते
हटाएंगे ,फार्नी,कगुनी,फार्नी
बूंदें ,सांय ,लेासे ,झीसे 
जमाखोर , सानीं, सानीं, सानीं
सबेर ,यूएगी,यूकेस,यूएगी
टयूमर , बकुंदी,मुक्दी,सकुंदी
पिलानी , नाझा, नाझा, नाझा
धुंआधार ,प्लाभात,प्रभाषी,मरभात
दिखना ,ललाएं, लड़ट,ललाएं
कलंक ,रहनेवार,महनेवाला,रक्नेवाला
भिडंत ,करुचि,कपणा,करुखी
शुलभ ,मरगिज,हरमाज,परगिज
संप्रदायिकता ,सशरीय,सशरार,समारीर
डरकर ,सन्द्रीय,केन्मरीय, अन्द्रीय
समझे ,सचाएं,उचाएं,उचाएं
समावेशी ,उड़काव,छिड़कारी,छिड़काओं
घूमंतू ,बख्तरबाद,बख्तरवाद,बख्तरवाद
श्वांस , बझायी,बुद्यी,बुर्यी
पेशकारी ,धौंसे ,भैंसा ,धौंसे 
केंद्रित , पिल्हे, पिल्हे, पिल्हे
उल्लास ,क्रोह, उरोधी,क्रेधी
गौरक्षा ,उविधायें,सुविधाम,मविधायें
चमत्कारिक , महंने, महंने, महंने
धाम ,मोक्षदालनी,मोक्रदायिनी,मोक्षत्यिनी
विमानों , अतव्य,पतव्य,गंतरय
बाबू ,करार ,बमर ,कमती 
भंिट्टयां , छिनवार, छिनवार,छिनपर
क्षेत्रवाद ,तटा ,लुटे ,लुटी 
करनी ,प्रक्सापत्र,प्रशंसापत्वों,प्रशंसापत्री
पूर्वक ,फूलवाग,फूलदाग,फूलदाग
सभ्यता ,बनमुखी,बदमुखी,बर्मुखी
नोकझोक ,अपूर्थ,अपूरति,पपूर्ति
बिठाना , ककता,फेंकेता, ककता
समलैंगिकता ,उत्साहजनल,उत्साहजयंक,सत्साहजनक
स्टोप ,अभियांयक्ति,अभियांयक्ति,अभिव्यक्ष
सराज ,सनकभवन, प्नकभवन,कनसंभवन
कत्तई ,मुर्यघर,मुर्दायिर,मुर्यघर
तमाचे ,पवायें,हलयें,कवायें
कबूला ,हीड ,लेतीं ,लेते 
माननीयों , उहाना,मुक्ना, उहाना
उदघोषक ,जलप्लाइन,जलप्लेवन,जबप्लावन
सर्ट ,किचकियां,किचलच,किचकियां
कूड़ाघर ,भेजेंन,भेदर, भेड़िन
अपाहिज ,चुलबुद,चुलझल,चुलवाल
बासठ ,मारेंस, बरेंगे, बरेंगे
समझौते ,मुक्यपथ,मुसयपथ,मुसयपथ
बहक ,घूसलिर,घूमखोर,घूरेखोर
संदर्भदाता , चक्त, चक्त, चक्त
सताते ,सर्वरज,सर्याराज, अर्वराज
दांपत्य ,विश्रिस,विश्वाई,विपवास
छुपाकर , बमदा, बमदा,आसदा
लगवाने ,झोर ,चिढ़ ,रौंर 
परीचौक ,कटने ,कराना ,कटता 
लेखकों ,औषणों,औरध,औलाध
रोते ,पशुल्न,पशुबान,पहधन
मूर्धन्य ,अम्पादिर,असपायर,अम्रयर
प्रश्नचिह्न ,मरसाया,बरमाया,उरसाया
लोकों ,अर्धशमक,अर्धबितक, प्र्धशतक
रतवार ,अभियंत्रत,अवयंत्रण,अभियंत्तण
बिखर , पहमी,सजामी, पहमी
जशन ,कतत्,समात्, बतत्
अखरती , बपे, बपे, बपे
सहस्त्रधारा ,तिमाया,तिगुही,पमाही
नाबार्ड ,नेमप्रट,नेमप्लेख,नेमप्रीट
जलवाए ,समतरंगी,मप्तरंगी,सप्तरंभ
जलस्तर ,काफी ,काफी ,धुला 
पशुचारा ,आधिष्रियों,आधिकारिया,आधिकारिया
गगनचुंबी ,त्के ,त्के ,चाँके 
विद्यार्थी ,मर्वोच्च,सर्वोपच,सर्वोतच
गले ,फटी ,छाड़ ,छाड़ 
जांचोपरांत ,जिम्मेदारार,जिम्पदाराना,जिम्मेदाराज
जोता ,चममा,चढ़ामा, पकमा
चिकित्साधिकारी ,उगीने,नगीचों,नगीलो
स्कैनिंग , सढ़ाव,उढ़ाव,उढ़ाव
वास्तु ,जेड़ी ,छिन ,छिल 
वर्णी ,परिपराएं,पर्पराएं,परंपयोएं
कतारें ,लॉलीमाप,लॉलीथिप,मलीपॉप
खंभा ,आमसीमा,आयुसीलों, अयुसीमा
ताल ,प्रेमटेशन,जरेजेंटेशन,सरेजेंटेशन
आलिंगन ,पहुंयन,पलाकन,पलाशन
लौह ,यादररी,यादगाई,यादकरी
भ्रमणशील ,संचते,संचते,संबंय
निकलवा ,साक्धानी,मवधानी,मवधानी
काया ,आक्मदेव,आर्मदेव,आत्मर्व
दुखद ,मुरतैद,मुकतैद,मुरतैद
प्रसादी ,ट्रती,ट्रण,ट्रती
पत्तन , उलाने, उलाने, उलाने
आरयूबी ,प्रेधानमन्त्री,प्रतिनमन्त्री,प्रधानीमन्त्री
खटखट ,रंगारते,रंगारती,रंगेरग
लटकती ,गान ,गान ,सूंजे 
संर्पक ,बेचासी,उबसी,उबसी
कीक ,प्रेक्शण,प्रेक्शण,परेक्षण
डूबती ,धानते,धानते, धातुक
ताई ,प्रसमिनता,प्रतिन्नता,जरसन्नता
मनोविज्ञान ,साहिबददे,साहिष्जादे,साहिबजाम
पशुगणना , बदाजे,अंगाजे,अंगाजे
सताती ,नजद्र,नजद्र,नवाद्र
दुष्ट ,बहरारी,बहनारी,बहरारी
बूंदाबादी , तड़न, तड़न, तड़न
लाभदायक ,उढ़नी, सढ़नी,ओणनी
सजती ,गूंजेता,पजता,पजता
टंकण , पर्जन,दुर्वन,दुल्जन
एजेन्ट , कगद,नगाद,उगद
तल्ख ,शिवायर,शिवायर,शिवायर
वादा ,लानेवाने,पनेवाले,लालवाले
अलताफ , अत्रकार, अत्रकार,पर्रकार
ढाल ,पषितों,शोषियों,कषितों
विरोधी ,मदवाए,खुदगाए,खुदगाए
अंतरिक्ष , गर्ला, गर्ला, गर्ला
कम्युनिटी ,लड़ाटा,लड़टा,लड़टा
मुख्तियार ,लिखकएं,लिखरएं, अखवाएं
चौकन्नी ,रिफनग, अफलिंग,रिफवाग
पंडा ,पबर्रुक,तबसारुक,मबर्रुक
आत्मघाती ,इकट्स,इमाट्ठे,इकट्री
उखडे़ , अनस्वी,महस्वी,मनवावी
प्रेमदास ,हवाहिर,हवारर,मवादार
मतपत्र ,मोटी ,भिल ,मोली 
तरासने ,भेड़ों ,दाजे ,भेड़ 
एजेण्ट ,पारंतोषिक,मरितोषिक,पारिचाषिक
निजता , छिपर, छिपर, छिपर
प्रेम ,संस्दनशीलता,संवेचनशीलता,संस्दनशीलता
विकाउ ,उराश,उराश, सराश
उतारेंगे ,उस्तम,रुपतम,रुकतम
परमात्मा ,उपमहामंत्रों,पपमहामंत्री,उपचाहामंत्री
लंगोट ,उढ़ायेंगे,बरयेंगे,बढ़ायेंदु
पिसाने ,काम ,औैबू ,काज 
बहुमूल्य ,पिटते ,पिरोती ,पिटते 
बरसे ,प्क्तदानी,रक्तवानी,रक्तरानी
घिमाणा ,त्रेही,त्राया,त्राना
कम्युनिष्ट ,यज्रमंडप,यज्ञामंडप,यज्ञमंत्प
हासिल ,लावण्डों,मवण्य, अवण्य
महारत्न ,गुरुत्रकर्षण,गुरुत्रांकर्षण,गुरुत्रकर्षण
विशद ,ईटटदेव,मष्टदेव,ईष्पादेव
दानवीर ,पिसष,उयुष,पिलाष
सरमाया , बाष, बाष, बाष
पराये ,महखनी,पक्खनी,मक्षनी
सूखा ,गजमाज,मजराज,गजराते
भूंजा ,प्र्वाचक,निर्वाकक,निर्वाएक
ढिलाई ,उढ़त, सढ़त,उढ़त
अनुजाति ,खेलेंना,खेलेंना,खेलेंना
सन्यास ,मिसाने, मिर्ल, मिर्ल
परिवहन ,टहराती, अहलती,टकलती
युवाओं ,मरवरण,प्रेवरण,प्रवधाण
गुजरे ,अजीरे,अजीरे, पजीब
वणई ,सर्वाइकश,सर्वार्कल,अर्वाइकल
हस्ताक्षरित ,मंगलकयी,मंदलमयी,मंगलमता
छूटेगी ,उथलीट, सथलीट,एलोलीट
जिजीविषा ,श्रपद,श्रीवाद,श्रीदद
सौभाग्य ,लट्ठमानों,लट्टिमार,लट्टेमार
खपा ,बेचनेवासी,बेचनेवार,बेचनेवाद
बताईं ,भांति ,नाजी ,ठंजी 
बौखलाए ,विवादरपद,विशिदस्पद,विवानिस्पद
कमाओ ,पुफ ,यूफ ,खौल 
अटकाने ,सांकेदाक,सांकेलक,सकेतिक
पुर्जी ,शिकाया, शिष्रा,शिकाना
उतारा ,चमती,चमती, पमके
स्वशासन ,ब्वॉयलन,ब्वॉयलयों,ब्वॉयमार
भगीना ,झपपी,झटपी,झपपी
ढहाया ,सलरव,कलरती,करारव
दूरदर्शिता , पथड़े, पथड़े, पथड़े
लदा ,महलौत,गहकत, अहलौत
गर्भवतियों ,उराटा,उराटा,कसटा
ओलावृष्टिं ,डॉला ,थैला ,डॉला 
पदयात्रा ,पंहुतंत्र,पंचनात्र,प्चतंत्र
नकदीकरण , ससैनिक,असैनित,अननिक
तीतर ,जनर्गरण,जनजागठण, प्नजागरण
बिखेरता , परीब,जताब,जताब
पेकिंग ,सहाड़िग,सहाड़िग,सहारग
बाइस , अद्यता,वैद्धिता,पद्यता
अंदरूनी ,मर्यावधि,कार्ववधि,कार्यावती
बहन ,गोले ,लूंता ,गोद 
रस्मी ,असरकार्क, प्सरकारक,ससरकारक
भ्रम ,यज्ञोपत्त, प्ज्ञोपवित,सज्ञोपवित
खोलेगा ,उलपन,उन्पन,उत्रान
भूले ,हाईजीत,मईजीन,हाईजीव
बहुउद्देशीय ,छानकी,छाएने,छाएने
दिनचर्या ,हटाया ,हटते ,हमते 
वितरणी ,न्योयाधीशों,न्यौयाधीशों,न्यायालशों
बंबे ,उटक ,खर्क ,उटक 
सांयकाल ,निर्दयर,निर्वायता,निर्दलिता
अभिवादन ,सभाएर,सभावर, अभागार
परमादित्य ,कंगते,कंगते, कंबना
सस्ता ,लोटरिट,लोटकाट,लोटपोती
ट्रेनें , बधवी,साहिवी,उधवी
द्विज ,पर्यवेक्टका,पर्यस्क्षिका,पर्यवेक्षितों
रहेगें ,आनंर्वाद,आशिष्वाद, प्शिर्वाद
पढ़ेगी ,राजायन,रामयन,उमायन
नीलामपत्र ,हटाया ,उटाना ,उटाना 
कुत्ता ,उशीय,वंशीश,वंशीष
काशी ,छूकती,छूकती,छूकती
आईजीएमसी ,भगोकी, भगाकी,भट्की
कर्मठ ,हेतू ,हेर ,हेड़ी 
मिलनसार ,सौम्हें,सौम्हें,सौगाय
खराश ,अपतरी,अख्यरी, सख्तरी
मटकी ,उज्ज्वकों,उज्ज्वती,प्ज्ज्वल
भेजना ,झुधे ,झुधे ,कंधा 
दहाई ,दारू ,ढ़ोन ,धोन 
सायंकालीन , उमना, उमना,साड़िना
देनदार , प्कासात्मक,वित्सात्मक,पकासात्मक
जना ,अधिवरी,अधिवरी,अधिकाने
योगा ,पूछी ,दूंती ,पूस 
धूरी ,पहानुभूति,सम्नुभूति,प्हानुभूति
कर्माध्यक्ष ,गिड़फ्तार,प्ऱफ्तार,मऱफ्तार
संघचालक , सचती, सचती,उचती
