﻿valid,invalid1,invalid2,invalid3
आध्यात्म ,झड़ी ,झडों ,मौडी 
मट्ठा ,कंपरपाती, अपकपाती,कंपकपार
सब्जबाग ,साधारते,साधारने,साहूरण
बुद्धिमता ,रेल ,रेल ,लुती 
सर्प ,उनुशंसा,अनुवासा,अपशंसा
हृदयाघात , कचाया,सचाया,सचाया
खरास ,जन्द्पत्री,जन्मपक्री,जन्मपतिरी
भूमिका ,आतन,आतरा,आतन
कनफेडरेशन ,नकाबन्श,नर्बपोश,नशाबपोश
निभानी ,जुड़किने,मड़वाने,जुलवाने
मोची ,पर्झर,निर्झती,निर्मिर
दुत्कार ,पलदे, उरदे,पहदे
काका ,पकम्मेपन,नित्म्मेपन,निकम्मेपति
ब्रह्मर्षि ,आर्ववचन,आर्मावचन,आर्शीवलिन
रसीदों ,चालात,चादत, पहत
रूखी ,घेंट ,घेंट ,डांटा 
कांपे ,कनीं,कनीं, सानीं
आठवें ,पक्षिणपंथी,दहेषिणपंथी,दक्षिणांपंथी
दंडवती ,उद्पादनरत,उत्पारनरत,उपपादनरत
बदनीयती ,अपनाधिक,अधिराधिक,अपरालक
पाई ,कार्मयोजना,कार्थयोजना,कार्ययोलोना
पलटते ,बाध्वंता,बारायता,बाध्वंता
गंवा ,पलझाया,उलझया,उन्झाया
कष्टकारी ,परोसभा,उरोसते,मरोसते
बुन्देलखंड ,मर्किक,तार्शाक,तार्कियों
शेरों ,चटती,चटती, चटता
शराबबंदी ,गुल्हक,गुरुलक, अल्लक
कट्टा ,मफिक्र,सफिक्र,बेफिक्षी
डायन ,पदगार,पदवाई,पदर्र
अनुभवहीन ,झीशी ,डिशी ,पोठा 
निष्प्रभावी , बपे, बपे, बपे
नासूर ,पूजारठ,पूजापात,पूजापास
हमलावार ,पुष्णों,सराणों,उराणों
शरफराज ,उपूर्द,मपूर्द,सुपूजद
ताता ,पैंसिक,पैंतल,उसिल
बिलखती ,पआएं,दुबएं,पआएं
मोटरसाइकिलें ,बीड़ ,झासे ,झासे 
सूदखोर ,टहनाते,टपलते,टरलते
डाइविंग ,बलीं, सालीं, सालीं
ध्यान ,बोए ,सोफा ,भोए 
पिलवाएं ,उमिषा,उमिषा,कमिषा
संस्कृतिकर्मी ,इकहास,इकहास,इकहास
नरमी , सनून,उनून,उनून
उपयुक्त ,रामचस्त्र,पमचरित्र,रामचस्त्र
उपासना , पहाने,नगने, पहाने
चुराए ,स्थानांतवाण,स्थानांतरीण,स्थानांतवाण
रश्मि ,बेकाया,बेकाया, बेतुरी
प्रेत ,गांगे ,मिगे ,झेंगे 
सताएगा ,गिलाया,गिनस,गिलाया
गलियारे ,पकचिमी,पहचिमी,पकचिमी
असभ्य ,इंद्रजीवों,इंद्रजीव,मद्रजीत
बढ़ाएं ,उचना ,बेंचन ,उचना 
खड़ा ,जैनेंद्य,जैकेद्र,जैकेद्र
समता , महंन, महंन, महंन
संयोग ,योल ,भुल ,टील 
डटे ,आर्र्ती,आश्र्ती,आवर्द
श्रीराधा ,पहगा,मंडगा,मंजिगा
गर्भाश्य ,मंत्रोच्चारी,जत्रोच्चार,मंडरोच्चार
टेलीफोन , संजोरा, संजोरा,संबंरा
अभिरंजन ,मालाकाने,मालाकारी,उलाकार
शनिवार ,असले ,असर ,असना 
ढूंढी , कुनाया, कुनाया, कुनाया
बंटवाने ,शिक्षाधित्री,शिक्षामंगरी,शिक्षारोत्री
दुधमुही ,कलातव्य,कर्तराय,कर्तवाय
नौसेना ,मंजिषा,मंजिषा,मंजिषा
संट्टेबाजी ,विरहत,विरहत,मरक्त
मुस्तकबिल ,टेल ,टल ,खोल 
भूतेश्वर , नाढ़ो, नाढ़ो, नाढ़ो
नन्हीं ,चहलकरमी,चहलकदन,चहलब्दमी
नैन ,मत्तफाक,प्त्तफाक,इत्राफाक
जागरूकता ,तिरंछी,तिरंछी,तिरंछी
सिद्धान्त ,गजजी, उरजी, उरजी
सेविकाएं ,पदंडता, अदंडता,सदंडता
गुजरा , सर्ता, सर्ता,कुशता
शिष्या , सधरता,पधरता,सुधवाता
जागी ,मकीदारी,चौकीटारी,चौपादारी
आग्नेय , अटखटाया,खस्खटाया,खरीखटाया
कहतें ,पड़ते ,पहता ,कड़ता 
मिलाकर , उरियो,बोतयो, उरियो
चटपटी ,इंल ,मैंल ,दांल 
मलते ,पन्दा,पहत, उन्त
ढांचा ,तलासीलों,तहलालों,तहसीय
पलकों ,चारातत्ती,चारापत्र,मरापत्ती
आंदोलनरत ,इमर्षसी,समर्जेंसी,इमर्षसी
सर्वकल्याण ,नांलु ,तारा ,चाँलु 
गरजेगा ,अखाखा,सनोखा,पनोखा
विलम्बित ,मोटरणाइकिल,पटरसाइकिल,मोटरसाइज्ल
बजा ,तूदु ,खीदु ,खीदु 
हकदार ,स्नेगी,स्थिह,स्नेश
खिली ,डई ,बांज ,बांज 
अनुशंसित ,दिग ,दिग ,जॉग 
जलचर ,भरागी,उरेंगी,भरागी
उग्रवादी , सिखाम, सिखाम,सिक्म
अवसादग्रस्त ,फजे ,छेजे ,गूंगी 
तत्पर ,खाद्याना,खाद्रन,खाद्रिन
बुवाई ,निर्क्षकों,निरीदषकों,निरीक्षाकों
मासूम ,गुरुमंजिर,गुरुमंत्री,गुरुमंजिर
शाही ,पौधें ,पौधें ,जिंध 
सजने ,विद्याध्केतन,विद्यानियुतन,विद्योनिकेतन
अखबारी ,बोड़ी ,शैंरा ,योरा 
डालें ,पत्तका,पहुंरिका,पररिका
दिखा ,मीठी ,चुंट ,चुंट 
सुनाएगा ,सपकरण,उत्करण,उत्करण
अभ्यर्थिता ,प्डोस्कोपी,एंडोस्तपी,एंडोस्तपी
दौड़ेगी ,गोलीबॉरी, अलीबारी,उलीबारी
बेचना ,कडि़ता,पडि़ता,कडि़ता
दिलेर ,राखी ,थाज ,रातें 
सप्ताहिक , बरूचि,सुरूष,परूचि
ट्रासपोर्ट ,सविदाकार, अविदाकार,संविदायिर
सोएगा ,ठेल ,ठेले ,ठेलों 
ट्रांसर्फामर , सणक,उणक,उणक
बांटेगी ,पुत्रवाती,पुष्रवती,पुत्तावती
छोर ,सौंपेश, बपेगा,पपेगा
गहरा ,जुटगा,जुटेरों,जुटेरे
बूझा ,छोने ,गुदा ,गुरू 
जांचकर्ता ,पक्तसराय,जक्कीसराय,पक्तसराय
अपभ्रंश ,सलनेवाली,मिलगावाली,मिलनेत्ली
छुटभैया ,मूंल ,मूंल ,डल 
बहारा ,कर्ष्ठ,मनिष्ठ,कनिष्य
उदे्श्य ,स्वंनीयवासी,स्थानीशिवासी,अथानीयवासी
जिदंगी ,क्यूरेसिंर,क्रांरेटर,क्यूमोटर
सजातीय ,न्यौयहित,मयायहित,न्यायहिम
घोंपा ,निर्वाग्त्सव,निर्वाणोत्मव,निर्वाणोत्सक
महालेखा ,बतीं, सातीं,बतीं
गहराने ,खुदहाल,सशहाल,खुराहाल
कुख्यात , नाहों, नाहों, नाहों
धानिक ,व्याररिक,व्यापात्क,व्यायारिक
रोपित ,फुस्री,कफेरी,फुलरी
कैसेट ,सहलताएं,समलताएं,सफलकएं
खुशहाली ,दमा ,जैगा ,दवा 
फौजदारी ,समस्वधि,सर्यावधि, अमयावधि
अनसुलझे ,कुलवाति,कुलकति,पलपति
सभाराज , उजाई, उजाई, उजाई
सताना , पाचते, पाचते, पाचते
प्रदर्शनों ,मभिषेक,मभिषेक,अभिषेप
टकराया ,अनुलोमा,अनुलोमा,अनुयाम
वैभवशाली ,समकाएं,समड़एं,ममझाएं
मूरत , अप्यूटराइजेशन, अप्यूटराइजेशन,उप्यूटराइजेशन
लूटे ,जोड़ी ,जोड़ो ,जोर 
खेलेगा ,मर्कहीन,पर्कहीन,तर्कहीनों
छात्रसभा ,व्यायर,व्यापाल,सयापार
रागों ,सहरानी,सहरानी,सहरानी
छुटा ,अधिकठान,सधिष्ठान,अभिष्ठान
लौटीं ,शख्सियता,शर्सियत, अख्सियत
मुलाकातें ,फोटोयुक्ति,मटोयुक्त,फोटोयुद्त
कवियत्री ,कलामकश,कशमगाश,कर्मकश
मिलाने ,चलातों,चमतों,चरतों
मरना ,उकीकत,पकीकत,हकीकता
रौद्र ,शुलां ,फना ,गुलां 
महफिलें ,बरएगा,उढ़ाएगा,बढ़ायेंगा
सिधेश्वर ,तकदीदा,तरदीर,उकदीर
परिनियम ,वास्तकला,वास्तुकन,वास्तुकन
पालेंगे ,रूखे ,कौंठे ,रूक 
हैरानी ,मुट्ठाभर, अट्ठीभर,मुट्ठीभन
पहना , पशिक,उशिक,आंशिश
मध्यस्तता ,नाजीं,नाजीं, बाजीं
तैसा ,जिंखा ,डोंखा ,हेखा 
श्वेतांक ,शीर्म,शीर्म, उशम
सुला ,नगवाय,नगलय,पगण्य
भौंरा ,दुश्चंद,दुलीबॉद,दुहचंद
लीलो ,इकसाती,इन्लौती,सकलौती
शर्मनाक ,केंद्धिय,केंद्यय,केंद्रीले
जुट ,नापकता,मपकर,नापनार
ढही ,कराजाई,उब्जाई, अब्जाई
गईं ,हवाजा,हवाजा, हटाजा
हार्डवेयर ,राजाता,राब्बे,राज्ता
सुलझाते ,पपटें,लपने,लड़ाटें
कोचिंग ,मानकाकी,मानककी, अनविकी
ढूढ़ने ,बांसों ,बांज ,पाँयी 
चुकाई ,इचाएज,इचार्थी,उचार्ज
जोगन ,पुनर्वासना,पुनर्वासल,पुनर्वासिन
सर्वोत्कृष्ट ,विसते, ससरा, ससरा
संस्थानों ,साक्तर,सामांतरी,साहूतर
पुनस्र्थापन ,नगाब,पसीब,ससीब
पदोन्नत ,मत्यता,सत्राता,सत्रिता
भोगना ,धर्माध्यवाष,सर्माध्यक्ष,धर्माध्यक्ति
सुरजन ,जायकारी, पनकारी,जानकाओं
भागता ,जमानतदायी,जन्नतदार,जमानशीदार
कोश ,प्वजागृति,नजजागृति,नजजागृति
चिकित्साधीक्षक ,उसेड़ा, पसेड़ा,बताड़ा
छिटका ,जूसए,जूलूए,जूबाने
बंदरगाहों ,चिया ,सात ,भूया 
टालनी ,कओगी,सओगी,उओगी
सर्वश्रेष्ठ ,सरिशूल,त्रुशूल,त्रियल
हीनता ,मबसाइट,वेबसूइट,वेबसूइट
सीखेंगे ,नुस्ला,पकीला,नुस्ला
मानक ,उपमहानिर्शक,उपमनिनिदेशक,उपश्हानिदेशक
ठहरती ,साहिमायकार,साहिलायकार,साहित्यक्र
बहुरूपिया ,सुसंनेवाला,सुनसंवाला,सुसनेवाला
लांघी ,मुड़े ,नोनी ,ढ़ांनी 
ईश्वरी ,नातेदानों,नापदार,नामांदार
आरएमएल ,भूची ,फीची ,फैची 
विनती ,प्रकन, मरधान,प्लाधान
समझेगी ,पंक्कृत,पंजीवात,पंजीवात
मरती ,गॉड़ा ,डैड़ा ,टेपों 
संगोष्ठी ,हलते ,हरक ,हलना 
चढ़ेगी , पजायन,डिजायता,डिवीयन
हटवाकर ,भरो ,चैरीं ,चैरीं 
आतुर ,उदगाम,उदवाम,उदगति
हरिदर्शन , अरेवाला,हीरेवाना,सरेवाला
दशहरे , कखते,सूफिते,सूत्ते
रफू ,सॉक ,संक ,कूंक 
नीलामी ,एलजूट,पकजूट, अकजूट
सूंघने ,प्रस्डल,प्रमंजिल,प्रमंडर
पंचतत्व ,डेड़े ,खतों ,खतों 
आईकॉन ,जेवस्त,जेवराना,जेवराने
केंद्राध्यक्ष ,असाक्षकों,अभिक्षर,असावषर
चिल्लाना ,कुंदते, कुंवान,कुंदते
अस्वीकार्य ,पर्मवरण,पर्यावरकों,पत्यावरण
महाकाल ,सिखाट, बमट, बमट
हारमोनियम ,अपयात्म,अध्यात्री,अधियात्म
व्यथित ,बनायटी,सनावटी,बनायेटी
भोले , नाटें, नाटें, नाटें
ग्लास ,नाहूं,नाहूं, बाहूं
बीघे ,ठिठते,ठिकाका,ठिठन
खफा ,आकर्वात,आक्र्षित,आत्र्षित
भूचाल , याचिरी,याचरी,यात्य
पीपे ,प्रोफेयोगिकी,प्रोपयोगिकी,प्रोग्योगिकी
खोखली ,अवपाल,अनपाल,अवपाल
एकांकी ,उहिद,वादिद,वाचद
लालीपॉप ,सेविड,सेहड,सेहड
बसंतोत्सव ,कटकाएं, अटवाएं,कटकएं
श्मशान ,परिलोकी,त्रुलोकी,उरिलोकी
मुख्त्यार ,विधाट,विधाट,विचाट
मालिश , सपोषित,संपोषत, सपोषित
मुख्या ,पदस्रक,पहधारक,पदधारत
सिलसिला ,प्रककों,प्रवाकों,उरतीकों
ग्रंथों ,साहीे,बहीे,साहीे
कस्बावासी ,प्रोबुद्ध, अरबुद्ध,मरबुद्ध
सौंपेगी ,नमस्तरीयै,नमस्तस्थ,नमस्तस्ती
अभिभावकगण ,खचायच,पचाखच,खचाखना
दर्शिका , निवाब, निवाब, निवाब
व्याख्यान ,निजी ,चोशी ,रीशी 
लगातार , कगाए, कगाए,लड़ए
पैगाम ,डीवीरटी,डीआरण,उआरटी
रियायती ,संजोरी,संबंया,संजोरी
नहलाया ,मायफ, बरूफ,उरूफ
काटनी , कख्स,पख्स, कख्स
सवांद ,पयदे, बयदे,पयदे
प्रथमिकी ,उचवाए, अचवाए,खिंचनाए
अनाथों , कगाला, कगाला, कगाला
संस्मरण ,पबीले, बबीले,पबीले
महापुरुष , बशमी, बशमी,हालमी
तत्काल ,संभाजिका,मयोजिका, अयोजिका
सर्वजीत , घड़िता, घड़िता,घपता
दस्ते ,भीगा ,रैंड़ ,ख़ुड़ 
बयां ,पकचिम,पश्वाम,पहचिम
आवाजें ,अनपत,अनदात, सनन्त
पचपन ,पजिब,सजिब,वाचब
चौपट ,ठगके,ठण्के,ठण्के
