﻿valid,invalid1,invalid2,invalid3
पांडा ,सचौलिए, अचौलिए,बिगलिए
उतरना ,सगनजोत,गगमजोत,गर्नजोत
नजर ,सतराक,सतर्थ,सतराक
रघुराज ,उर्डन,वॉर्डरों,वॉलीडन
जनाधार ,बिमाना, बितारी,बिछारी
मौण , छत्ले,छल्हे,छल्हे
छिद्र ,बहचा, बहाचा,बहचा
निर्यात ,गोलगणपे,गोलगप्ति,गोलगप्ति
कसता ,मुल्तार,मुल्हनी,मुल्हानी
सौतेला ,अपथिगण,अतिशीगण,अतिथिरण
बिछवाई ,परंपति,पहुंपरा,परिपरा
धर्मसभा ,भूखे ,जोंने ,भूत 
भंगडा , पस्ते,उस्ते,उस्ते
बैलगाड़ी ,उकनीकी,तकनीश,तकनीय
ताला ,महराते,महराते,लक्राते
घोंटा ,सचायती,पंखुयती,उचायती
डोरे ,चलिका,चलियों,चलिका
मशहूर ,भेदिब, भेदया, भेदया
उफनाई , उरिए, उरिए,सहए
जमाबंदी ,टॉमी ,रहा ,दाेमी 
आंतकवाद ,विराए,विचानी,विराए
असमंजस , कठकें, कठकें, कठकें
झांकना ,ऑप्रिक्शा,ऑपरिक्शा,ऑटोमेक्शा
खिंचता ,चेचना,चेचना,चेचना
आधारहीन ,संयस्र,संवत्र,मयत्र
बोझे ,मुहादे,मुड़दे,मुद्य
बिताने ,ब्ख ,फुंख ,देरी 
पहुंच ,बंटपए,बंसीवाए,बंसीवाए
सधन , अशावान,पशावान,आशालान
कटाई ,ताकखें,करीखें,परीखें
नैपकीन ,डेदी ,झेदी ,रौंद 
निरीक्षण ,रुक्षिणि,रुक्मत,रुक्षिणि
लिखें ,पल्टीमेट,अल्टीआट, प्ल्टीमेट
निरामय ,सशोर,किशोका,उशोर
शिक्षारत ,प्राभावितों, अरभावितों,प्रिभावितों
विक्रमादित्य ,ककृत,ककृत,पकृत
नरसंहार ,गरमागरकों,गरमातरम,गरक्गरम
अंगूरी ,चंते ,औैते ,श्ते 
फोटो ,पखरता,बिखलाता,बिखकता
घराती ,पौधरोपति, अधरोपण,मधरोपण
घायल ,साख ,तैध ,कैंध 
बुलाने ,महाकुलभ,महासम्भ,प्हाकुम्भ
शिक्षिका , कजादी,पजादी,सजादी
रस्सा ,घटाकती,घटाकती,घड़िकर
विश्वकप ,रसइये,रहइये,रहइये
घूमें ,खाटो ,छोले ,टंटो 
यती ,मलग्न,संलवान,मलग्न
प्रस्तावकों ,उलाये,जलये,जलये
किस्मती ,मरिंदगी,मरिंदगी, अरिंदगी
पॉलीमर ,सचवाई,खिंचलई,सचवाई
रिकॉर्ड ,इंद्लाब,इंकसाब, अकलाब
रंगत ,क्षतिष्र्ति,क्षतिवेर्ति,क्षयपूर्ति
झड़पें ,नीलदाठ,पलकंठ,नीतिकंठ
असामान्य ,गेक ,आँक ,सेंकी 
अमीरों , साघा,नाघा, साघा
मकरंद ,करमयोगी,सर्मयोगी,प्र्मयोगी
जागरूक ,दुर्याग्यपूर्ण,दुर्भाग्यपूर्ता,दुर्भाग्यनिर्ण
नामवापसी ,पनवाई,बनदाई,बनदाई
सद्भावपूर्ण ,उगीचा,सगीचा,उगीचा
मैनेजिंग ,पसतोष,अंसलिष,अंसलिष
अवधारणा , सफतार, सफतार,रफताओं
टुकड़ा ,डण्ने, डब्ने,डकैने
नकाबपोशों ,अर्धविक्षप्त,अर्तविक्षिप्त,अर्तविक्षिप्त
चिडि़या ,शते ,छापी ,लॉते 
संदिग्धता ,बहबू,बहबू,बहाबू
इशारों , बपते,तारीते,तारिते
रेस्टोरेंट ,महानयोग,मतभियोग,महाभियोगी
बिछाने ,तैटे ,साँटे ,छंदों 
साढू ,प्रेदूषक,प्रोदूषक, अरदूषक
गरीबी ,साधयों,सातयों,साथिर
पाश्चात्य ,त्योजिरों, अयोहारों,सयोहारों
बंटा , बड़िता,उड़िता, बड़िता
भाता ,पम्हें, उम्प,पहप
चूना ,दोषपूक्त,दोषमुक्ष,दोषयक्त
मछुआरों ,भूंने ,दून ,कृने 
गन्तव्य ,पहुंभर,मलभर,पलझर
इंकार ,पयेदिन,आर्दिन,सयेदिन
लोकायुक्त ,मर्शाया,दर्तया,पर्शाया
प्रदेशवासी ,फहराधिगी,फहरएगी, अहराएगी
आवामी ,पमन ,सिमती ,बमन 
बढे़गी , ककाया, ककाया,चुनया
पात ,उहसूस,महकस,महसूरों
मुनीष ,उरगामी,उरगामी,दूरगाई
विजयदीप ,महंए, उनाए,महीए
मलहम ,पहुंओर, अहुंओर,चहुंचेर
ढोता , कचानी, कचानी,महंनी
चका , बथेली, बथेली,सथेली
झाड़ी ,हैक्रयर,हैक्टेबिर,प्क्टेयर
नन्हों ,कृतिय,कृत्र,कृत्री
संप्रदायों ,न्यायकचायत,न्यायस्चायत,न्यावपंचायत
तरणी ,रेस्पथ,रेलकथ, अलपथ
मानव ,छिटवाने,छिटपने,छिटरिने
सृजनात्मकता ,कतारतद्ध,सतारबद्ध,कब्रबद्ध
जैकेट ,पदमानर,प्दमाकर,सदमाकर
कानूनों ,विषमति,विषहता,सषमता
पुनर्निर्माण ,ग्राया,ग्वाफ, बराफ
गूढ़ा ,कर्यदार,कर्मदार,कर्जनर
मालिका ,पिचते, पिलाक,पिछक
देखरेख ,दांरी ,जोट ,झोरी 
टेम्पो ,लाचाले, लाईले,लाचाले
प्रदेशाध्यक्ष ,कैसी ,कैफों ,बूंथा 
ठेलों ,सन्याभ्रूण,कन्याभ्रूफ,कन्यात्रूण
युवाशक्ति ,अजवर्धन,राजवर्शन,राशवर्धन
बुधिराम ,पान ,चाँर ,पाणि 
लंकापति ,प्रदेशस्थारीय,प्रदेशस्त्रीय,मरदेशस्तरीय
लटकाया , दुकारी, दुकारी, दुकारी
सुनाएंगे ,पलनायक,खलनाइक,खरीनायक
अलंकार ,तुष्टीकरत, प्ष्टीकरण,तुष्टीकरत
घमंडी , बथ्स,कथ्स,मैदास
बिदक ,मुक्यमार्ग,सख्यमार्ग,मुख्यक्र्ग
घटें ,समसामयियों,समसामच्क,पमसामयिक
दुखदायी ,प्शीनिस्ट,मशीनिस्ती,मशीनियट
पंजाबी ,पयय,व्रय,कयय
छीनने ,तारिने,तारिने,तारिने
रणनीति , उलियों,डालेंयों,डालयों
नस्ली ,पमाते,पमाते,पमाते
नवजीवन ,मतलाया,बतवाया,बनालाया
दायित्वधारी ,निवाब,निवाब, निभासी
सांप्रदायिक ,कटिबद्धक,कटिबद्वंता,पटिबद्धता
चढ़ाव ,उपप्रधानाचार्शी,प्पप्रधानाचार्य,उपप्रमनाचार्य
बिन्दु ,नंसा ,चासा ,भोसा 
गश्त ,प्रत्राहार,प्रौत्याहार,प्रदयाहार
तपे , बखाते, बखाते,पखाते
संगीताचार्य ,सचआरडीएफ,पचआरडीएफ,एचआरतिएफ
सुखाना ,पणनिधि,गुणनित,सणनिधि
बनवाएं ,अनभिज्य,अनभियाञ,अनवाज्ञ
महोत्सव ,छंजू ,तोजू ,गेंजू 
निशक्तों ,दोटो ,भटो ,घेंटो 
वारिसों ,उप्ती,कप्ती,उप्ती
अरबपति ,रोड़ों ,रोटी ,चिंड़े 
मेधा ,स्थान ,सतन ,बतन 
पढ़ीं ,जानेवर,जानवट,जायवर
पंचक ,तागो ,तागो ,पूगो 
पैर ,संस्कारस्ला,संस्टरशाला,संस्कावाशाला
भुगतने , अस्तकारी,दस्तररी,दस्तकाल
मुक्तिधाम ,धरह्स्थल,धरक्स्थल,धरनास्थाल
घुलमिल , प्विज्ञान,भूविज्जन, प्विज्ञान
ओरियंटल ,महात्षेक,मनभिषेक,महात्षेक
स्वर्णजीत , प्चनाधिकार,पचनाधिकार,सूचनाधिकाओं
जोट ,सफाइकलामी,सर्इकर्मी,सफाइकर्ति
अनवरत ,कमड़री,समजोरी, अमजोरी
अभिजय ,पारंपरियां,पारंपयोक, अरंपरिक
पसरे , बतिन, बतिन, बतिन
बरसेगा ,संभाशा,संजोशा,पदेशा
उपमहानिरीक्षक ,दुर्भावयजनक, प्र्भाग्यजनक,दुर्भाग्यकनक
कपड़े ,सबझी,सजाझी,सजाझी
सर्वोदय , खर्टा, खर्टा,खदेटा
उपमंडलाधिकारी ,बखो, बाखो, बाखो
सदन ,नौला ,पेंला ,मारा 
मुद्रिका ,अखाभ,अखाभ,अखाभ
प्रतिबद्धता ,सठती,पठती,सठती
धातु ,ससने ,कसले ,असने 
नियमविरुद्ध ,सिंतटिक,सिंथेटिव,सिंहटिक
गणितीय ,श्रोतागरी,श्रोतागरी,श्रोताकाण
महाप्रसाद ,व्यंग्रात्मक,व्यंग्यापिमक,अयंग्यात्मक
मूलमंत्र ,पध्वी,पध्वी,पध्वी
सर्वदमन ,अपसंधान,अनुसंभन,अपसंधान
गमछे , पर्षण,घर्जण,घर्जण
बच्छराज ,प्रतिषण,प्रिदुषण, अरदुषण
रोडवेज ,कनीति,कसज, उनीज
पगली ,ऊधता,ऊधना,ऊधक
घटन ,पयेगी,पयेगी,लायेय
बुद्धो ,मयामय,मयामय,दयामत
ग्रामप्रधानों ,महंना, उहिना,महंना
खंडस्तरीय ,भट्की,भट्की,भराकी
शिकारगाह ,भावनर्ण,भावपूजण,प्वपूर्ण
अंदाज ,उहेती,उहेती, पहेती
नकली ,वीआछूपी,वीआइयां,वीरइपी
प्रदोष ,करुणामूलय,परुणामूलक, प्रुणामूलक
मलमूत्र ,लेहक,पखक,कखक
हड़पने ,अण्यों ,अर्डा ,अनाडा 
उतरवाई ,शास्वन,शाहवत,शाहवत
मालामाल , उहरा, उहरा,दोगुरा
अवरोधक , अरजते,गरहते,मरजते
मोहाली ,पमापन,ममापन,समायन
शहादत , सटारा,पिसरा,पिलारा
बहुमत ,विद्यालति,विद्यापण,विद्यापथ
हराकर ,निकह,निकह,उकाह
रहनेवाली ,अंशमलिक, अशकालिक, अशकालिक
बेर ,सांध्वें, बतवें,सांववें
बनाएं ,पदने ,पकक ,पलक 
एंकरिंग ,इच्छामृत्त,इच्छामृत्त,इच्छापूत्यु
जहन ,कैशलिक, अथलिक,कैथरूक
मनवाना ,स्थाह, स्थाएं,स्थाह
लहसुन ,झूलगे,झूमेंट,समेंगे
रेशा ,पीटीआरा,उटीआई,पीरआई
अकालतख्त ,पगेगी,कगेगी,पगेगी
जंघई ,सुझाझा,सुलती,सुलती
त्रेता ,छज्र,छपजे,छपजे
सिसकने ,आयोशान,आलीशाला,आलीशाही
उड़ाई ,स्वनिर्तार,स्वनियभर,स्वनिर्शर
निदान ,उत्रों,यंत्य,यंत्तों
सुदेव , सढ़नी,उढ़नी,उढ़नी
नाबालिग , बजेंडा,उजेंडा,कजेंडा
पुराई ,उरृष्टि,सरृष्टि,मरृष्टि
ढकें ,हित ,हितों ,हित 
विकासकार्य ,बामुनाकिल,समुश्किल,बामुश्कित
नाथी ,पतीय,पतीजों,पतीजों
अंजनि ,मनोवाने,मनदाने,मनकने
शराफत ,सहरर्मी,सहककमी,सर्कर्मी
शर्मिंदगी , नाढ़े, नाढ़े, नाढ़े
बिछाई ,मराचार्य,प्राचानय,प्रोचार्य
सुहागिनी , रहसे,रचासे,रखसे
फसल ,प्रदर्तानी,प्रदनशनी,प्रदनशनी
फूंकी ,पलके ,छिनके ,छिलते 
तमाचा ,भूदेड़े,भूदेश,कदेव
अवरूद्ध ,तीर्वस्थल,सर्थस्थल,तीर्थयाथल
उठाकर ,बौद्धिया,बौद्यक,बौद्धियां
अनावरण ,सरोधाभासी, अरोधाभासी,विरोधाभावों
अकेलापन ,जौंर ,जौंर ,डर 
मण्डी ,पल्हे, पढ़ाले,पल्हे
चाही ,सुलधा,सुमेगा,पमेधा
लौटेंगी ,सुनग,सुनग,सुनग
निस्तारित ,मुकुटदेरी,मुकुटधान,मुकुलाधारी
प्रवेशद्वार ,बहुमुता,बहुचता,बहुल्ता
प्रकाशित ,ममाखोरी,ममाखोरी,जमाकरी
सींची ,खुरावाएं,पलवाएं,सलवाएं
अनुतीर्ण , उसाना, उसाना, उसाना
दूधमुंही ,सरदूषण,प्रोदूषण,प्रमषण
कयामत ,पग्रहीत,संग्यहीत,संक्रहीत
नीलों ,लपवाने,उपकने,लपनाने
हिंदीभाषी ,उश्वेश,विश्रिश,विश्वेद
अप्रसन्नता ,समाकारें,परकारें,परकारें
सराफों ,वेश्यात्ति,वेश्यादाति,वेश्यावति
इलाज , सधवार,बुधर्र,उधवार
नियम ,अपलेपन,अकेलेपति,अधिलेपन
मोमबत्ती ,सइनें, बइनें,लाचानें
बीड़ी ,मतनणना,मतर्णना,मध्गणना
पसारती ,भोजरारी,भोजररी,भोजरारी
समझकर ,घड़िव, उटाव,घड़िव
छुपाने ,मपर्णा,अपर्थ,अपकणा
पिता ,पुर्ई,पुताओं, पुष्ई
चुपचाप ,मचागा,महीगा,महीगा
डॉक्टरों ,शांतिरोय,पतिमय,शांतिवाय
उपसमाहर्ता ,रात्रिकायन,अत्रिकालीन,रात्रिहालीन
शहीदों ,संरतिषित,संरक्षियों,संरक्षियों
झींगा ,सत्रुजीत,मत्रुजीत,शररुजीत
प्रदशर्न ,नांमी ,घीमी ,पेंमी 
त्यागना ,एम्रलेंस,एनबुलेंस,मम्बुलेंस
नाचता ,वाचटी,वारंतो,सरंटी
भेटें ,पजीश,कजीश,रंजीरे
दिखला , सराठा,परठा, सराठा
पुस्कालय ,प्रवारूप,मरतिरूप,प्रातिरूप
खनन ,समतुल्प,समतुतिय,समतुतिय
पचाने ,पभाते,कभाते,उभाते
व्यंग्यकार ,उभेद्य,अपद्य,अभेद्धि
भोर ,समकास,ममरस,सररस
प्रतिघंटे ,कार्ययोलाजिस्ट,अर्डियोलाजिस्ट,पर्डियोलाजिस्ट
बुराईयों ,दीपोत्मव,दीपत्सव,दीपोत्सक
जिस्मानी ,मठस्थ,पठस्थ,कंपोस्थ
