﻿valid,invalid1,invalid2,invalid3
खरीदने , दहरे, दहरे, दहरे
क्षुद्र ,बैठागी,बैठेरा,कठेगी
देन ,जयटिशियन,डायटिशिक्न,डाउटिशियन
इस्तीफा ,टनों ,चुका ,टला 
भुने ,जनसम्पदक,जगसम्पर्क,जनसम्परांक
लगनशीलता ,ढजा ,खिजा ,रोजी 
भुला ,उसर ,कसर ,अखार 
ज्योतिष ,पगड़ने,उगड़ने,बिखेड़ने
पटकथा , उटकता,लक्कता,लगकता
अलगाववाद ,कलायुगी,पलियुगी,कटयुगी
मंगलकामना , घिसाती,घिमाती,घिमाती
चिप ,मंजिने,मंजिने,मंजिने
उतारू ,समलाखण,समरेखत,सहरेखण
दाहिना ,ताजिमहल,प्जमहल,ताजमहट
शांतिधारा , पपट,कमाट,कमाट
नायब , धमामी,धर्जी,धन्मी
सदैव ,गाये ,मैओ ,नींओ 
संजिदा ,खूनदारों,खूनदारी, खूनवान
फैली ,बृजेगी,बृद्श,बृजेगी
सफलता ,व्यवस्थियों,व्यवस्थात,व्यवस्थियो
निगमकर्मी ,उछावन,बिछाड़न,सछावन
तटीकरण ,वर्मय,वर्शान,वरिमन
अनावृष्टि ,उफाया,कफाया, बफाया
सबली ,सयेंगे, बयेंगे,खामिगे
अर्थ ,ऊंची ,लिचा ,घेंचा 
समृद्धि ,अंतरंडा,अंधारंग,अंधिरंग
ख्यातिलब्ध ,गांठे ,गांठें ,गांवो 
खालिद ,अनसुख, सनसुनी,अभिसुनी
आर्थिक ,सशमिजाज,खुशमिजार,खुशमिजारी
ट्रांसफॉर्मर ,रिजरिना,रिजवाई,मजवाना
गिनाईं ,तिगुछा,तिगुछा,तिकोछा
भक्तियाना ,सेवटर,सेक्षिर,सेक्टने
गंवाया ,सरंकुशता,निरंकुशन,निरंपाशता
कम्यूनिस्ट , मोटने, मोटने, मोटने
कृति ,वादाखिलाओं,वादाखिलाल,वामखिलाफी
लगवाया ,लुक्ष,लुक्ष,लुटेस
डाके , कानूका, कानूका, कानूका
संवरने ,परिवार्जन,पत्वारजन,परिवारजली
संकरी ,ठाडी ,भिंडा ,कॉडी 
पाठन ,भाड़ ,फंागे ,फंागे 
इस्तकबाल ,भारणबाजी,भारणबाजी,भाषपूबाजी
जमाने ,सकूओं,पकून, बकून
रोशनी ,विनसुरता,विनम्रक,विनगुरता
चीखी ,द्वतीश,द्वजय, अवतीय
मनसुख ,विद्वनाथ, प्श्वनाथ,विश्तेनाथ
बोना ,मकरायी, अकरायी,टकलयी
युगपुरुष ,डालेए,डालेए,डालेए
चतुर्थ ,पप्तरंग,सप्रेरंग,मप्तरंग
सर्विलांस ,क्रिकेतर,क्रियाटर,क्रिकेटल
अग्नेयास्त्र ,अस्तार,अनत्र,अस्तार
मानवतावादी ,पुर्य, सण्य,उण्य
उत्पादन ,छायी ,छये ,छानी 
चिह्नित ,धसर,धसले, धर्ने
थूक ,लालस्ताशाही,लालफीतानिही,लापफीताशाही
गुरुदक्षिणा ,उरनी ,मार्नी ,परनी 
जबाबदेही ,उनुकृति,अनुवाति,अनुवाति
प्रदर्शनकारी ,हस्तकल्पी,हस्तशिल्थ,हवातशिल्पी
प्रेषक ,गुरुखी,गुलाओं,गुदओं
गुजारा ,छौंगी ,गूंगा ,गूंगे 
विख्यात ,खदेल, बलील, बलील
अजन्मे ,बटावेदारों,मटाईदारों,मटाईदारों
सदगुरु ,पटरबाइक,मोमरबाइक,मोटरवाइक
चूके ,मिलाटी, उटटी, उटटी
हंस ,वंशनवार,वंदनवाले,वंदनशीर
चारदीवारी , पमती,थमेती,थपेती
सलट ,प्रोयत्न,प्रतित्न,प्रक्त्न
रस्सी ,महाशिवस्त्रि,मध्शिवरात्रि,महासवरात्रि
मतभेद ,सज्ञोपवीत,यज्ञोपतित,यज्ञोपतित
चलाएं , झेलेंता, झेलेंता, झेलेंता
सत्रारंभ ,शरीमत,शरीमत,शरीदत
आकर्षणी , सठन, सठन, सठन
भेजें ,पहार्षि,सहार्षि,मनर्षि
सूबा ,यमुर,यत्तों,यमुर
निकुंज ,अपरवीर,ममरवीर,अमरवीरों
फोड़ ,नजसली,पक्सली,नक्षिली
आमतौर , बाफे, बाफे, बाफे
बेरोजगारों , अषिकरण,कृषिकवाण,पषिकरण
गोसदन ,उवंश,सवंश,उवंश
बंधना ,बताट,सघाट,उघाट
पत्तागोभी ,दुगता, दुगते,दुगता
युक्त ,माँला ,रूखी ,वेला 
गुनगुनाते ,विकेवप्रसिद्ध,विश्वप्रवाद्ध,विश्वप्रक्द्ध
खून ,पगित,इंगिनी,इंडित
अंगरेज ,हुवा ,काक ,छौंवा 
निवास ,दिवाओ,दिवाओ, बलाओ
भव्यता ,अंगदारों,अंतदान,अंग्दान
छीना ,डण्ने, डब्ने,डण्ने
मजहबी ,प्रोधाभास,विशेधाभास,विरोधाभावों
सिंचन , प्र्वप्रथम,समावप्रथम,सर्वप्लाथम
प्रबंधकारिणी ,मतराती,पतराती,कटराती
भैरवी ,साम्मेज्य,सामंराज्य,प्म्राज्य
पंहुचा ,श्यामायुक्त,श्रमायुक्षा,श्रमाष्क्त
बांट ,पैथोलॉजिस्त, प्थोलॉजिस्ट,सथोलॉजिस्ट
अबला ,रखार,रस्ना,रस्ना
बेपनाह ,मलचिलाती,चिड़िचिलाती,चिलगालाती
जलेगा ,ध्वजाधारा,ध्वराधारी,ध्वजाधार
भाद्र ,फैलेंनी,फैलेंनी, उलनी
सेंकी ,अभितावस्था,अचेतावस्ती,अवतावस्था
एबीएम ,मनपुरी,मैरापुरी,मैनकारी
अनर्थ , चुरार,चुभर,चुभर
निरंकारी ,हाईहाथ,सथोंहाथ,हाथोंहारों
पारिस्थितिकीय ,केंटीए,सचुए,केंटीए
खिलाए ,सहफे, बहफे,तोड़ेफे
विपक्षीगण ,इंसानिवृत,इंसानिवृत,इंद्नियत
दिलाये ,दक्षर,दक्षद,दमषता
संगति ,कठपुरुली,कठबंतली,कमपुतली
संवर्गीय ,खुंत ,दांतो ,दांतो 
माल ,अवपस्थिति,अनुपक्थिति,अनुसंस्थिति
पुडि़या ,बुर्जुट,पर्जुगों,बुलाजुगों
दहलाने , कठते,सठते,सठते
समावेशन ,शुरूद्ने,शुरूहोलों,शुरूहोश
प्रलाप ,महायली,पहाबली,उहाबली
कर्मराज ,मयंजनों,उयंजनों,व्रजनों
गांठें ,मायग, मानग,मालिग
रचायी ,आरहय,आजण्य,आजण्य
बचाएगी ,साम्राज्यक्दी, प्म्राज्यवादी,साम्नज्यवादी
अग्निसुरक्षा ,फारुचि,फारुड़,सरुखी
दिखाई ,मैनी ,लेप ,तैनी 
अकस्मात ,पद्मासकों,पद्मासभा,पद्मानन
रोकने ,धारामही,धाराहही,धाराशाह
ऐजेंसी ,बखाए,बखाए,बखाया
सींचकर ,मजरून,महनान,उहरून
प्रसूता ,उरपट,समापट,मरपट
सिखाएंगे ,हार्टिकत्चर,हार्टिकल्लार,हार्टिकल्यार
कलयुगी ,अर्यनग्न,जर्धनग्न,अवधनग्न
स्थलीय ,शरामिंदा,शनिमिंदा,पर्मिंदा
लोकापर्ण ,कार्मकत्री,कार्यक्त्री,कान्यकत्री
मोहक , अदाधिकरी,पदाधिकता, अदाधिकरी
बरतेगी ,आंनता,आंवद,आंनती
नामांकनपत्र ,सशोरी,किस्री,किस्री
दूल्हे ,मिश्तों,मिटारी, कश्री
व्यतीत ,कएंगी,उएंगी,कएंगी
ठहरे ,मरापर,मरापर,प्रपर
बेलसर , बनुष,मारष, बनुष
काठ ,जहनशीलता,सहनस्लता,सहनस्लता
जनप्रतिनिधिगण ,निशाख,निशाखी,निशाख
गिरजाघर ,पढ़संकल्प,दृढ़संकर्प,दृढ़संधाल्प
समतल ,फलत्पादन,अलोत्पादन,अलोत्पादन
पोषाक ,चढ़ीं ,भिंली ,चड़ी 
कटा , अराएंगी,पराएंगी,मराएंगी
ऐहतियातन ,दुर्यंत,सष्यंत,दुष्ट्त
परिणामस्वरूप ,गुरुगुदी,गुजगुदी,गुदगादी
घटिया ,फेंके ,ज्का ,डिंका 
अफलातून ,अपहाय,अनुहाय,पसहाय
घाटों , अलवाएंगे,सलवाएंगे,खुबवाएंगे
उबला ,वास्विवाद,वादविरोद,वार्विवाद
एल्यूमिनियम , नाढ़ो, नाढ़ो, नाढ़ो
विस्तारक ,हानिश्रक, अनिकारक,सनिकारक
ग्लानि ,अभियुरमाणित,अभिप्तमाणित,सभिप्रमाणित
अचेत , सानीं,कनीं,कनीं
तेजवीर ,फहमाया,फरदाया,फरहया
पैनी ,दहड, दवाड, दवाड
जेंटलमैन ,उभूत,भट्त,भट्त
निर्धनों , बठके, बठके,बैनाके
ऐंठा ,सरतिमा,उरतिमा,प्रवामा
अपराध ,आसाक,आतंभों,आतंभ
स्वस्थ्य ,सुताया,सुताया,सुताओं
पंचायतें ,नवरामार,नवरमार,मवकुमार
पत्रवाहक ,प्रत्नमंत्री,प्रधापूमंत्री,प्रधानयुत्री
कुरुक्षेत्र ,पंजीकशीण,पंजीकरता,पंजीकशीण
सैकड़ो ,सन्देव,सन्देव,सन्देव
उपमडंल ,उमना,उमना, सठना
भाले ,क्षेसिक,क्यासिक,क्रिसिक
विरंजन ,उपनाएं,उपवाम,पपनाम
पहनाने ,सौतेलेषन,सौतेलेषन,सौतेलेपण
सर्वार्थ ,अविरते, सविरल,अवितील
कर्मकार ,आसान ,आवान ,कसन 
ताजिए ,मुस्हिद,मुकहिद,मुजाकद
धनकुंड ,सरखंड,सचकड,सचलड
आश्वास्त ,प्रकांश,प्रवाड,प्रेकांड
मुख्यमंत्रित्व ,धुन ,लोंरी ,धुनों 
चाकू ,हलचर,मलचल,हलकल
रेफ्रिजरेटर ,मलभवन,बालभवकों,पलभवन
ऐलीवेटेड ,बलीं,नालीं,बलीं
भेलपुरी , अढ़ाएंगे,मढ़ाएंगे,सढ़ाएंगे
लापरवाही , उहरा,लेमरा, उहरा
बैठाए ,संभाएत,संवावित,संववित
खाई ,कालोनित,कारानियां,कालोपैयां
पितृ ,विचारालथ, अचारार्थ,विचायर्थ
ओवरसियर , झेलेंम, झेलेंम, झेलेंम
तड़के , पनकों, पनकों, पनकों
तहरीर ,तेजतर्तर,तेजतकरार,अजतर्रार
अश्रु ,कल्टे, बल्टे,कल्टे
थाप ,पूर्द,पूर्द, बर्ण
सूरते ,डालये, उकिये, उकिये
हाथी ,दुलाएं, दुकारा,दुलाएं
बिता ,ककें, साकें, साकें
महाबल ,कपंज, बपंज,स्थाज
विह्वल ,पंडाषी, पंहुषी,पंडिषी
संजोग ,उत्तनाधिकारी,उत्तराधिगरी,उत्तराधिगरी
उम्रकैद ,कारासर,परागार,कालागार
खोद ,अनुबंधानकर्ता,मनुसंधानकर्ता,उनुसंधानकर्ता
कथाव्यास ,दालगीरी,दादावरी,दादावरी
बंधबहाल ,अगघ,उर्घ,अगघ
दशा , पुष्र, पुष्र,पुरर
स्वराज्य ,बहयादार,प्कायादार,बकानदार
दौैरान ,इमते,पमली,पमली
सुसंगत ,लूंधा ,रूंधा ,लूंधा 
दूरवर्ती ,नृतरा,नृपक,नृतर
रिझाया ,खानाफार्ति,खानापूरति, प्नापूर्ति
सीढ़ीनुमा ,बोलिलें,सतलें,बोतना
पशुक्रूरता ,पक्य,उक्य,कक्य
भूलें ,पिछत्व,पितृत्रों,पिलात्व
पालिटेक्निक ,ससहाय,सहमय,ससहाय
नहलाने ,कटकाल,कर्हल,कर्हल
मालधन ,मरैशर,थ्रिशर,परैशर
पंथक ,सांते ,बीमा ,बीबी 
धमकाने ,गुणवत्तायुक्स,अणवत्तायुक्त,गुरुवत्तायुक्त
लिपिबद्ध ,पत्तेफाक,इत्तेफास,इत्तेफाश
प्रतिद्धंदी ,घडि़यान,घडि़यानों,मडि़याल
पोस्टरों ,चाशा ,ढुशा ,ढंशा 
दूरसंचार ,कत्रों, कराथा, कराथा
बढऩे ,आधुनियां, सधुनिक,आर्निक
पंकज ,उलिकायें, अलिकायें,बालिहायें
फसाने ,जतर्विरोध,अंतर्विरोशी,अंतर्थरोध
पूंजीपति , कचाव,उचाव, कचाव
लठिया , अहल्ला,मुहराला,मुद्ल्ला
सेवादल ,जयानाकृष्ट,ध्वानाकृष्ट,ध्यायाकृष्ट
नोटीफिकेशन ,रेफड़ी,रेशड़ी,रेफड़ी
सहृदय , बगहों,जलाहों,जलहों
चबूतरे , बपले,उड़ाले,उड़ाले
रास्ते ,मसर्रण,मसमारत,ससर्रत
चालित ,सजूबे,कजूबे,उजूबे
दाता ,बसने ,घुसला ,घुटने 
संकेतक ,ऊंर ,तैर ,तैर 
जोड़ों ,पनशाही,पनदाला,पनशाह
उत्तरी , अर्भर,निपभर, अर्भर
मामू ,तत्पयोता,तत्परण,तरपरता
कंजर ,उनेवाला,होनेहिला,होनेवाई
प्रतीक्षालय ,उरंदन,क्रंदरी,क्षुदन
वेदपाठ ,बालिगी,बारागी,बाजागी
भूलभुलैया ,कन्म,जताम,कन्म
स्वचालित ,पैंना ,थना ,डींना 
धर्मपत्नी ,पखाई,लिपिई,पखाई
वजनदार ,जल्हे,जताद,जल्हे
कर्मजोत ,झुजी ,निधि ,निशा 
बरसानी ,पईट्रोजन,नाईट्रोधन,नाईअरोजन
परीक्षाफार्म ,यादरर,यादगाई,याचिगार
बालीवॉल ,प्रवीयता,प्रमणता,प्रवीयता
भक्तगण ,अंत्मक्षरी,अंत्यार्षरी,अत्याक्षरी
जलशोधन ,ढैंत ,दूने ,ढैंत 
बिकेंगे ,रागों ,मोंग ,कोंग 
करंसी ,पढ़ाट,पढ़ाट, कलट
पहचानकर्ता , पुष्वा, पुष्वा, पुष्वा
शिक्षाशास्त्र ,मर्मस्पदशी, प्र्मस्पर्शी,मर्मस्पर्ण
जुर्म ,इलेक्ट्रॉनित,इलेक्तिरॉनिक,उलेक्ट्रॉनिक
सदस्या ,श्रममंत्ति,श्रस्मंत्री,श्रस्मंत्री
तेरही ,दुग्धावषेक,दुग्धाश्षेक,दुघधाभिषेक
हवन ,बेमौसरों,बेमौसर, समौसम
झमेला ,शिथियों,शिथियां,शिथियों
