﻿valid,invalid1,invalid2,invalid3
कम्प्यूटरीकृत , सट्ठी,छल्ठी,छबीठी
कष्टकर ,कशांत, बशांत,कशांत
भयवश ,नीलझरी,नीलगित,नीलगियों
पंसा ,फौल ,खिला ,थोल 
स्वार्थ ,गलझर,गलकने,गलदार
कठघरा ,प्रारंद,प्रासभ,प्लारंभ
ध्वजवाहक ,मवज्योति,प्वज्योति,मवज्योति
चिह्न ,मुरातबादी,मुस्दाबादी,सरादाबादी
सामायिक ,वृद्रजन,वृहधजन,वृद्यजन
कुक्कुट ,जरेयस्कर,श्रेयस्थर,जरेयस्कर
गंदे ,बिखेरण,बिखेबाती,सखेरती
थामना ,भूनी ,बढ़ ,बनें 
सोई ,सुलन्त,सुधन्त,सुशासत
दौर ,उसफर,असफट,असफत
बंदरगाह ,चुनादा,चुभदा,पनिंदा
सजेंगी ,हाथाकार,हाहाकाने,हाहायर
निहायत ,अहरदीवारी,जहरदीवारी,अहरदीवारी
फैलाएं ,टेंए ,बुए ,भूंए 
लिपट ,घनी ,घटें ,चौंटा 
केंद्रों ,सतजगा,रतजन,रखजगा
वेग ,वीशी ,अाशी ,शकी 
खुलने ,अन्यषण,अपवेषण,अन्नषण
अन्नपूर्णा ,अंतरमष्ट्रीय,मतरराष्ट्रीय,पतरराष्ट्रीय
गायी ,भौजाक,भौतियों,भौतियों
डालती ,ढीजी ,मुंजी ,मुंजी 
बिठा ,चोटिका,चोटिका,सटिल
मंगवानी ,शत्रुहण,शत्रुस्न,शत्यहन
जंगलमहल ,नाहूं,नाहूं, बाहूं
जताते ,वृका ,रूपों ,धृका 
कमलनयन , पार्ता, पार्ता, पार्ता
इकतरफा ,पेदा ,रौंद ,चोंदा 
वेल्डिंग ,विस्गध्यक्ष,विभागध्यक्षा, प्भागध्यक्ष
उन्नीसवीं ,लोकरात,लोकसात,पकजात
निबन्ध ,अंधनश्वास,अंधविश्वादी,अंधविश्रस
सहयोगी ,सांड़ ,डास ,वीस 
झलकी ,बढ़ायूं,बहयूं,बढ़ायूं
विघ्न ,सेमीक्र,सेवनार,सेमीनाम
अमूर्त ,मनरात,उनरात,दिनराते
एकाग्रता ,व्हाप्सअप,व्हासंसअप,व्हाटहअप
ठिठक , मार्ना, मार्ना, मार्ना
भिक्षा , प्ख्यवक्ता,मुख्यवक्ष,मुख्यवक्ष
श्यामप्रकाश ,लीवला, लीजिर,लीवला
ज्योर्तिलिंग ,खुमाता,खुमाने,खुमाने
चिलमिल ,थक्र,थक्र,थक्ष
सुरुचि , ककाया,उकाया, ककाया
चालक ,अपरारण,पपहरण,अपहरता
वस्तुस्थिति ,विलंबिरी,पलंबित,विलंबियों
सर्वानुमति , कताए, कताए, कताए
किलोमीटर ,पचलते,महलते,मचक्ते
सभाकुंवर ,हवाहित,हरलात,हवालाना
विरोधिया ,संवरगी, अवरेगी,संवरेट
धन्य ,उर्वो,पकवो, बर्वो
जद्दोजहद ,दम्पत्र,दम्पत्व,दम्पत्व
विदेशमंत्री , उहानी, उहानी, उहानी
काश्तकारी , छत्ने,छल्ने,छल्ने
गवाह ,परफ्तारी,प्रफ्तारी,प्रफ्तारी
विशेषताएं ,गोष्या,गोष्या,गोरैस
खैरियत ,आश्याने,आजयाने,मशियाने
आधारकार्ड ,केंद्रपोषिक,केंद्यपोषित,केंद्रतषित
अस्वाभाविक ,नोरा ,चेरा ,हीर 
ऑडिशन ,प्रदूषजकारी, अरदूषणकारी,प्रादूषणकारी
चिल्लाए ,जलसंस्तन,जलस्स्थान,जलसंगथान
स्थित ,वाक ,वाक ,वाक 
पैकेज्ड ,सुपनिवाइजरों,सुररवाइजरों,अपरवाइजरों
थूकने ,सादा ,साढ़ ,साढ़ 
वंशावली ,सीपीवीयफ, अपीवीएफ,सीतावीएफ
कारर्वाई ,बिन्याधाम,मन्दुधाम,मन्दुधाम
चाहिएं ,उपप्तबंधक,उच्प्रबंधक,उपनिरबंधक
गिन ,असहयोद्त्मक,अनुहयोगात्मक, प्सहयोगात्मक
ओढ़े ,मनूनन,पनूनन,सनूनन
व्लाक ,पुरस्थर,पुरवाकार,पुरस्थिर
वरिष्ठ ,सकराती,उकराती,टकराज
दबोचने ,कारें ,काली ,काम 
मलबे ,कौंड़ी ,खंड़ी ,होड़ी 
नहाता ,धमम,धड़ाए,उड़ाम
गुस्सैल ,बोलेयां,बोतयां,बोतयां
सामयिक ,उकड़ाया,उकड़ाया,परिड़ाया
जुर्माना ,ऩकना,ऩकते,ऩकने
ढहाने ,प्रतिवेवान,प्रतिष्वान,प्रोतिभावान
द्विभाषी ,हमड़ा, बथौड़ा, बथौड़ा
जुटाई ,मनपेगा,पनपेटी,पनपगा
जलावन ,टप्पेबानी,प्प्पेबाज,पप्पेबाज
धुल ,प्रक्षरों,निरस्षरों,परक्षरों
स्वीकार्य ,आत्याक,मत्मिक,आजमिक
प्रशासकीय ,सत्याह,सहरह,मत्रह
हिलने , प्चायतराज,पंचायतगाज,पंचार्तराज
सुखाई ,उशील,पशील,सुशीली
धमाके ,उभेद,अखाद,कभेद
दुश्मन ,नाथी ,बॉचे ,बाँचे 
चिन्हित , अवेशकों,निवेशर,निवेशर
अटैची ,छिटती,छिटती, छिपाक
त्यागपत्र ,सनारों,मीनाने,मीनाने
रूपांतरण ,रुरा ,भूमि ,फिरा 
प्रासंगिकता ,उपमंदिल,उद्मंडल,उपमंजिल
सरीखे ,प्रेरणास्यक,सरेरणादायक,प्रेरणादारक
पर्वतराज ,अग्रसागण,अग्रासारण,अग्रसाहिण
इंजिनियर ,आराधता,आराधनों,आर्धना
युवावर्ग ,उपलब्बी,उपनिब्घ,उपरब्घ
विधिविधान ,उयाप्त,व्यासत,व्रप्त
सजायाफ्ता ,एकाकाने,एकाकाने,एकायर
धूम , पबरे,खरीरे, पबरे
स्थानांतरणाधीन ,नौकरपाही,नौहारशाही,मकरशाही
ओवरलोडेड ,मुर्मबाद,मुर्दायद,मुर्दावद
पतला , नाधु, नाधु, नाधु
लहान ,चटाना ,चमई ,पटाई 
पलटवार ,शान्तिपूर्थिक,शान्दोपूर्वक,शान्तिपूर्ताक
भराया ,गूटो ,डैटो ,लूटी 
ऑल्टो ,डूबन्र,डूबरर, पबकर
कचोटता ,पलर्क,कलझक,करर्क
रेगिस्तान ,प्लातापी, अरतापी, अरतापी
जेआरएफ ,मालिती ,बरती ,मामती 
वसीयत ,संजोरे, उवरे,संबंरे
मिलाई ,मुर्यातिथि,मुख्यापथि,मुख्यावथि
डासिंग ,मरलौकिक,पारलौकियों,पारतिकिक
आटा ,प्रस्सरत, अरयासरत,जरयासरत
पल्लेदार ,बंधवात्र,बंधवात्र,बंधपत्व
पंचरत्न ,दुविका,दुविका,दुखधा
भंडरिया ,मतसाध्वी,मध्साध्वी,प्हासाध्वी
लाइसेंसधारी ,अधिरलेख,असरलेख, प्ग्रलेख
लोढ़ी ,पहुंवार,पहवार, सरिवार
थमा ,बैंख ,सौंख ,चाख 
रवैये ,उकर ,आदर ,उकर 
गुदड़ी , कनेगी,बनेही,पनेगी
विष्णुपद ,सेंकी ,काध ,थाध 
क्षमावाणी ,शीतना, शीशिल,शीतरा
निपटेंगे , उयारी,प्यानी,प्यानी
अभ्यावेदन ,तोंखी ,कखी ,रचा 
मौैत ,प्यापकता,व्यापकन,सयापकता
महानिर्वाण ,समखर,सनोभार,सनोखड़ा
सिलाने ,फिरक्परस्ती,फिरकापरवाती,फिरकापरहती
बर्षा ,भराठा,भराठा,भरठा
अभिभाषण ,चहासदीवारी,चहारदीपरी,चहारक्वारी
निर्धनता , पयने, पयने,सयने
पूंछा ,वैग ,भूग ,योगा 
वर्णन ,बहओं, कचाओं,पचाओं
निकलना , चंडिन,चंदते,चंदते
निखरकर , बमंत,पमंत,कमंत
हेडलाइट ,मजमाने,उजमाने,उजमाने
एवम , बमीनें,जतानें,समीनें
गलाई , बाचि, बाचि, बाचि
क्रमांक ,सगलती,उगकती,उत्लती
काढ़े ,ब्रप्रिंट,मलूप्रिंट,पलूप्रिंट
मूर्खता ,टैबटाट,पबलेट, अबलेट
असावधानी ,कानूनवित,कानूसूविद,प्नूनविद
लीले ,आमकनों,आमजल,पमजनों
खटोली , पसते, पसते, पसते
प्रतिभाशाली , रिवाता, रिवाता, रिवाता
विमोचन ,दुरुस्य,मरुस्त,दुश्स्त
शिवानी ,फर्ता ,फलती ,कलता 
प्रत्यनशील ,नायाली,नायास,नायारी
छूटीं ,ट्रंासम्र्मर,ट्रंासफार्वर,ट्रंासफार्थिर
बूझ ,ससूरवार,कसूरपार,कसूरवाला
कब्जेदार ,चरते ,चरने ,चरते 
खंजर ,शून्यकाओं,शून्यकाओं,शून्द्काल
हटकर ,पर्निर्वाण,परिवार्वाण,पर्निर्वाण
निष्पक्ष ,बाल ,पाद ,खोल 
सौदा ,सुगलता,सुगड़ता,सुधामता
कैद ,उरसाने,बनसाने,बरवाने
पर्चा ,पमाती,उमाती,पमाती
फैन ,दोषत्र्ण,मषपूर्ण,दोषमर्ण
मुण्डा ,जुटाड़,जुगाया,जुल्ड़
झण्डा ,विधावस्तरीय,विश्वस्तत्य,अश्वस्तरीय
पुर्नस्थापना ,रवितार,उविवार,रविवाने
माणक ,बेलघायु,बेलकट,बेहघाट
स्वयंसेवक ,योजनान्तर्धात, प्जनान्तर्गत,योजस्न्तर्गत
किलाबंदी ,मर्घायु,दीर्मियु,दीवाघायु
छूटने ,जीवररा,जीवाधारा,पवधारा
घराने , समजोर,कमझार,कर्जोर
आरपार ,धूना ,झाँप ,गॉप 
शुरू , बगुने,दोगुल,पगुने
कसेर ,चमस्माती,समचमाती,चमलामाती
एकटक ,कलादर, अलंदर,कलादर
झरझरा ,लगाकड़,लक्टड़,लक्कता
पिटता ,पर्दमान,पर्दमान,प्र्दमान
उतरे ,मोतिश्बिन्द,मोमयाबिन्द,मोतियाबिन्त
चहुंमुखी ,छलझाने,छलदाने,छलकारी
मृत ,उशाल,मशाख,मशाखी
शरण , पमाई, पमाई, पमाई
शायराना ,वार्मिन,मर्डेन,वारडेन
आत्मरक्षार्थ , सढ़वा,उढ़वा, सढ़वा
बताकर ,र्निविष्ध, अनिविरोध,र्निविरोग
जलसंरक्षण ,सधुनिकता,आधुनिवेता,आधुनिकल
प्रतिद्वंदी ,भिल ,खाल ,भिल 
आखत ,निश्रिय,उश्चय,निभाचय
मुकीम ,अपटाना, सपनाना,अपकना
गुबंद ,वीरांभद्र,वीरमद्र,वीरक्द्र
पॉलीग्राफ ,रामायज,रामायज,राहनुज
रिझा ,अभचिंरता,अभद्धता,अभद्वाता
खलता ,कार्यक्रकों,काव्यक्रम,पर्यक्रम
खरीदकर ,भीड़ ,भीम ,भीग 
रेंगती ,गुरूण,गुरूण,गुरूष
दानपत्र , सलोचक,उलोचक,आयोचक
बढ़ावे ,उहबूब,महबूझ,उहबूब
अछूता ,परिचने,सहुचने,पकचने
प्रस्थान , एकांल, एकांल, एकांल
स्वरूपा ,झूमाती,झूमाती, सलती
पुर्नरीक्षण ,सचायी,सचाया, सचाने
सुब्हानी ,झोंकती ,पकने ,झोंकना 
चमकती ,वर्तव्य,वनतव्य,वहतव्य
सूखना ,नक्षत्रहल,नक्षत्वपाल,नक्षात्रपाल
पेंमेंट ,पदाजा,अंगुजा,कदाजा
जगतवीर ,मटतौली,घटरिली,पटतौली
निरोग ,एलाएं,एकांन,एकांन
हरिवाटिका ,मरुषार्था,पुरुषापाथा,पुरुद्र्था
फौजी ,नाटीं,नाटीं,नाटीं
छिनता ,तकवारों,तलझरों,तलदारों
रेडिमेड ,उमाए,घुलए,उमाए
बेबुनियाद ,अगरपरिषद,नगमपरिषद,नगरपरियोंद
नोचे ,प्रबद्धन,प्रबड़धन, अरबन्धन
करेगें , प्ष्क्रियता,निष्क्तियता,निष्क्रिषता
वैवाहिक ,उत्संगी,सहसंगी, अत्संगी
वार ,सहर्ण,उवर्ण,सर्र्ण
चिल्लाता ,पलपे, बनपे,पढ़ापे
भूनी ,भुवरों, भुवला,भुवरों
टहलाते ,धूंजा ,वैजा ,पंजों 
वाहन , अहलदार,महलकर,महलदारी
मिलेंगे ,ऑटोमोबाड़िल,पटोमोबाइल,ऑटोमोबाजिल
विद्युतीकरण ,सीवेशी, कवेज,सीवेकी
तीखापन ,उर्गो,मुद्गो,उर्गो
ब्रह्माचर्य ,कशाक,कशाक,उशाक
भंडारे ,सांभय,सांख्ता,सांवय
मागें ,सर्ववत,पूराववत,पूराववत
कारज ,नवसाहषर,नकसाक्षर,नजसाक्षर
अंगहीन ,शहप्रतिशत,उतप्रतिशत,शराप्रतिशत
गमगीन ,उझाया,उझाया, कझाया
शोषित ,वाइपीएफ,वाइपीडस,वाइसेएस
छाएगी ,नगक,नगक,नरण
टलता ,धोये ,धोये ,धोती 
परीक्षक ,एकासीए,सचसीए,एलोसीए
सरगना , प्लआउट,आलआरट,आलआराट
बांटा ,संवाता,संबंता, बचिता
लौटें ,रैल ,ठील ,रैल 
खेलकूद , साशु, साशु, साशु
परिपत्र ,कगेगी,सगेगी,सगेगी
अनुरागी ,सॉगा ,पंजों ,पंपों 
भागीरथी , तपया, तपया, तपया
ऑपरेटरों , अछताछ,सछताछ,पूंछताओं
प्राणों ,सहबन्धित,सम्बत्धित, प्म्बन्धित
मान ,मखवाला,रखड़ला, अखवाला
बेंचने ,पहहगाह,परहगाह,पर्हगाह
खुर ,धनवंटन,धरवंटन,धनुवंटन
गलाघोटू ,बैलठनाथ,मकुंठनाथ,बैरेठनाथ
पुनर्मतगणना ,चंादा ,साड़ी ,चोंदा 
सराहते ,कृतमंत्री,कृषिमंगरी,प्षिमंत्री
लोकनायक , प्ह्नीकरण,चिह्नीतिरण,चिड़नीकरण
रेखाचित्र ,एेसी ,एेसी ,डेंसी 
कौआ ,पसहिष्णुता,असहिशणुता,अनुहिष्णुता
गृहरक्षक ,चयक्कर्ता,चयनस्र्ता,चयनकलाता
पद्घति ,एलआरासी,एलआरासी, प्लआईसी
चरित्रहीन ,जमड़र,जमकने,जमकने
