﻿valid,invalid1,invalid2,invalid3
दुर्बल ,स्थाभाविक,पवभाविक,स्वभाषक
विमानपत्तन ,मरीराधे,श्रोराधे, अरीराधे
स्वीकार ,धन्ही, धन्हें, धन्हें
शुभारम्भ , पूछेक, पूछेक, पूछेक
त्रिकोणीय ,रितू ,फूंहा ,नंहा 
उद्घोषक ,चाट ,ढे़य ,चाह 
टेकेंगे ,मड़ोसियों,पहुंसियों,पहुंसियों
चंद्ररेखा , घिमाता, घिमाता, घिमाता
एनलाइजर ,मचाएस,मनएगी,मनोएगी
वर्दी ,सइजोबियम,राइजोपयम,राइजोबियता
चुराती ,शक्बे,उराबे, बराबे
कपास ,जमाकवि,जमाकवि,जयकवि
खच्चर ,मतराते,कलाराते,कतकाते
कटती ,उचरज, सचरज,अचवाज
चुरा ,तरए,तराए, उकिए
उन्मुखीकरण ,तिलते,तिरंक, तिगुक
निगला ,प्हफसली,सहफसक,महफसली
श्रमाधीक्षक ,शीघ्लता,शीतलना,शीतवाता
बरसेंगे ,मध्मंगल,मधुमंगरी,पधुमंगल
लिखावट ,गुस्तायी,मस्सायी, अस्सायी
मनोरोगी ,टांली ,तोली ,अौली 
विकलांग ,नीडे़ ,नीडे़ ,ढ़ाडे़ 
कर्ण ,संवेदनतिल,संवेषनशील,संवेषनशील
अक्षांश ,स्थड़े,स्टाली,स्थड़े
मारपीट ,चाह ,चाह ,चालू 
मंझा ,अजरिबी,अपनबी,अजनता
दोहे , सटरे,उटरे,मोटता
अल्पसंख्यक ,नशामुफ्ति,नजमुक्ति,नशामुक्षा
मुठेर ,प्रत्मश,प्रत्रिश,प्रतियुश
बचा ,बिरती ,बिरते ,करले 
सुरक्षात्मक ,सराई ,सराना ,पराय 
टीशर्ट ,अरीक्षार्थियों,परीक्षार्धयों,परीक्रोर्थियों
डूबता , बवै, बवै, बवै
तमगा ,विषाक्षा,विषाक्ति,विराक्त
कुंवर ,एकसाव,एकवाव,उकत्व
सर्वप्रिय ,यथाद्र,यशद्र,यहूद्र
आरटी ,राजकुमास,राजमामारी,राजकुलरी
गौड ,उश्ता,उश्ता,रिश्री
बिकेगी ,ट्रासकर्टिग,ट्रासफार्टिग,ट्रासफॉर्टिग
संभाल ,दावे ,दावें ,दान 
लाचारी ,निभामाणी,निर्माने,निर्शाणी
आस्ट्रेलियाई ,लादए,लाचाए, बइए
जलेबी ,निस्कलंक,निष्कलंबी,निष्पलंक
आतंकवादी ,उरभास,मरभास,प्रेभास
विश्वविजय ,मंत्वायी,मंगलयी,मंहवायी
व्यापारकर ,सकालता,सकालता,निकायता
राजाजी ,मनुसूचि,उनुसूचि,अनुभचि
रुकेगा ,बेतुली,उहाली,उहाली
साधू ,पूर्वट, अर्वज,पूजावज
उच्चकोटि ,डब्ती,डण्ती,डण्ती
नेफ्रोलॉजिस्ट ,पच्छत,अभिछत,पच्छत
काउंटर ,जबप्रपात,जलगारपात,जलप्लापात
उतरा , दहाक,दरण, दहाक
स्मॉग ,वाररिंग,वाल्रिंग,वायदाग
मूंदकर ,उताना ,कताना ,बनाना 
पेशवाई ,भूदेता,भूधाता,भूधाता
फैलाव ,कानूदे,कयदे, बयदे
भुगता ,जलप्रीत,जसमारीत,जसप्रीन
रेजगारी ,अपाघ्यक्ष,उच्घ्यक्ष,उपाघ्यवष
सद्व्यवहार ,गाड़िकों,सयकों,गाथाकों
सरलीकरण ,पकादा, ककादा, ककादा
चक्के ,समवट,सजारिट,सजाकट
अल्पकालिक ,जलाने ,जलाने ,कलाना 
नीयत ,पबाब, बबाब, बबाब
अंधकार , पाताई,पाताएं,पाताएं
शिविरार्थी ,मंत्रिमन्डल,मंत्तमण्डल,मंत्रिमन्डल
टोका , सराके, सराके, सराके
श्रेयांस ,पधैला,दुखला,पधैला
वामपंथ ,मग्रेजी,अंग्रेट,अंग्रेट
चीकू ,समजशास्त्री,समाजशास्त्व,समाजशास्थरी
प्रतिस्थानी , पहराना,लहनना,लटराना
वित्तवर्ष ,छेड़े ,नीेद ,सिंद 
घुलता , बनुज,पनुज, बनुज
भाषावाद , पताएं,चिन्एं,चिराएं
स्थानान्तरित ,वाणिज्यकल,वाणिज्यकश,वास्ज्यकर
जीरा ,सनुपालन,अनुपालय,सनुपालन
अमीष ,गुफा ,सौंणे ,झाँणे 
महाध्यक्ष ,पतर्राज्यीय,अंतसंराज्यीय,अंतर्रावयीय
माँगने ,त्रिकोष,त्योकोण,त्योकोण
पुष्पाधिवास ,तपनावी,उपस्वी,पपस्वी
लिखाना ,राजनार्गों,प्जमार्गों,राजमान्गों
ऑटोग्राफ ,पलायची,इलाशची,इसयची
जलकल ,पलसुख,दिलसुन,दिलझाख
इंतकाल ,जनंसपर्य,जनंसपट्क,जनंसपट्क
विराग , पर्पण,दमपण,उर्पण
शिक्षाविद् , उराज, उराज, उराज
मोदक ,खु़क ,खु़क ,रूठों 
निगाहबानी ,टोंड़ ,दाेड़ ,दौड़ा 
रेंगता ,आइज्इए,आक्आइए,आइआराए
रखीं ,मयवस्थ,सयवस्थ,व्यवनाथ
शुभागमन ,अनुकम्र,अनुकवापा,अनुसेम्पा
उतारेगा , लगाछे, लगाछे,लड़छे
योगगुरु ,सुझाप, बदीप,सुदीयों
रैंप ,खरीवाटी,मरीखोटी,खरीवाटी
मरणोपरांत ,ध्वस्या,मवस्त,उवस्त
नित्य ,अमीम्,अगम्,अमीम्
फिंकवा , पसिक,ससिक,ससिक
धन्नो ,लवरय,सवणीय,लवरय
सुपरिंटेंडेंट ,दुर्वन,दुश्बीन,दुर्शान
झेला ,गंढ़ी ,ढांढ़ी ,पड़े 
आकर्षक ,हड़कंडों,उड़कंप,हरिकंप
सत्ताईस ,सर्यनारायन,सम्यनारायन,सत्यनारायत
रिझाने ,खिलाकगा,खिलाशगा,खिलाएम
हादसा ,प्रक्हित,प्रवाहियों,प्रोवाहित
पलने ,बालपर, सलपन,बारपन
बैठक ,प्रियमान,प्रिचाजन,प्रायजन
अटपटे ,स्कुड़े,स्कुओं,स्कुन
बेपर्दा ,लघु ,सैंदे ,लदा 
गिरे ,ममृद्ध,सहद्ध,ममृद्ध
डोर ,घोसी ,मौसी ,बिंसी 
पनाहगार ,मौसते,मौजूम,मौसने
भटकाया ,श्रेमकरण,सरेणीकरण,परेणीकरण
ठेकाकर्मी ,प्रासिद्धि,प्रतिद्धि,मरसिद्धि
शेखी ,झांसे ,लौके ,झांका 
लूडो ,शरामा,शरामा,शहीमा
गैरजिम्मेदारी ,आनंरशिला,आररशिला,आधारशिक
विषमताएं ,कर्वायोग,कर्मयोति,कममयोग
सत्ता ,नन्ब,पयाब,पयाब
रंगवा , बड़कें,सजाकें,सजाकें
तस्करी ,बुझापा,बुद्पा,बुरापा
अफसरशाही ,मैत्याय,मैरारेय,मैत्याय
खुदकुशी ,उशनरी,मिन्नरी,मिशनत
न्यूनीकरण ,जाँत ,पंपों ,पंसा 
पन्ने ,लेगी ,रोने ,रोड़ी 
खंभो ,दिवायी,उखायी,पखायी
विवेकी ,सर्ववितकारी,सर्वहितरिरी,सत्वहितकारी
भगोड़े , जुल्ती, जुल्ती, जुल्ती
व्याकरण ,सुनरे, कधारे,सधारे
झुमकी ,वक्दे,वक्दे, पन्दे
सुश्री ,नागें, बगें,नागें
एंबेस्डर ,सलत्याग,जलत्यान,जलत्मग
अस्थिरता , कनती,छानकी,छाएती
मानता ,खुन्वाने,खुरावाने, अदवाने
चौड़ा , घड़िती,घपती, घड़िती
स्वागत ,कार्मकर्तागण,कार्यतार्तागण,कार्यकर्तागम
ब्रह्मशंकर , सदलती,बदगाती,बर्लती
स्कार्फ ,रघुपन,रघुकुति,उघुपति
बैरक ,दबाडी, पण्डी,दहडी
पट्टे ,डिपोनीलैंड,मजनीलैंड,डिजनीसड
खोया ,पलगाववादियों,अर्गाववादियों,अलगावस्दियों
भोलेभाले ,रियातता,रियातता, अक्तता
खागा ,कताओं ,बतारे ,कपरे 
वनविभाग ,बढ़ाफी,बहफी, परफी
करीबी ,चलें ,चखा ,चलीं 
प्रबोधनी ,मख्तिन,मख्खना,महखन
जुटाएगी , बमले,जुमते,उमले
जलकुंड , अवनरेखा,जीवनरेम,जीवनबाखा
मुद्दों , आदना, आदना, आदना
रजामंदी ,परेशालायों,परेक्नियों,परेमनियों
त्रिस्तरीय ,यज्ञाचार्मी,यज्ञाचार्ता,यज्ञाचारिय
खर्राटे ,उड़ाच, उठाच,उड़ाच
मातहत ,फेरा ,चूजे ,ढे़रा 
जीवाणु ,सत्यवाव,सत्यस्व,सर्यमेव
पूछा ,मानों ,गंटी ,प्टी 
प्रहलाद ,विश्वभारकों,जश्वभारती,विश्वभाशाती
हर्षवर्धन ,संक्षगढ़,संक्षगढ़,संतोषवाढ़
बाराती ,मल्टीस्पशलिटी,मल्टीस्त्शलिटी, प्ल्टीस्पेशलिटी
उमडे़ ,झुठसता,झुलदाता,झुठसता
सौर ,टिन्ही, टिकानू,टिन्न
ठेकेदार ,तले ,तूने ,तूने 
ठेंगे ,झिलवाल,उलमिल,झिझमिल
आहर्ता ,मत्मीनान,इत्तानान,इत्रनान
झोंपड़ी ,धर्मस्मलों,धर्थस्थलों,सर्मस्थलों
जागरण ,जिलापध्यक्ष,पलाअध्यक्ष,उलाअध्यक्ष
सुखाए ,बितारगे, अताएंगे,बितामगे
रक्तदाताओं ,भांजरी, भांपरी, भांपरी
तीर्थयात्री ,समातु, पत्तु, पत्तु
पुर्णाहुति , अशधारी,सशधारी,वेल्धारी
कलशयात्रा ,हमकत,हरवात,हरवात
सफेदा ,वैशाठ,ककुंठ,पकुंठ
कब्जा ,सूर्मस्त,सूचयास्त,मर्यास्त
भेदी , प्हतियात, प्हतियात,ऐलीतियात
साम्यवाद , नाधों, नाधों, नाधों
इज्तमा , प्त्तरहित,सत्तरहित,वित्मरहित
वाहनों , बष्ठी,कष्ठी,कष्ठी
गजल ,तक ,डॉक ,डॉक 
निभाएंगी ,प्रेभा,प्रने,प्राभा
साधी ,सकमनी,रुकमय,रुकामनी
एक्सिडेंट ,यज्रस्थल,जज्ञस्थल,अज्ञस्थल
कुंदो ,साहूदिरी,उहूकारी,साहूकाओं
गंदा ,सहनना, अहजना, अहजना
ठुमरी ,मनायेए, अनाइए,सनाइए
लांघा ,स्वस्णिमा,स्वर्रमा,स्वर्थमा
सलटाने , पढ़ाम, पढ़ाम, पढ़ाम
चुटकी ,नईमुही,नईमाल,नशेमुल
उमड़ने ,ककीं, नाकीं, नाकीं
वामतट ,मकवाई,रुपवाई,रुकलई
अधिग्रहण ,रस्षापंक्ति,रक्षामिक्ति,रक्षामिक्ति
सिमटती , बघट,उघट,उघट
मिले ,महाप्रबंधता,मनोप्रबंधक,पहाप्रबंधक
बुद्धि ,महासमित,मनसमिति,मनसमिति
प्रचुर ,पवैध,कवैध, बवैध
खिन्न ,उकाऊ,उकाऊ,टिफिऊ
समावेश ,दाबे ,सफा ,दाबे 
बैखौफ , सणिक, सणिक, सणिक
कैच ,डलदायी,पलवायी,डलकयी
अनानास ,स्वीकृरना,सवीकारना,प्वीकारना
सम्पुष्टि ,डण्ता, पराता,सराता
सेनानी , चित्नी, चित्नी, चित्नी
पुष्पाजलि ,भरभीत,भयभीक,भरभीत
सत्यप्रिय ,पवाहों,गर्हों,गहहों
वादक ,अश्तगंधा,पश्वगंधा,अश्लेगंधा
नम्बरदार ,आगंठक,आयोतुक,आमतुक
डूबीं ,खंडवाना,खंडपंर,खंडवाई
बर्षो ,उत्रिम,उन्तम,उलतम
अहिरन ,प्रेश्नोत्तर,प्रश्नोत्रिर,प्रक्नोत्तर
दीपों ,भूधाना, उलना, उलना
उड़ाया ,उपते,उमजे,उमजे
बंदूके ,पलाशय,जलाकाय,पलाशय
तहत् , रसीता, रसीता, रसीता
सरकने ,निर्णव,निकाणय,निर्णव
ढिबरी ,साल ,धोफा ,एेफा 
पदच्युत ,नींद ,नींव ,नींव 
प्रतिद्वन्दी ,प्ढदीवाला,गढदीकिला,प्ढदीवाला
दबाई ,लेनकार,लेनकार,लेनवार
महासिचव ,अग्निपतिक्षा,अग्निसुरीक्षा,अनुनिपरीक्षा
परफार्म , बविक,दैविका,दैविधा
जीवनधारा ,चिंताम्नक,चिंताधानक,पताजनक
वैश्य ,पढ़ाकगे,पहुंयेंगे,पढ़ाएगे
बैंती ,रूदते,रूदते,रूदते
जताती ,जलएंगे,जयएंगे,जगएंगे
कमोवेश ,दैनियों,दैनिया,दैनियों
संघीय ,मर्मदीप,कर्यादीप,मर्मदीप
अतिमहत्वाकांक्षी ,मरीदेंगे,उरीदेंगे,खरीदगे
जीतती ,उराता,सराता, पराता
निभाई ,पेशवाश,सशकश,मशकश
अवनति ,सूचीकवाण,सूचीकशीण,सूचीकर्ण
मत्था , अलवाना, अलवाना, अलवाना
एक्टिंग ,हड़नाम,हरिजम,हटनाम
चकरी ,छलाना,छलवे, सलावे
पच्चास ,सचैन,उचैन,सचैन
पत्थरबाजी , पनित, पनित, पनित
भूमिदाता ,अंगाली, पजली, पजली
योगाचार्य ,सौंपेंनी,सौंपेंनी,सौंपेंनी
बकरीद ,एफडीआम,एफलआर,एफरआर
लोटने ,दीक्तिमान,दीप्तिभान,दीप्लेमान
हिम ,महापरिवादी,महापरियर,जहापरिवार
प्रयोगशाला , सठाई, सठाई, सठाई
घोले ,मुनाफातिर,मुनानाखोर,मुनाफातिर
रखेगा ,डिफारीधारी,मग्रीधारी,डिग्राधारी
रोकेगा ,मलाफल,मलाफल,फलाफत
हटूंगा ,जताना ,जगना ,जनानी 
पीपीए ,उदीयवान,मदीयमान,उदीयमार
सभ्रांत ,तोहलात,तोहलात,तोहमय
खातिरदारी ,मनोरर, पनोहर, पनोहर
पैथालॉजिस्ट ,स्पचाशाघात,स्पर्शाघाती,स्पनिशाघात
सामंजस्य ,रहलवालों,रहनेशलों,रहरावालों
निर्णायक , अहतोड़,मुंततोड़,मुंहलाड़
ऋद्धि ,गवाढ़े,गर्ढ़े,गरढ़े
अनुश्री ,संवादददाय,संदेदददाता,संवाददहता
