﻿valid,invalid1,invalid2,invalid3
काबू ,अभिवीकृत, प्स्वीकृत,अस्ताकृत
आयाम ,कएंगी,उएंगी,पएंगी
छुट्टी ,बेचायी,बेतुरी,बेतुरी
गडरी ,मोड़रे, उहरे,मोड़रे
विधायिका ,पिलदाएं,उलवाएं,उलवाएं
आत्मदाह ,गाँईं ,सार ,साधे 
इतर ,नोडते,उचते,नोटिते
निकलेंगी ,रक्षरों,रक्टक, मक्षक
आभास ,मवघोषणा,प्वघोषणा,मवघोषणा
कलाकारों , अर्मिंदगी,मर्मिंदगी,शर्मिंदन
निकलेगी ,अॅाला ,गदा ,गढ़े 
स्टाम्प ,शीलधक,शीतधर,शीशधर
सनेह ,गयीं ,चुले ,चुले 
लोटते ,मपटाएं, अपटाएं,निपनाएं
नब्ज ,निष्टर,निष्ट्र,निर्ठुर
बोला ,फलपत्टी,फलपकटी,फहपट्टी
क्रुरता ,समझड़ी,समझड़ी,सरझने
ओतप्रोत ,सहर ,सजाज ,सजाज 
शून्यता ,औजी ,पूंछे ,झुंजी 
कहना ,उहाई,उहाई,उहाई
फूंककर ,हर्चैतन्य,हरिचैतवाय,हरिवातन्य
पारदर्शी , सराले, सराले,उराले
मिशाल ,स्वावलयीबी,स्वावलब्बी,स्थावलम्बी
संभालो ,सुमंगलक,सुमंगलयों,सुधागलम
चर्चायें ,कुशलतालर्वक,कुशलताध्र्वक,कुशलरापूर्वक
लंगड़ा ,उहमान,मेधामान,उहमान
रचनात्मक ,पूँड़ा ,बंड़ा ,घडे़ 
निराला , पढ़ाड़, पढ़ाड़, पढ़ाड़
परिपालन ,सप्ताओं,सप्सिह,सप्रीह
खुशमिजाज , झांकिने, झांकिने, झांकिने
छलावा ,सव्यांगता,पव्यांगता,पव्यांगता
अमुक ,सक्सफोर्ड,आक्समिर्ड,आनंसफोर्ड
प्रसंग , सजागर,मजागर,उजागति
आंकडा ,अपमान्त,अपमालात,पपमानित
कुटुंब ,पमौसमी,उमौसमी,बेवसमी
विप्र ,कटियालज,कथायाबाज,कर्याबाज
तसल्ली ,सतप्रीन,सतप्रत,पतप्रीत
राजाज्ञा ,परचनी,सहुंचनी,पहुंमुनी
प्रास्पेक्टस ,नजकाशीदार,नक्कामदार,नक्षिशीदार
मसर्रत , अरायेंगे,परायेंगे,करासगे
नगीने ,दहाता,दवाता, बबता
अंगना , अष्या, अष्या, अष्या
उल्लघंन ,चपाली,चमती,चपाए
चार्ट ,बोतना, बोतक, बोतक
अन्वेषण , सटोली,टटोरी, सटोली
गरीब ,सौर ,सौर ,सौवें 
कोटि ,परमुकुट,मोरमुकुरे, अरमुकुट
लाइनें ,भूदेने,भूधाने,भूदेने
बर्खास्तगी ,सलाना ,चढ़ाना ,चमना 
फासले ,उतन्य,चेकन्य,चेकन्य
जुर्माने ,प्माजवाद,समाशवाद,समायोवाद
चपटा ,प्रतिलीजर,प्रतिलीटमी,प्रक्लीटर
भुगतेंगे ,मार्मिय,मालगीय,मानगीय
ऐश्वर्य ,गर्ला,गर्ला,गर्ला
लगाएंगी ,मंत्वाकर,मंगवासिर,मंगवाकल
संभावना ,उत्तरचंल,उत्तकाचंल,उत्तस्चंल
मनोहरी ,चढ़ाकी,चढ़ाकी, उरकी
दरें ,विक्तमाजीत,पक्रमाजीत, प्क्रमाजीत
प्रज्ञापुराण ,थकारा,थकारा,थपेन
गुजारने ,फटकाओं,मटकारीं,फटकाओं
दौरा ,अखाथों,अगथों,कनाथों
शख्सियत ,प्र्भयता,निर्भयम,निर्भवता
कुरान ,ब्रउज,उलाउज,मलाउज
बतायेंगे ,प्रदद्धंदी,प्रदद्धंदी,प्रेतिद्धंदी
खुशदिल ,मलकर्मी,जेलबर्मी,पलकर्मी
आदिम ,पशाग्र, अशाग्र,कुशाग्य
ननदों ,होनेवार,होनेवाने,होनेवाया
जनविरोध ,बहऊ, ससाऊ,उसाऊ
पूछेंगे ,प्रयानुघाट,प्रतिगघाट,प्रह्गघाट
फाल्गुनी ,दवाष,दहाष,दहष
जूनियर ,अर्नजीवित,सर्नजीवित,पुर्नतवित
बहे ,परीक्षाचाद्र,पदाक्षाकेंद्र,परीक्षाचाद्र
पित्त ,धोय ,डंय ,धोय 
टाइटेनियम ,जम्योपेथिक,होम्प्पेथिक,होलियोपेथिक
झिलमिलाते ,पंक्कयों,पंहुतियों,पंक्कयों
बिछे , घुसेते, घुसेते, घुसेते
गुस्सा ,भौचते,भौचना,भौचन
छुपी , अफ्तरी,दहतरी,दफ्तकों
सुनने , महीय, महीय, महीय
असुविधा ,अड़ा ,अहं ,अड़े 
कारें ,तौल ,अंला ,धीला 
सांड ,प्राक्कलयों,प्रेक्कलन,प्रेक्कलन
व्यायामशालाएं ,निशामों, बयमों, बयमों
जिम्नेजियम ,अभिलाए,अभिलाए,अनलाए
बाध्य ,ढोना ,गूंता ,ढोये 
ओमप्रकाश ,वृत्री, वृद्ति,वृक्ति
एड़ी ,अवज्जो,अवरञा,अपज्ञा
सीताहरण ,भुवका,भुवका,भुमिल
इमला ,कार्डियोजिजी,कार्ययोलॉजी,कार्वयोलॉजी
बरदाश्त ,सचाया, कचाया,सचाया
एजे ,कॉरपोरेसिन,कॉरपोजेशन,कॉरपोरेरन
सफेदपोशों ,परिवमस्वरूप,पर्णामस्वरूप,परिणामस्तरूप
इंस्टीट्यूशनल ,आचाने, आचाई,आचायी
खरा ,उहत, पहत, पहत
जानेगी ,सूरा ,तारा ,धड़ 
विकारों ,अमृतिचिह्न,स्वीतिचिह्न,स्वंतिचिह्न
शौहर ,गोभलत,गोभवत,गोलक्त
हेक्टेयर ,सरिधि, बरिधि,सरिधि
ज़मीन ,युवात,युवात, कक्त
दोने , उस्ट,जताट,जताट
हाशिये ,पंहुगव्य,पचगव्य,पचगव्य
चिपकाए ,असत्री,मसत्य,असत्रों
आयात ,अपरात्व,अपरात्व,अपराधिव
अपराधिक ,नामांचरण,नामांकवाण, अमांकरण
लगवा , बबाएं,उबाएं,सबाएं
विश्वदाय ,डिंप ,माह ,वैप 
कटोच , घबकर,घटकते,घटकते
सुनवाई ,उथिर, बथिर, बथिर
परम्परा ,असहयत,अधिलियत,मसलियत
समर्थित , चुनाता, चुनाता, चुनाता
संतरो ,अभिजोरी,अभिजोड़,अभिलात
पशु ,उड़ताल,मड़ताल,मड़ताल
दासता ,सुर्जब,सुलखाब,सुलखाब
बिखेरना ,हरावर,हड़कर, अराकर
भींगी ,सशंका,सशंका,पशंका
पढ़नेवाली ,शीनी ,चीख ,चूनी 
छाव ,गजाधता,गड़धर,उजाधर
गुणे , उलसी, उलसी, उलसी
दखल ,झुकारा,झुकारा,झुकारा
आतिश , कखले,खोखती,खोखते
पिछड़ेपन ,बादर्ही,बादकही,बादगाही
पश्चिमपुरी ,दायितान,दालतान,दास्ताल
मंझला ,उकिम,पकिम,हाकिये
मूल्यवान ,सशेषातिथि,पशेषातिथि,विशेषालथि
गारा ,गुंजरा, गुंबन, गुंबन
अंजली ,विशेविधान,विशेविधान,विधिविधिन
राजभाषा ,मांगी ,धुस ,कॉस 
साहूकारी ,समीक्षात्मरों,समीक्षात्सक,समीक्षात्मरों
पुष्पांजली ,राष्ट्रीजी,राष्टिरीय,राष्ट्रीड़ा
उल्लेखनीय ,ध्याजा,पवजा,कवजा
मिनार ,सीधे ,कौंटी ,चंाटी 
सादगी ,सिपाकयों,सिपादयों,पपाहियों
मारूफ ,उव्यवस्थाएं,पव्यवस्थाएं,अव्यवस्थिएं
बोल्टेज ,घबराज,घरराया,घसीराया
ससुरालीजनों ,रखट,रचाट, उहट
कटाने ,सजमार,सजरार,सजकते
घूसखोर ,मंत्रोच्चारक,मंत्रोच्वरण,मंत्रिच्चारण
सतर्क , चेष्न, चेष्न, चेष्न
कार्यसूची ,छुड़ाने ,पपने ,छुड़ाने 
दूधिये ,मरदय,ह्रहय, अरदय
बराबर ,पजाएं,उजाएं,पजाएं
बोने ,रिपोदमन,रिपुर्मन,मपुदमन
निखिल ,रक्नुमाई,रसनुमाई,रहनुमारी
चारदिवारी ,बकने ,बिताने ,उकने 
कथनी , मरियाली,हरिवाली,हटयाली
अनीति ,मख्शने,मख्शने,बख्शेंने
जाको , मिर्ते, मिर्ते, मिर्ते
बदनामी , उहरे, उहरे,लड़रे
गोताखोरी ,प्रवेरा,प्लावेश,प्रांवेश
युवाध्यक्ष ,मतवन,चितरान,मतवन
मिठाई ,होकना,होकना,होकते
कत्था ,पंचापरा,पंक्परा,पंरपत
बहाता ,परधिकार,पदाधिमार,परिधिकार
कार्यवृत्त ,विडवोबना, अडम्बना,विस्म्बना
गुड़ ,युक्नी,युनाना,युनाया
टीकाकरण ,उताएं,उपरू,उताएं
छुड़ाओ ,चूंडे ,चूंडे ,ठंडा 
बहरी , बातृ, बातृ,बतृ
निर्वाणोत्सव ,प्लेतिद्वंद्वी,प्रतिद्वंद्ध,प्रतिनिवंद्वी
कारों ,उन्ता,चिमता,उन्ता
उत्तरदायी ,दर्लीज,दहनाज,दहलाज
प्राथमिकताएं ,धारवाओं,धारमाओं,परणाओं
खिदमत ,सरेम,सरेम,सरेम
जलसंकट ,सटूंगा,पटूंगा, कटूंगा
मरीं ,पलचर, अलचर,पलचर
सहमत ,छल्क, उटाक,छबीक
खुलवाना ,गूंजेता,पजेगी,गूंजेश
उज्ज्वल ,सरेंस,उरेंस,लॉरेंगी
ठूस , दायत, दायत, दायत
चुनना ,दीवाबंधु,दीक्बंधु,मनबंधु
चीर ,जनसंधार्ष,जनसंघर्ण,जनसंधार्ष
मैट्रिक ,मनमुक्ति,जनमुफ्ति,जनमुक्तों
चन्द्रमा ,सेहई, उवई,सेहई
अंतर्विरोध ,बाराल,बारिल,बारिल
मनमोह , पागते, पागते,पागता
अक्षमता ,मर्यापएं,मर्वदाएं,मर्यादारों
महादलितों , बफड़े,बफड़ा, बफड़े
परिवेश ,बहु ,बहा ,बड़ा 
चखनी ,आवानी, आसस, आसस
बुझाई , बहड़ी,उहड़ी,उहड़ी
दायें ,टांगवार,टांगकने,टांगवार
मकसूदन ,मईबर,उईबर,उईबर
हेलीकॉप्टर ,परोपियों,आजपियों,आश्पियों
रविकांत ,जोकते,जोड़िर,जोशीर
दुबारी ,घोड़ों ,बीसी ,औसी 
पॉलीटेक्निकल ,अनुसेवा,अनुरावी,अवसेवी
हड़पे ,पभय, बभय,पभय
सृजन ,मानती ,उनता ,मानती 
मुंहतोड़ ,वहमंत्री,पनमंत्री,वनमंत्व
ठोंका ,जाया ,उंन ,जाया 
मुसाफिरखाना ,नपुंसराता,नपुंसमता,प्पुंसकता
छान ,खाताधारिक,खासधारियों,खाताधारिक
त्रिमल ,टैक्सटामाल,जक्सटाइल,टैक्सटाएल
दीपावाली ,सुरीबों,सुरीबों,सुरीज
लेनेवाले , कधक, कधक, कधक
प्रभावती ,बरकगा,बरदागा,सरतेगा
नवरात्र ,प्रस्थाओं,प्रस्थाओं, अरस्थान
सेवायत ,बूडी ,देडी ,योडी 
निपटारा ,फुटवार,फुटकती, फुर्कर
मिलने ,उढि़ए,पढि़यां,पकए
जन्मा , बतरें,उठारें,उड़ारें
छत्तीसगढ़ी ,परायोर्श,परामनाश,सरामर्श
कसूर ,देंफा ,बांफा ,खतों 
संचार ,प्रोटीसी,प्रोकान,प्रोटीय
अस्तबल , नाटें, नाटें, नाटें
एकपक्षीय ,चित्टे,पमटे,पमटे
लौंग ,युगों ,मोंवा ,बंवा 
गुड्डे ,शंखरद,शंखनाएं,उखनाद
बाइ ,अंतवविद्यालयी,अंतरहद्यालयी,अंतगविद्यालयी
उदार ,धार्मिला, अर्मिक,धार्जक
गुण्डा ,इसहार, सजहार,इन्हार
निगहबानी ,सरणस्थली,शस्णस्थली,शरणस्तली
खण्डपीठ ,बैर ,लेार ,सौदों 
बस्तियां , उहिए,पकए, उहिए
मृगांक ,उच्जकोटि,उच्चकोश, अच्चकोटि
बवासीर ,लपने, बपके,पपके
श्रमायुक्त ,मन्यत्र,मन्यत्र,अनुयत्र
पतंगे ,पानेवाया,पानेवार,पानेहिले
स्पर्धाएं ,पूर्णहपेण,पूर्णशीपेण, प्र्णरुपेण
तदर्थ ,सुनहत, उनहरा,सुनहत
स्वीकारोक्ति ,सर्वसधामति,सर्वसहरिति, प्र्वसहमति
खींचना ,उभिशाप,अनुशाप,अभिशायी
प्रधानों ,सहुँचाने,पकचाने,पहुँचारों
सवर्णो , टंकया,टंकिए, टंकया
खरपतवारनाशक ,मिटाधागे,मटाएंगे,मिटाएगे
सेशन ,गुणवर्ताविहीन,गुणवत्तानहीन,गुणवविताविहीन
प्रेमजाल ,परमायी,उरमायी,गहमायी
खुले , बदय, बदय, बदय
चतुर्वेद ,रखओ,रस्ओ, कचाओ
मुस्कराने ,कसच,कसच,कसच
चढ़वाने , बयोत,सयोत,ज्योगी
रखेगी ,निपमाण,उर्माण,निर्शाण
प्रौढ़ ,क्रिवान्वन,क्रिश्न्वन,क्रियार्वन
सहोदरी ,पवैंया,कवैंया,कवैंया
सुल्तान ,डालेना,डाकिना,डालिना
भूमिहीन ,शयनवान,पयनयान,शयवयान
तल्लीन ,कलायेंगी,कराकगी,परायेंगी
मण्डलाध्यक्ष , अलाएंगे,जलाकगे,सलाएंगे
सरपंचों ,सरतन,सरतन,सर्तन
फिसले , बठेर,मुठेगी,मुठेरा
बोझ ,पेंशभधारी,पेंशनवारी,पशनधारी
दुपहिया ,परीक्षाफार्य,परीक्षोफार्म,सरीक्षाफार्म
कलमा ,जैगा ,जैगा ,गंागा 
तमंचों ,फजीहन,फजीवात,फरिहत
रोगाणु ,ककौनी,पकौनी,निकौड़ों
गुने ,सप्तालिक,सप्ताहिम,सप्रहिक
चालबाज , पयात,सयात, पयात
करे ,कएम,डीएगा,डीडीम
सीखिए , साहें, साहें, साहें
चोटिल ,शीशभहल, अशमहल,शीशमराल
