﻿valid,invalid1,invalid2,invalid3
न्यूतनम , कगों, कगों, कगों
अग्रहण ,पुस्रावृति,सनरावृति,पुनरात्ति
शिवांशी ,कलोरें,कलोरें,हिलोरो
जगहों ,विसंगतिथि,विसंबतिया,विसंगतिथि
दोस्त ,मुख्यतत्रित्व,मुख्यकत्रित्व,उख्यमंत्रित्व
कड़वाहट ,खुशिरा, खुलरा, खुलरा
जुलकर ,आपर ,उधार ,सधार 
थानाघ्यक्ष ,चारादीवारी,चारदीवाले,मरदीवारी
तेजरफ्तार ,खैरहन,खैरमानी, अरहनी
कमेंट्री ,चलकाते,चमकाओं,चरकाते
मैती ,अपरख,अभिरख,अपरख
श्रद्घालु ,अदूरवृर्शिता,अदूरसर्शिता,अदूरदर्ताता
बसही ,उनारी,उनारी, सनारी
वैशाखी ,ट्रासपोर्ता,अरासपोर्ट,ट्रासपोषिट
राष्ट्रवादी ,उकेगा,पढ़ागा,पढ़ागा
रूकने ,उर्ता,उर्ता,उर्ता
कार्यसाधक ,बूसी ,ऑसी ,बूसी 
पिस्टलें , मुक्र,मुड़र,मुड़र
दूषित , अरमिकों,उरमिकों,श्रदाकों
चिपकाये , उराती, उराती, उराती
सूंघकर ,चुकी ,चुकी ,घंन 
नुमाइश ,कोद ,भींद ,कोद 
पिलायी ,निगते, निगने, निगने
डरने ,फंसें ,नींडा ,फंसा 
पीड़ितों , कजीरे,पजीरे, कजीरे
वनफल ,छात्मारी, अपेमारी,छायामारी
मरेंगे ,समझरी,उमझता,सरझता
थ्रैशर , बभागा,पभागा,अमीगा
ऊफान ,मिटागे,मिलागे,मिटागे
ब्राह्मणों ,रीढ ,रीले ,झेंति 
बंटेंगे ,मुहादे,मुड़दे,मुर्य
महाविद्या ,टेजी ,टेजी ,फौज 
दलन , बरित,पारिये,पारिये
भांज , पजने, पजने,उजने
जनतादल ,जलगारों,सलगाह,जलझाह
बनोगे ,निकदा,निन्हें,निभादा
प्रशंसापत्र ,बिखेड़ता,बिगवाता, अगड़ता
संलग्न ,संवेदगी,संवेदल,संस्दना
सुरमयी ,अष्ट्रविरोधी,रामट्रविरोधी,राष्ट्रवारोधी
भौचक्क ,दयावाया,दर्वान,दयारिन
स्थिरता ,सयकाल,सांख्काल,सांयकाओं
अंगदान ,आदवें,आठते,कठवें
जसप्रीत ,ढोंडू ,यौडू ,ओेडू 
खंती , कुचते, कुचते, कुचते
कुपित ,खोने ,शादा ,शादा 
कोरे ,तदुपक्न्त,तदुपरान्ह,तदुपरान्ह
लहर ,छुट्टिव,सट्टियां,सट्टियां
फिसलती , ऐलाक,ऐनती,ऐजेंक
माईनिंग ,लीलाकर, अलाधर,लीलाधक
गरमाए ,दुखरु,दुखरु,कधारु
तंग ,बाजाकी,बाजाकी,परीकी
शहीदो ,पएंगी,उएंगी,उएंगी
अगाध ,कपरें,उब्रें, बब्रें
अस्थि ,बेचेत,बेचेरी, कचेगी
चयनकर्ता ,तिकोड़ी,तिरंनी,तिरंनी
सूची ,स्थिह,स्थाह,स्थिह
निरोधक ,स्वालातिक,स्नास्तिक,स्वास्ताक
सजावटी , कमाहा, कमाहा, कमाहा
नमूना ,छोडगे,कडे़ंगे,छोडगे
रुठे , अदहाल, अदहाल,बनाहाल
बिजनेसमैन ,महापर्वाण,महानिर्वादी,महानिर्मिण
अन्त्येष्टि ,बांटगा,बांटगा, बांधगा
उर्मिला , नासें, नासें, नासें
कान्वेंट ,मिलटू, पन्टू, पन्टू
खीझ , बधरे,कधरे,सुलरे
अभियानों ,सशराज,देशर्ज,देशराते
उत्तराधिकारी ,सर्यनुमति,अर्वानुमति,सर्यनुमति
सरजमीं ,सवुक,सवुक,उवुक
आरंभिक ,पवयंबर,स्वयंतार,स्वयंबन
बोटी ,मूल्लधार,मूसलकर,मूसलवार
देशी ,बर्खालीत,बर्मस्त,बर्मस्त
रुपया ,जरित्यक्ता,परिवयक्ता,परित्यक्स
तलाशा ,अपबुज,अम्हाज,अवबुज
धुंधलापन ,ठगों ,ठगे ,ठगों 
खतरनाक ,मंत्राधिय,मंत्राकय,मंत्राकय
बंटवाए ,सस्तकार,कार्तकार,कास्तकाओं
सुताना ,खातें ,ठीए ,खाकी 
अपराजिता , कद्व, कद्व,शुद्य
जलार्पण , अनायेगी,बनयेगी,उनायेगी
बनना , डाकिता,डालेता,डालेता
चिकित्सालय ,कयेंगी,पयेंगी,उयेंगी
प्राणी , कढ़ानी, कढ़ानी,सढ़ानी
ज्ञानवर्धन ,टांके ,मंाक ,टांगें 
प्रकाशन ,रोजनार्चे,रोषनामचे,रोजनामन
संशय ,पहएंगे,पहएंगे,पहएंगे
नर्सरी ,सम्तासीन,सहतासीन,मत्तासीन
रूठी ,फार्मसिद्ट,फार्मसियट,फार्मसिपट
पदक ,फर्ने ,फसाई ,फरने 
वृत्त ,पीस ,पुंढी ,फीढी 
डराने ,बंशराते,बंशराते,बंशरानी
राशन ,रेफ्रिजरेरर,रेफ्रिमरेटर,रेफ्रिजरेटम
दरी ,चौका ,चौका ,पौड़े 
दायित्व ,नीलामनाल,नीलास्हल,नीलामहक
खायी ,हजारत,पजामत,हजामति
रंगरूट ,खने ,भैने ,हिने 
प्राय ,अस्तयी,अनथायी,अस्त्यी
आकर्षित ,चमस्कार,चरत्कार,चमत्रर
फिरौती ,पष्पादित,निष्पात्त,निष्टदित
गूंजी , कझाने, कझाने, कझाने
प्रखंडस्तर ,मजारता,सजारता,गुरुरता
प्रतिकार ,सिरदर्थ,प्रदर्द,सिरक्र्द
मोतियाबिन्द ,सुन्यारता,सुन्यारता,सुन्यारता
तर्ज ,गर्मवतियों,गर्भवरूयों,गड़भवतियों
जलेसर ,बनाई ,बताएं ,बताया 
उलझाए , घुसेता, घुसेता, घुसेता
एलटीसी ,सृजनात्मवाता,सृजनात्वकता,अजनात्मकता
कराटे ,गिऱफ्ताएं,प्ऱफ्तारी,गिरीफ्तारी
निभाना ,निकारेगी,निर्रेगी,निपरेगी
प्रयासरत ,एमग्रता,एकाग्रम, प्काग्रता
गौसाई ,सकतरफा,एकतवाफा,एकतरक
सीनेट , मोदने, मोदने, मोदने
परमहंस ,स्पंनिन,स्पंदगी,उपंदन
तरजीह , बाभा, बाभा, बाभा
चंडीपाठ ,सर्वाकथ,सर्यार्थ,सर्वार्ण
ताम्र ,कदमर्ल,करमताल,कदमगाल
कलक्टर ,दोहकव, उहराव,दोस्राव
पिछड़ा ,शीलण,शीर्ज,शीर्द
स्वर्ण ,मौसा ,रैनी ,ढूनी 
रोडे़बाजी ,जिदंवि,जितागी,जिदंवि
चमड़ा ,ज्वायोमुखी,ज्येलामुखी,मवालामुखी
तोलकर ,परिसदल,परिचादन,परिस्दन
उगलती , भूलेते, भूलेते,भूधाते
जवाबी ,कांस्ते,कांगते,कांगते
ज्येष्ठा , रोमांना, रोमांना, रोमांना
प्यार ,आंमत्सत,आंमत्रत,ममत्रित
बक्से , अजदीक,पजदीक,सजदीक
जनसूचना ,विद्ष्ठ,विस्ष्ठ,विद्ष्ठ
जानेवाला , अरॉफ्ट,परॉफ्ट,उरॉफ्ट
कैंसिल ,दाह ,छीईं ,धुंईं 
मिटी ,परिसेवी,परिजवा,परिश्वा
रस्मे ,अधिशंसित,अनुदेसित,अनुपासित
लोकसेवा , कखाई,सिरई, कखाई
दीर्घजीवी ,उतथित,मपथित,उलथित
कसरत ,धमझायां, अमकियां,धमरायां
अभिकरण ,नीम ,ढीली ,ढीली 
आरक्षी ,एक्लौती,एकसाती,पकलौती
खंडाधार ,कार्डर्री,कार्मधारी,कार्वधारी
धूना ,पैंतन,पैंतर,पैंतर
रूढि़वादी ,योगकय,मगमय,पगमय
दाम्पत्य ,मत्तारूढ़,सत्तारूषों,प्त्तारूढ़
बंदरबांट , बलेख,संलेश,कलेख
फलाफल ,उघोरी,कघोग,सघोग
समाए , उडेरा, उडेरा,मुक्रा
पैंतालिस ,शटे ,अभि ,सटे 
प्रासंगिक ,जनर्मुदाय,जनसमुग्य,अनसमुदाय
अतंर्गत ,चाहगा,चाहेड़ा,चालागा
सिम , प्जिटाइजेशन,डिजिटाइजेशर,डिजिटाइजेशर
खुलवाएंगे ,लेखियों, बखिका,लेखियां
सामना ,बखें,बखें,कखें
बूंदी ,उरधानी, अरधानी, अरधानी
सहायता , सहकती, सहकती,महलाती
आश्चर्य , ससले,भौंकले,भौंचले
आफत ,जमामे,कन्मे,सन्मे
अंगुल ,चिपरण, अत्रण,चिल्रण
हास्यापद ,सख्शेगी,पख्शेगी,बर्शेगी
नशीला ,व्यासम,व्यासम,व्रपम
अद्वैत ,परचानने,महचानने,परिचानने
निपटारे ,गुरुरेंगी,गुजरेंजी,गुरुरेंगी
मुहिम ,बुद्धिमावी,सद्धिजीवी,बुद्याजीवी
विसरा ,संववनी,उजीवनी,संजीवर
नमित ,फांम ,जैम ,जैम 
पूर्ती ,गुलेगा,गुलेगी,गुलेगी
झोपड़ी ,पलझती,उन्झती,पलझती
असुरक्षित ,बस्ता ,पस्ती ,बस्ता 
शुभारंभ ,बलिक ,कालिए ,कालिया 
घसीटा ,खिंचक, उचने,खिंचन
जीविकोपार्जन ,आदटी, आसटी,आदटी
उर्दु , कुचग,कुसंद, कुचग
रौंदा ,ताजिश, ताकया, ताकया
कलिका ,रहरावाले,रहनेशले,रहरवाले
उतराती ,उनने ,मानते ,मार्ने 
उजली ,अगठनमंत्री,संगठनमंत्वों,संगठनकात्री
समीर ,शालिग्राय,शालिग्राने,शामग्राम
साक्षात ,पटती ,मिलेती ,उटती 
गहनता ,नगदीकरक,नगदीनरण,नगदीकर्ण
घोड़े ,सड़ित,कड़ित,उड़ित
चूकता ,लखवाति,लटपति, अखपति
उलझते ,खांच ,संतो ,संघों 
भूखा ,अक्षश,अभिषांश,अक्षिश
उबल , बमाये,सहये,पमाये
वासुकी ,ढगे ,नोंगे ,चैगे 
ढोने ,हडू ,माँडू ,चडू 
मजलूम ,विद्क्षी,विपजाषी,विपवाषी
अधिवक्ता ,परचारिका,प्रचार्का,प्रचारिया
म्याऊं ,चलबवाली,प्लनेवाली,प्लनेवाली
प्रेमनगर ,क्षात,पषत,कषत
वनक्षेत्राधिकारी , परून, परून, परून
राउंडअप ,नन्रे, ककारे, ककारे
पेय ,लूटो ,छिडो ,लूट 
कालापन ,जनकश्वास,जनविश्वासी,जनविश्चास
खंडन , अर्शनी,दर्मिनी,दर्मिनी
भद्दा ,पढ़ाष,पलष,पढ़ाष
बेबुनियादी ,बस्त ,हवात ,हस्ता 
बताऊं ,ग्रामदय,प्रामोदय,मरामोदय
फूला ,टोग ,सींच ,सींचा 
रसोईया , सुरूष,सुरूण,सुरूण
सहन ,गाड़िगे,गाड़िगे,गालिगे
सतही ,नाडू़, बाडू़,साडू़
कमला ,पटने ,घुटती ,घुमाने 
प्रदक्षिणा ,झटर,झझला,झड़र
छींके ,नेतृगिरी,नेपगिरी,नेपगिरी
मेंढक ,फैसएं,फैलएं,फैलेंएं
शिक्षाकर्मी , सजाला, सजाला, सजाला
बीजे ,ख्वालशें,ख्वाहितों, अवाहिशें
जनमंच ,झुख ,रूठे ,कुंख 
त्रिदीप , ककता,रुमाता,रुमाता
प्रत्यक्षदर्शी ,सखमय,उखमय,पखमय
दर्शाना ,जमामी,जख्ता,जमामी
बिलख ,द्रती,द्रती, द्वाव
सेवता , बवाएं,उवाएं, बवाएं
पड़ोसी ,पढ़ाली,पढ़ाली,पढ़ाली
वित्ताीय ,बेचाक,बेबाने,बेगाक
गूंगे , सानै, सानै, सानै
विस्फोटक , बधावी, बधावी,पधावी
उदासी ,वाटू ,वाटू ,छैटू 
वर्गाकार ,वेल्हाग,उल्डिंग,वेशडिंग
ऑर्गेनाइजेशन ,फिटना,फिटती,फिटता
श्रोतिय ,ढेमा ,भेमा ,खेतों 
छिटकने ,शक्तिनिठ,शक्तिकाठ,शक्तिभाठ
दुग्धशाला ,ज्ञानदषण,ज्ञानाभूषण,ज्ञानभूतेण
दुर्भाग्यजनक , पलाती, पलाती, पलाती
मृदु ,सघई,जंघले,जंघट
दमक ,वैश्ख,उशाख, बशाख
तनावमुक्त ,ढाणी ,रूले ,ठाले 
जातिवाद ,लेंड़ ,धरे ,गूंड़ 
नक्सलवादी ,रेल ,पेशा ,मूंशा 
निस्वार्थ ,प्रवाजन,प्रयोजय,प्रयोजलि
राष्ट्रदीप ,वफा ,चोंनों ,वहीें 
बारिश ,चूदे ,जुदे ,जुदे 
कलाकारी ,भंवहा,भंवहा,भंवहा
साफतौर ,अपमय, पसमय,अवमय
विकासवादी ,बेकराज,बेककर,बेककर
जीतो , बाष, बाष, बाष
अधूरा ,पुर्य,पुर्द,पुर्य
नोंचा ,मरकिरी, अरकिरी,किरकियां
विकट ,खोंक ,अंग ,अंत 
नेक ,आत्याबल,आत्रबल,आत्यबल
चरणो ,भयमुक्तों, अयमुक्त,भयमुद्त
महर्षि ,महरती,ठहनाती,सहरती
दबाने ,कृण ,ठीण ,मौला 
धर्मस्थलों ,सषाहार,उषाहार,पोषाहारा
काबिल ,कॉज ,कॉज ,चप 
निषाद ,वामतक,वामतर,वाल्तट
रूधौली ,खामोता,खास्सी,खास्ती
कथानक , प्श्रामागार, प्श्रामागार,विश्वामागार
सावन ,संरकारिक,प्स्कारिक,पस्कारिक
ओहदेदार ,पनोरोगी,मनोरोहों,सनोरोगी
मलाईदार ,विगुन,उगुल,विधाल
शांतिलता ,राजाते,रात्ते,रात्ते
गृहस्वामिनी ,अग्निरोधन,अग्नियधक,सग्निरोधक
