﻿valid,invalid1,invalid2,invalid3
मनोनीत ,उत्पाठ,उलपादों,मत्पादों
बांधकर , उराक, उराक, उराक
योग्यता ,वृन्दायन,वृन्दावना,वृन्नवन
विक्री ,छेड़ा ,फांड़ा ,बाला 
मिलेगा ,गोवक,गोशाध,गोवरों
केंद्रीयकृत ,पफिया,खूशया,खूफिलों
बंजारावाला ,जलेख,जतागी,जमागी
ऊर्जा , पब्जा,कपजा, पब्जा
जीओ ,बनशिश,बख्याश,उख्शिश
गजन ,सहनावे,परनावे,सहनावे
खूनी , उलना,ढोकना, उलना
उग्रवाद ,पहारें,फुहानी,उहारें
दस्ताने ,कटपना,कल्पथ,कटपना
पिकनिक ,गृहरक्षण,गृहरक्रक,गृहरक्रक
एकजूट ,खेलवात्री,खेलमंगरी,खेतामंत्री
प्राध्यापकगण ,घबनाओं,पटनाओं,घटकाओं
बचाओं ,पुस्तुलय,पुस्कारय, अस्कालय
चाटुकारिता ,सूबों ,फैफी ,राफी 
अबोध ,बैसान,पसाखी, कसाखी
भयाक्रांत ,उरानगी,हैरानन,हैरानर
जयमाता ,लाभकात्र,लाभपारिर,लाभचिंत्र
नीरज ,अमीजा,अखाजा, बनुजा
गायकों ,लगकने,लगकने,लगकने
साजिश , अहत्या,गौवंत्या, अहत्या
क्षत्रीय ,मजनयिक,राजनशीक,राजनयिनी
छुटकारे ,उजाए,पजाए, कजाए
चीत्कार ,दौड़े ,दौड़ी ,दौरा 
चिकित्साधीन , कमाटे, कमाटे, कमाटे
चूक ,अज्ञानिकता,जज्ञानिकता, प्ज्ञानिकता
निर्णय ,सणराज्य,गणराज्ञों,पणराज्य
मूक ,प्राप्पा,उराप्ति, अराप्ति
प्लावित ,उपडे़,पपडे़,पपडे़
सामंत , बथिति,स्टाति,स्टाति
कायदे ,सरिणी ,समाया ,सजाया 
कार्यक्रमों ,जोतक,जोतक,जोतक
रेंगी , प्रने, प्रने, प्रने
तड़का ,पफ्ता, बफ्ता,पफ्ता
विनाश ,उद्लंघन,उल्पघन,मल्लंघन
मिटा ,रुकेट,रुकेट, ककेगा
दागकर ,भूपाने,भूपाई,भूधाल
पर्दानशी ,कुंवस्गांव,पवरगांव,मवरगांव
ढाचा ,नवाहों,कन्हों,नगहों
सेवईं ,भगवट, अगवती,भण्वती
मौहल्ले ,पविभाषी,सविभाषी,द्विताषी
डालेंगे ,मोर्ई,मोर्ई,मोड़ई
मुंशी ,रुद्धभिषेक, प्द्राभिषेक,रुहेराभिषेक
डुबोया ,महायोगिना,महापजना,मनयोजना
षडयंत्रकारी ,कझान,कझान,कझान
कार्यशील ,सजयी,विचायी,विवायी
तनिक ,बैनान,पचेन,बैचेरे
संसद ,तोरह्द्वार,अरणद्वार,तोरणद्वास
ऐलान ,बैरीतिडिंग,बैरीड़ांडिंग,बैरीकेबाग
समार्हता ,सवंरिया,उवंरिया, अवंरिया
ग्राम्य , पजर, पजर, पजर
विषमता , संजोरी, संजोरी,संबंरी
बनगाव ,घपदे,घड़िदे,परौंदे
धरकार ,सेवानी ,सेनाने ,कनानी 
शांतिपूर्वक ,रखरखाने,रक्रखाव,रक्रखाव
कठोर ,जुल्गी,जुटेल,जुटेल
जानकारी ,बतावगी,बतारगी,मताएंगी
फुफेरी ,मुस्थाराए,मुस्कुलए,मुस्कुराज
गिरवीं , धमाती, धमाती, धमाती
नगण्य ,राष्ट्रीब्करण,पष्ट्रीयकरण,मष्ट्रीयकरण
बधवाना ,संघलषी,संघर्थी,मघर्षी
कामनाएं ,अतीजा,अतीजों,अतीजों
गैराजों ,गौमुन,गौवंख,गौमुन
मख्खन ,एक्षाडेंट,एससिडेंट,एमसिडेंट
बढ़ेंगी ,क्षेत्रासोतर्गत,क्षेत्रान्तर्थित,क्षेत्रान्तर्धत
ह़जरत ,खुन्कर,खुलदार,खुलकने
पदधारक ,नाकाज,नाकाज,नाचज
साम्राज्यवादी ,विनम्रतापूर्ताक,विनप्रतापूर्वक,विनप्रतापूर्वक
प्रशोतम ,ढ़लना ,ढ़लने ,ढ़लता 
खानापूरी ,चमगी,चलागी,चमगी
छाएगा ,चिंजे ,भेंटें ,भेंड़ 
देवीकुंड ,जपमण्डल,उपमस्डल,सपमण्डल
उड़ाये ,तीतन, तीर्र,तीतक
इत्तेफाक ,अतिविशिष्मी,अभिविशिष्ट,अतिविश्ष्ट
बैंड्स ,लहकई,लगाराई,लहराज
ओलम्पिक ,धुरी ,झींल ,मैंल 
हवाईपट्टी ,मुहाद,मुरीज,मुरीज
पूरक ,होता ,श्ड़ ,होगा 
हिन्दू ,अराने ,कराया ,बराने 
प्रस्वीकृत ,उताओं, उठारे,उताओं
विशालकाय ,पोहू ,रेशों ,डूहू 
प्रबन्धन ,कञाता,कञाता,पञाता
बैठी ,स्वर्गीतों,स्नार्गीय,स्नार्गीय
अपराधी ,निलम्मन,निलपबन,निलम्भन
गहरायी ,सभाविला,समावाला,समावाला
नामित ,सराइसाइकिल,ट्रंाइसाइकिल,ट्रंाइसाइकिल
ऋषभ ,जष्परिणाम,दुष्टिरिणाम,दुष्परियम
हासिये ,लांकी ,ढाए ,सिंकी 
उपादान , बरांति,भ्रांतों,भ्रूति
नजायज ,कार्ता ,काटती ,पटता 
ललाट ,उपतरा,उत्रारा,उन्तरा
लदाना , पसकता,सिसमता,सिसलिता
उपकरण ,प्रतिद्धजन,प्रमाद्धजन,प्रह्द्धजन
खिंचवाए ,सरिंदे,पलदे,पढ़ादे
झंकृत ,ब्लूह्मण,ब्राह्मयी, अराह्मण
बता ,सरसदों,सभासरों, अभासदों
सत्कार ,पखदेवनगर,सुखदेवर्गर,सुपदेवनगर
छुआछुत ,लोंड़ा ,करें ,लोंड़ा 
उछाले ,ममपर, अमपर,नासपर
असहमति ,मिलाकाला, अलाजुला, अलाजुला
सेठ ,भावचारक, अईचारक,भाईचानक
लुप्त ,छूटेंना,छूकना,छूकना
कजरा ,निबटाप,पबटाए,निबराए
प्रबोधन ,नगड़े,सगाड़े,नवाड़े
विषैला ,लक्लहा,लक्लहा,लक्लहा
कंजूसी , अढ़ीनुमा,सीरिनुमा,सीढ़ीनुज
भेजने ,दिलझानी,दिलावानी,दिलावानी
दमदार ,फोड़ ,ठोड़े ,ठोड़े 
त्रिफला ,निरस्षर,निरक्रर,निरक्षणों
भटकेंगे ,संतोषाविद,संस्षानंद,संतोषनंद
कहार ,लाज ,लादे ,घेंठी 
विद्यालयों ,महतक,महतक,महतक
पोस्टर्माटम ,सथकंडा,हथकडा,हथराडा
भोलेशंकर , रूमाती, रूमाती,रूढि़ती
मुकुट ,प्रौतिरोधक,जरतिरोधक,प्रतिर्धक
नगदी ,जुटाकता,जुटायर,जुटाकता
रस्से ,उन्नीलैंवीं,उन्नीवावीं,प्न्नीसवीं
चतुर , बाखे, बाखे, बाखे
काला ,धौंले ,रले ,सले 
संबोधित ,गुमराते,गुमकह,गुमरानी
विरह ,प्रामालाप,परेमालाप,प्रेपिलाप
लाभार्थी ,बरवातों, अरकतों,परकतों
शहतूत , पिछई, पिछई, पिछई
वाक्य ,मतिधारा,शांतिरारा,शांतियारा
वीरता , उताती, उताती, उताती
बाते ,अंतपुरा,अंतपुरा,अंग्पुर
फलते ,चौपान्नी,चौकवानी,चौदन्नी
अछूती ,उलाये,उलाये,दिहाये
कंजूस ,रिश्वतरर,रिश्वातखोर, प्श्वतखोर
समरेखण ,आनंर्शवादी,जदर्शवादी,आक्र्शवादी
टेढ़ा ,इस्काउंटर,इनकावाटर,इनकामटर
स्वभाव ,दोशी ,ऑहे ,ऑहे 
झूले ,मशगुरू,मशगुणों,पशगुल
परायण ,फिरंपयों,उरंगियों, अरंगियों
अन्याय ,शुरूकित,शुभेकिया,परूकिया
निबटेगी , कबाध,अबाने, कबाध
महंतों ,सलनसार,मिलनगर,मिश्नसार
दक्षता ,ऊंही ,सोंही ,ऊंही 
सिद्धहस्त ,रूपनाड,रूपकुंभी,पपकुंड
तपने ,मुड़फा,मुहाफा,मुक्फा
आईए ,जीआन्त,जीवरात,जीवन्ट
तुलनात्मक ,मृदंका,मृतर,मृतन
कॉमेडी ,घायलावस्त,घायमावस्था,घायलाजिस्था
साहित्यकार ,झंने ,लातों ,लाओ 
पिघले ,रुद्रणारताप,उद्रप्रताप,रुद्रप्रताएं
बिछाए ,पचपर,परिपन, सचपन
उगाई , बन्ति, बन्ति,कानूति
गांव ,छस ,कोरे ,हैस 
खस्ताहाल , बशे, बशे, बशे
मोल ,रूती ,आँती ,यती 
कंधे ,निकदेशों,निपदेशों,मर्देशों
नकलविहीन ,लहछेदार,ललछेदार,लहुछेदार
जागें ,मृदुमषी,मृदुमषी, अदुभाषी
रुकावटें ,सुहागराय,सुहासरात,सुहागराम
प्रस्तावित ,समामुच,समामुच,सरमुच
लैंगिक ,मरीक्षाओं,परीक्रओं,परीदषाओं
पलंग , उलना,झूमेंना,झूमेंना
बुद्धिमान ,छेन ,छौंन ,सूत 
जातियों ,जनहिष्षी,जनसंतैषी,जयहितैषी
सत्यानाश ,स्वश्न्त्रता,स्वतन्मरता,स्वतन्त्सता
गिरिराज ,हिन्य,सन्दु,पन्दु
बायीं ,उछेगी,कछेगी,बिछेक
अनार्य ,पनियोग,विद्योग,विनिष्ग
उबड़ , अरंजन,विरंकान,परंजन
पूर्वसंध्या ,उच्चाधिशारी,उच्चाधिवारी, प्च्चाधिकारी
हंसवाहिनी ,पबेदार,सूददार,उबेदार
पूछे ,उरोध,उरोध,विचाध
मंहगे ,दामोचिर,पमोदर,पमोदर
श्रृद्धालु ,मंगनकामना,मंगलक्मना,मंत्लकामना
साथियों ,भग्नावस्ष,भरनावशेष,भग्नाधिशेष
भयंकर ,समूहगार,पमूहगान,पमूहगान
निलंबन ,गोसाश,गोवंय,गोशाश
जीते ,फटखरने, अटकारने,फटकाकने
भटकी , दोस्ने, दोस्ने, दोस्ने
अनचाहे , उराती, उराती, उराती
निहाल ,मनोसय,उत्सय,मत्सभा
रस्साकसी ,ब्रतिमस्वरूप,ब्रह्मतवरूप,ब्रधामस्वरूप
किराये ,मिर्म,मिर्म,मिर्म
गोलीबारी ,आर्लाईन,आनलावान,आनलाईस
उड़द ,केंद्राधीक्टक,केंद्राष्क्षक,सद्राधीक्षक
अंतरा ,सपमाला,दीपमानी,दीपजाला
जलीय ,मुखातियों,मुखातिका,मुलातिब
दिनदहाडे़ ,सेहकालीन,प्वाकालीन,सेहकालीन
झलका ,थैल ,गाँल ,गाँल 
बन्द ,रैंडे़ ,दांडे़ ,मीडे़ 
हिलती ,सीरण,सीखेंत,सीरने
खरीदारी ,दुर्तश,दुल्वेश,दुर्वेद
गरजेंगे ,धाविधा,धावका, बविका
प्रतापी ,सूबेकर, अखकर,सूखकता
डाली ,चपने,पपकी,चपने
ईमानदारीपूर्वक ,कपीते,पपीलें,सपीते
अकेले , खिसन,खिलेन, खिसन
रेलमंडल ,नाबायक,नालायत,नालायता
निखर ,उभले,पभरे, कभरे
ज्वर , बनीर,उनीर,पनीषा
स्थानक ,मोहिरें,मोड़रें,उहरें
जमाखोरी ,पाँतें ,ठातें ,ठातें 
सतारूढ़ , तैलीती, तैलीती, तैलीती
अनुपलब्ध ,राजमार्ण,राजमानिग,राजमानग
अवैध ,विरोहयों,विकधियों,विद्धियों
निखारें ,भागीरर,भागीरार, अगीदार
शवासन ,सहूकातें,सहूकातें, अहूलतें
व्याघ्र , सम्बू,तम्पों,तलाबू
आशावादी ,पचलकर्मी,अंचलवार्मी,अंचनाकर्मी
फिसल , सपवास,उतवास,उपवाया
ननकऊ ,घड़िएं,घड़िएं, घटएं
जताकर ,मेहल्तकशों,अहनतकशों,मेहल्तकशों
रिटायर , बुद्ई, बुद्ई,बुर्ई
जल्दबाजी ,शक्फ,शहफ,करीफ
भ्रमर ,खामिनाजा, अमियाजा,खानयाजा
मजरूल ,गोलाशक,उलाफेंक,मलाफेंक
ऊंचाई ,ऋणार्मक,मणात्मक,ऋणात्सक
मुनकाद ,पहश्रम,प्रिश्रम,पर्श्रम
बाउण्ड्री ,सम्मीत,सम्वर,सहवत
ठेस ,भौंचने,भौंचने,भौंचने
निरंकुश , नाढ़े, नाढ़े, नाढ़े
रजिस्टरों ,वसूसल,वसूसल,वर्सल
विभिन्नता ,फैला ,फैनी ,जिंन 
कथास्थल ,पर्षो,बर्य,पर्षो
पिण्डारी ,कजें,कजें,कजें
संचयन , अर्दात,दुर्जत,दुर्मित
निर्वहन ,सहामानपूर्वक,सम्मानमंर्वक,सहमानपूर्वक
लाइनमेन ,अधिष्स्थ,सधिनस्थ,मधिनस्थ
सितम ,विधिवर्वक,विधिसूर्वक,विशिपूर्वक
निजाम ,पमिदाता,भूतदाता,भूमिदारी
समर्थक ,ठीकेदान,ठीकेलर,पकेदार
हटेगी ,रंगभेरी,रंगमद,सगभेद
रेंगने ,उशिष्या,सशिष्या,सशिष्या
स्वाति ,सूक्ष्ठजीव,सूर्ष्मजीव,सूखाष्मजीव
वैधानिक ,थानाररभारी,थानाप्रभाषा,थानाप्राभारी
बिगडऩे ,छर्द,छर्य,छर्ज
दिवाला ,ढमा ,जहंा ,ढमा 
प्रत्यारोप ,सषम,विषणों,सषम
उगली ,अपजली,अनजली,अधरली
मावे ,बंदीरक्षिक,बंदीरक्षरों,बंदीरमुषक
एकाकीपन ,पहखने,परखड़ा,उरखने
देश ,पुनसंविवाह,पुनर्विवाद,पुरुर्विवाह
पछाड़ ,नशेड़िजों,नवबाजों,नशेषांजों
वर्गफुट , बगुनी,दुबनी,कगुनी
उपर्युक्त ,सच्चिपानंद,पच्चिदानंद,सर्चिदानंद
पूर्वजों ,गांने ,सीटी ,त्ने 
पोती , अगपाल,जगपाठ,जगपार
उठना ,कानाफूस, अनाफूसी,कानाएसी
प्रेजेंटेशन ,उपप्रपुनाचार्या,उपप्यूधानाचार्या,उपररधानाचार्या
आयुर्वेदिक ,पैडी ,लंडी ,खु़डी 
नापाक ,निर्सिनी, पवासिनी,निवायनी
बंटेगा ,आत्मसुरधाषा,आत्रसुरक्षा,आत्महारक्षा
