﻿valid,invalid1,invalid2,invalid3
बेहिचक ,उविधा,सुवियों,सुझाधा
दीवार ,संाधि ,नीधि ,नीधि 
मांझा ,पलर्क,क्लझाक,क्लर्ण
नहाएं ,शांतिशरक,शांतिविरण,प्तिशरण
रिक्शे , अर्पगंधा,सर्पत्धा,सर्पकधा
उत्तरपुस्तिका ,अहिरती,अनरन,अहिसान
दफा ,प्रातियोगी,प्रोतियोगी,प्रवायोगी
वरीय , पमती, पमती, पमती
त्रिलोक ,नामंाकर,नाबाकन,नामंाकर
किलकारी , तोड़ेंने, तोड़ेंने, तोड़ेंने
कॉपी ,प्रिमवीर,प्रामवीर,प्रोमवीर
तर्कसंगत ,मणि ,छींचा ,दौचा 
झांक ,स़फाये,स़फाये,स़फान
उछला ,कहिया ,पहया ,सहिया 
करार ,जिप ,रूठा ,रूखे 
अंहकार ,परतिनिधिगण,प्रतिष्धिगण,प्रतिनिधिदण
सयुंक्त ,मंगमए,सगवाए,मंगलए
अंतरराष्ट्रीय ,उदलना,बदगाना,बरलना
लगुन ,गांगी ,टंगा ,घोगी 
जीवांश , प्न्देलखंड,बुन्द्लखंड,बुद्देलखंड
न्यायायुक्त , बयम,उयम,निभाम
ग्रेटर ,गवाडों,गजडों,पढ्डों
धमरें ,क्की ,माकी ,लौटे 
पनपा ,अस्तानंल,अभिताचल,अस्तचल
कुशलता , कखना,महंना,महंना
मजदूर , उहम, उहम, उहम
ट्रंासफार्मर ,जिस्मानों,मस्मानी,पस्मानी
प्रेमनंदन , उनव,मायव,मायव
औपचारिकताएं ,डबवाने, अलवाने,डब्वाने
वित्तमंत्री ,असधारणा,अवरारणा,अवधान्णा
चुटकुला , उपहले,रूपहत,रूस्हले
बामुश्किल ,नोंटा ,पिने ,शटा 
विलुप्ति ,पहेगें,उहेगें, बहेगें
महाष्टमी , भट्त, भट्त, भट्त
विभाज्य ,नैनती,नैनते,नैनते
फुलाने ,मचोपरांत,प्चोपरांत,प्चोपरांत
महासंपर्क ,संगणव,संगणयों,मगणक
पाऊं ,दुश्मति,दुश्तिन,दुश्रिन
सब्र ,सराता, पराता,सराता
शीतकाल , पल्ख,तल्हे,तपख
गालीगलौज , मुक्ग,मुड़ग,मुड़ग
गड्ढ़ा ,खिंगे ,डेंगे ,खिंगे 
स्वनिर्भर ,वीडिड,वीकेंगें,वीकेंडों
धनी ,डुगकगी,उगडुगी,मगडुगी
सुरक्षागार्ड ,मार्गधर्शन,मार्गतर्शन,मार्गठर्शन
उद्योगमंत्री ,अाज ,नौज ,चीखों 
टाल ,विंध्र, विंध्वी,विंध्र
विनियम ,नशेसत,नफासन,उफासत
ठगे ,बननेशली,बननेशली,बदनेवाली
हिचकोले , कजेगा, कजेगा,गूंजेता
खुशियों ,पूँब ,हृाब ,हृाब 
निवेदक ,कपगी,परुंगी,कपगी
खुखरी ,भोज्नी,भोज्नी, पगनी
सुडौल ,शीतप्पेय,शीतलब्य,शीतलहाय
मन्नतें ,हृदयक्थली,हृदयस्थन,हृदकिस्थली
श्रद्धेय , उहरा,सेविरा,सेविरा
अल्पसंख्य ,प्नहगार,गुणहगार,गुनहगाया
समभाव , अराथमिकि,प्रिथमिकि,प्राथराकि
वाकयुद्ध ,निशान ,सदान ,निदास 
अजमाने ,उरीदगी,खरीतिगी,खलिदगी
बहकावे , कगाए, कगाए,पगाए
यात्राएं , गायिन, गायिन,गाथान
नटवार ,क्रित्रवाद,क्षत्रवाद,पषेत्रवाद
कठपुतली ,छुटया, कड़ाया, कड़ाया
कनकभवन ,पैताएस,पैतावस,पैतालिक
आयोग ,उजांची,खदेची,उजांची
रफतार ,वज ,कुंठा ,भाज 
गिलास , उलाने,बुद्ने,बुद्ने
स्वाभिमान ,घुमा ,घुली ,बेंस 
सीमाक्षेत्र ,सर्माकल्याण,सर्माकल्याण,सर्वकस्याण
निपटाती , अदलेगी,उदलेगी,पदलेगी
धुलवाने ,कखद,उखद,उखद
लगाएं ,आंवरों,आंतले,आंवरों
पंचायती ,कजिश,रंगोश,उजिश
रोके ,खीरा ,खीर ,पूरे 
रिजवाना ,जेबकतन,जेबरतरा, अबकतरा
सत्तू ,विकधर,विषधता,विषरर
हस्ताक्षरयुक्त ,वाचियां,वाचियों, बचिका
संक्रान्ति ,पर्मसंत,परमनात,परमसंघ
अचेतावस्था ,मडयंत्र,षडलात्र,षडम्त्र
नौंवे ,वाद्ययंकार,अद्ययंत्र,वाद्ययंकार
मनाया ,धुनें ,घूंन ,धुरी 
शमा ,मर्टीजन,पार्याजन,सर्टीजन
भंगा ,शर्जी, शक्म, शक्म
पिने ,बहुआईमी,बहुआयार,बहुआरमी
जीतेगा ,उचिंग,कोशिग,उचिंग
कलेजे ,साहिणी,साहिणी,सातणी
निशाद ,चहरवावारी,चहरदीवासी,चररदीवारी
पूछेगी ,शेरू ,शूल ,श्रू 
बहार ,मवचेतना,नवचेबंना,मवचेतना
कान ,पकसना,परोसभा,उरोसना
करुणा ,बैतु ,सेठों ,फातु 
शर्मिदा ,न्यानी,न्यूरे,कयारे
समोसा , महंना, महंना, महंना
हनुमंत ,हिम ,गूल ,हिली 
मसला ,गहदन,गहदन,गर्दरी
आउटसोर्सिग ,झोहा ,गूहा ,चौंहा 
विकासखंड ,मलझाई,सुधझाई,पलझाई
खौफनाक ,नौकाखानी,नौकखानी, अहाखानी
हटवाए ,कुन्होंल,उन्तल,कुलतल
धार्मिकस्थल , चुनया, चुनया, चुनया
परचे ,चाँट ,ठाठ ,ठाठ 
असहजता ,तकरारमजी,तकलरबाजी,तकरारमजी
दुर्ग , मरकने,थिरहने,थिरहने
मोनाली ,निशाहे,निशाहे,निराहे
विषय ,नसबंधु,पसबंदी,नसबंधों
डाक्यूमेंट्री ,बर्काना,बचकाओं,बचकाओं
सड़ ,गड़पड़ा,सड़बड़ा,गड़बत
हेडकास्टेबल , अगावत,बगाएंत,बगाएंत
गैंस , बफिया,खुफिलों,खुफिस
योजनावार , उदमे,सजामे,सजामे
परंपराएं , उहनो, उहनो, उहनो
चोंच ,बाते ,स्लू ,बार 
ताज ,पफनते,उन्नते,मफनते
ईलाज ,मृत्रों, बत्यु,पत्यु
उल्टा ,छप्वाया,छपटाया,छप्वाया
सुनेगी ,अनुशनकारियों,अनस्नकारियों,अनशतकारियों
रंगमंडल , पमती,घुसेती, पमती
पुताई ,कसेड़, कसेवा,कसेड़
रंगीले ,नकते,नकते,नकता
सगुन ,निर्तण,निभागुण,निपगुण
आमदनी ,पवीचरण,देवीचस्ण,देवोचरण
ढ़ाल ,छपवार,मपकर,छपकता
बॉयोमीट्रिक ,कल्याणासथ,कल्याणार्ति,कल्याणार्ति
दुबक ,खैला ,गीते ,गीत 
अनुसूचित ,केंद्य,केंचुरों,केंद्य
होंठों ,पलास्टल,पलास्तार,पलाहटर
मानित ,अज्यवित्त,राज्यविहीत,राज्ञोवित्त
प्रत्याहार ,प्रस्थातिया,सरस्तुतिया,प्रस्ततिया
दुल्हे ,समतरी,ममतल,समतकों
पूर्णचन्द्र , गत्रों, गत्रों, गत्रों
शरमा ,परंधर,धुपधर,धुलिधर
खरे ,स्कासटस, अकाउटस,स्कानटस
काटा ,पवरत्न, अवरत्न,नवरपान
श्वसन ,जाँपा ,खोज ,खोज 
राज ,पभवत,संभवर,संभवट
हत्याकाड ,मतन्य,चैतन्ट, सतन्य
चूजे ,पुकाहितों,पुरोकातों, अरोहितों
ध्वस्तीकरण ,घरटता,घसीलिता,घसीटरों
दिखाते , पगाता, पगाता, पगाता
व्यवसायियों ,दास्ना,दाखिना, उहिना
वात्स्यायन ,मानता ,करता ,मारण 
पधारी ,नुमाईल,नुक्ईश,समाईश
टप्पे ,ईंटों ,सूंट ,ईंटे 
सांस्कृतिक ,रूकेना,रूमाया,रूकेना
छिन्नमस्तिका ,स्वशासकों,स्वरसन,मवशासन
गर्माने ,बुराबुले,बुजुबुले,बुलाबुले
लोकगायिका ,अगमतापूर्वक,सुगमतापूर्मिक,सुरमतापूर्वक
प्रशिक्षार्थी , पमूर्त,अमूर्ण,अमूल्त
अभिक ,रेंगता ,रेंगते ,उगना 
उत्सुकतावश , बलेंगे,खोदगे, बलेंगे
नौकाएं ,सठाए,बैरए, कठाए
मियादी ,विराकत,विराहत,विराहत
क्लासरूम , अलोभार,किलोभाषी,किलोनिर
दरबारी ,दिहासूचक,दिशाखुचक,दिशासूचिक
बचनी ,हर्षात्,हर्षायें, अर्षाली
संक्रमण ,गैरहाड़िरी,गैरहाशीरी,गैरवाजिरी
फेकन ,उद्रकैद,मम्रकैद,उच्रकैद
बीए ,पज़र,पज़र, कज़र
बग्घी , प्क्रोशित,आर्रोशित,आक्षशित
जगमग ,निभासगा,निर्ऊंगा,निभाविगा
जनप्रिय , पमाई, पमाई, पमाई
मध्यान्ह ,अरद्धापूर्वक,श्रद्रापूर्वक,श्रधाधापूर्वक
चमकते , बमता, बमता, बमता
प्रार्थी , पजली,बिताली, पजली
अदाकारी ,सूनसाया,मनसान,सूचसान
पंचदेव , बउंगी,जाउंटी, बउंगी
वैल्फेयर ,पढ़ारो,उधारो, बधारो
डोंगी ,बताएं ,बचानी ,बनानी 
युक्तिकरण ,एकयूमिनियम,एमयूमिनियम,एल्यूमितयम
मंजू ,तलवाया,तलझर,तलझार
आकुल ,बछतायूं,बछलियूं,बररायूं
राजपुताना ,उकेदार,उकेदार,मकेदार
हितैषी ,जरदर्शन,प्रौदर्शन,प्रक्र्शन
देशद्रोही ,पीला ,पीला ,खिता 
दिक्कते ,कर्पवास,कल्पयोस,पल्पवास
हिमोग्लोबिन ,चीखपुर्र,चीखवाकार,चीखड़कार
महातीर्थ ,सूर्यग्रकाण,अर्यग्रहण,उर्यग्रहण
जगमति ,सरमादित्य,सरमादित्य,परमादित्रों
लड़ता ,उयल, पयल,उयल
तपन ,पूर्यभ्यास,पूर्वारयास,पूर्यभ्यास
लकीर ,दलहरी,दलकनी,सलहनी
मिलवाया ,मशर्फ,पशरूफ,सशरूफ
संपद ,फेरबदय,सरबदल,फेरस्दल
बंधक ,जांचेने,जांचेने,जांघिने
दुखिया ,एवकी,ककांकी,सकांकी
धुत्त ,सार्थहीता,सार्थपाता,पर्थकता
मर्दानी ,गाए ,मैली ,गाए 
काफल ,बैंजो ,रोजो ,जुजो 
डिग्रीधारी ,जायेते,जायेते, जाएंते
पिटारे ,पहरुम,महारुम,मनोरुम
धूल ,खाएस,खालिगा,खात्गा
हवनयज्ञ ,अपयगी,अवयगी,अदायता
बवानी ,बिठाने ,बिगाने ,बिताओं 
मुर्गे ,नोबरू,नोबरू,नोबरू
अर्थपूर्ण ,उकेंगे,रूमागे,रूपगे
मधू ,भोंई ,काई ,खूंई 
किराए ,बेससर,बेदसर,बेवसर
मारनी ,छिलई, छिड़ई,छिनई
बेचारा ,बुजुर्स,बुझार्ग,सजुर्ग
उंगली , बरनें, बरनें,कपनें
लाएंगे ,कुक्षिट,पक्कुट,कुक्कुलों
स्मरण ,पिछताने,उछड़ने,पिछताने
सद्कर्म ,छल्ही,छमाया,छल्ही
गुरुबचन ,मानववार,मानवधाद, अनववाद
मेहनतकश ,मेड़बानी, सजबानी,मेधाबानी
मूल्यवृद्धि ,भांज ,यौज ,यौज 
ढोल ,सधिर,पधिर,पधिर
समुन्नत , अश्वास्त,आश्वास्ट,आश्तस्त
नाईट्रोजन ,सर्डडिस्क,अर्डडिस्क, प्र्डडिस्क
प्रशस्ती ,फाँठे ,झुक ,आंठे 
र्निविरोध ,तनाएनी,तहतनी,तनातर
झल्ला ,पखंडता,अखंडन,अनुडता
स्नानार्थी ,प्रोतिष्ठापित,सरतिष्ठापित,प्रतिनिठापित
नर्तकी ,पयावहारिक,व्यामहारिक,व्यावर्रिक
तपोबल ,साइकर्ग,सामंकलिंग,साइककग
तजुर्बा ,दहतों,दहतों,कलितों
शिल्पग्राम ,थमाथरी,थरवारी,थरमारी
रहंी ,गुंड़ा ,जोड़ ,ईंड़ा 
घुट ,रूमाए,रूपने,रूकए
भनक ,निष्त्तर,मरुत्तर,निकत्तर
वॉट ,बर्हाल,बरदाल, परहाल
कन्याएं ,भट्री,भतेगी,भतेगी
निर्झर , सचाने,उचाने,उचाने
बेदा ,प्हसबाजी,बहसराजी,बहसदजी
पकड़ाया ,फौजररी, सजदारी,फौजमारी
पुस्त , पोलिटर, पोलिटर,पोस्तार
सोहार्द ,अनुभगी,अनुराना,उनुरागी
हरता ,आंदोलहात्मक,आंदोलनात्सक,आंदोलनात्मर
समझना , प्भार्थियों,लालर्थियों,पभार्थियों
श्रीफल ,कलालभांति,मपालभांति,कपालहाति
जाएगी , हिस्ने, हिस्ने, हिस्ने
ज्ञान ,चूंके ,मंके ,लोके 
वास्तविकता ,नागकन,नासकन,नापकन
जगाई ,पीडि़र,पीहन, पीड़िर
गुमान ,आयारी, बयामी, बयामी
होमियोपैथी ,उद्कृष्ठ,मत्कृष्ठ,उद्कृष्ठ
ब्योरे , अरीदते, अरीदते,खटदते
नियंत्रण ,रेखानुत्र,रेखाचित्व,रेखानुत्र
स्तनपान , बगिक, बगिक,यौगियों
रिएक्शन , कानूण, कानूण, कानूण
हड़प , कहुची,पंडिची, कहुची
मयूर ,विकाना,विचाउ,उकाउ
बैंको ,मत्रगण,पुत्रागण,पुत्रगत
औषध ,जटवाया,जटवाया, उटवारी
उछले ,अभिनेम,अपनेता,अभिनेम
हफ्तेभर ,शक्री, शर्री,शकना
अनसुलझी ,रवैध,रवैरी, बवैया
शिष्य ,मुद्झाया,मुरमाया,मरझाया
राजनन्दन ,साम्यमाद,साम्यवार,मम्यवाद
