﻿valid,invalid1,invalid2,invalid3
विनय ,उत्रलमणि,उत्कलमय,उत्यालमणि
फूलमनी ,चुकागे,चुकागे,चुरागे
सुअर ,मपूदमन,रिपूदमक,रिपूदस्न
सेक्टर ,सुविदरीकरण,उन्दरीकरण,सुन्दरीकर्ण
गिना ,विचाध,विरुखी,विरुण
डाले ,उतविधि,मपविधि,उपवाधि
किश्त ,संपुर्टि,संपुष्यों,संपुणटि
जाली ,संगीतालक,मगीतालय,संगीरलय
स्कुल ,उमए,उपए,कपाए
सुझाया ,उराउंगा,करामगा, अराउंगा
नतीजे ,पर्वजीत, अर्वजीत,सम्वजीत
कार्यस्थल , ककात, ककात, ककात
निशाने , कड़ाए,उमए,उमए
रामानुज , पहेंगें,रस्गें, पहेंगें
लहराना ,पलना ,बचना ,पचने 
ब्रह्माजीत , पिसार, पिसार, पिसार
टहल ,गिरती ,गिरती ,गिराता 
धुली , गहव, गहव, गहव
मैत्रेय ,सुनिक्खण,पलक्खण,सुलक्शण
कमाना ,अलामपत्र,नीलामगात्र,नीलामपर्र
अंतरराज्जीय ,सींचकने,सींचकते,सींचकते
रियासत , सनेवाला,दानेदाला,दावेवाला
उखड़ ,ढलाया, ढलव, ढलव
वाट्सएप ,प्रत्शपत्र,प्रवेजपत्र,प्रवेशपदर
धंधे ,उनदार,देनदान,देनदान
असफर ,त्यानेत्र,त्रिनेत्व,त्रिनेतार
ग्रीष्म ,संबंता,संबंता,संहिये
संघटक ,लौंचे ,डूचे ,लौंचे 
डिजनीलैंड ,कलने ,उलने ,पलने 
कैशियर ,खूंल ,खूंल ,चाट 
हृदयरोगी ,झुमसी,झुमसी,झुलासी
दुकान ,उज्जिया,पज्जिया,सज्जिया
बेशर्म , बाखे, बाखे, बाखे
कर्जे ,ढहारा,ढकेने,ढहार
पलट ,छारा ,छाला ,छारा 
सीया ,सद्धति,पद्धन,पद्रति
वाणी ,पपयोग,उपनाग,उपकग
जलपान ,श्रृंमद,सरीमद,श्रीतिद
भागो ,तारे ,चेना ,ताली 
पिताजी ,प्रशानकीय,जरशासकीय,प्रशानुकीय
धनसार ,प्रखंडरेर्मी,प्रखंडकरमी,प्रखंडकर्य
समझाएं ,सीनाएरी,सीनायरी,उनाजोरी
छेड़ ,मोंह ,ऐह ,भौंह 
पवनदेव ,सदेड़ने,खटड़ने,खदेशिने
विश्रामालय ,कमाशे,तमाना,तमाना
लेखाधिकारी ,मन्जान,अनुजान,मन्जान
महासमिति ,सुविधापूर्वमी, प्विधापूर्वक,अविधापूर्वक
सर्वस्व ,जनविकाओं,जनगुकास,जनविकारी
माघ ,परमानिथी,मरमार्थी, अरमार्थी
रुपन , कगेगा,भाषगा,भाषगा
खुशनसीब ,टूटा ,फंना ,टूटा 
जैवविविधता ,चहलनहल,सहलपहल,पहलपहल
स्वाध्याय , झगना, झगना, झगना
रेखांकन ,थानतंर्गत,थानातंर्गल,पनातंर्गत
अधिष्ठात्री ,भागवि,भाईवि,भाषवि
भूली , छोड़ेंने, छोड़ेंने, छोड़ेंने
अनुसांगिक ,उपयुदत,मपयुक्त,उपयुवत
हेक्टेअर ,बननी ,जनकी ,जलनी 
जलापूर्ति ,सत्झाबुझा, अमझाबुझा,प्मझाबुझा
चमकता ,सरने ,सबना ,सजाना 
बांझपन ,छापादर,छापामान,मपामार
जालसाज , साघा, साघा,नाघा
नारे ,अपेटाइटस,हेपेक्इटस,हेपेटाइटन
बलंवत ,सभार्वर,सत्कुंवर,सर्कुंवर
आवंटन ,सीसीटसी,सीमेडीसी,सीसीहसी
ठण्ड ,उपीएफ,ईपीएगा,ईसाएफ
व्यंग ,सबयी,सजारा,पजायी
तानी , अखाक, अखाक, अखाक
संवदेक ,पवोन्मेष,मवोन्मेष,नवोन्मेव
तेजतर्रार ,परूढ़,उरूढ़,उरूढ़
रामदर्शन , अरसाना, अरसाना,बनसाना
अकूत ,ऑता ,ठंता ,चिंदी 
भीगते ,गूया ,चुंया ,चुंया 
उपमहानिदेशक ,अरुस्दय,परुणोदय,सरुणोदय
जंघा ,मोंक ,पूँक ,चाट 
कुल्ले ,संस्कृतिकरमी,संस्कृतिकतामी,संस्ततिकर्मी
मिलावटी ,रसीने,रसीने,रसीने
अफसाना , सटरी, सटरी,रोहिरी
बादाम ,संट्टेयज,संक्टेबाज,संट्टिबाज
आकाशीय ,इच्छापूर्य,इच्छापूज्ति,इनछापूर्ति
लोग ,भुपी ,एंपी ,कांटे 
गुलमोहर ,प्यूरिफायन,प्यूरिफानर,पयूरिफायर
मंत्र ,संबंष, बतोष,संगष
भांजा ,मदान्त, अदान्त,वेदान्द
क्रोधी , अलकूद,खेलवाद,खेलझद
गणना ,दबी ,मृही ,दरी 
खटाल ,प्रांवासी,मरवासी,प्लावासी
झप्पी , नाढ़ो, नाढ़ो, नाढ़ो
चौतरफा ,घेबे ,वॉबे ,वॉबे 
मिलीलीटर ,साड़िर, उहिर,साड़िर
पुरवाई ,कीर्ए,कीजिया,कीजिया
हिलाते ,जेबसातरे,जेबकवारे,जेलकतरे
रेडियोग्राफर ,सढे़गा, कढे़गा,बतागा
संख्या ,दलाएं, सलाली, सलाली
सत्यमेव , पजर, पजर, पजर
डोडा ,खजूसी, पजूरी, पजूरी
सौंप ,गोंदा ,गोंदा ,भदा 
स्थली ,सहनार,सहलार, उहकर
तश्तरी ,आरकबी, सरयूबी,आयोयूबी
नश्तर ,लीक ,ठेंक ,छींक 
कार्यावधि ,मातावनी,माताराज,माताराज
पाबंदी ,चरदेश्वर,चन्नश्वर,चन्मश्वर
प्रतिष्ठान ,डगा ,खाई ,मैगा 
सत्यार्थी ,धमते,धन्क,धन्क
बाह्य ,सम्हाख,सहमुख,समामुख
सांय ,पकनती,परनती,पकनती
सात्विक , बभया,सभया,सभया
दुर्बीन ,लालझाणी,मलमणी,लालझाणी
पिटाई ,पश्मे, बश्मे,चश्री
वकालतन ,उमजी,उमजी, बपजी
मुक्त ,सुर्वशन, अर्दशन, अर्दशन
दाव ,सबेले, बबेर,सबेगी
कोरियन ,भेंट ,भेंट ,खागा 
निशानदेही , कलखा, कलखा,नौलती
रक्तसंग्रह ,पिहाने,पिहाने,पिहार
जमीन ,मंगलकत्र,मंगलसूत्ति,मंगनसूत्र
मादक ,कौंने ,खीने ,कौंने 
सामंतवाद ,निर्वलों,निर्वलों,निपबलों
गोरियों ,मनोसंग्राम,महाप्ग्राम,महासंग्रंम
पेशवा ,पहचारा,मशुचारा,परचारा
हीमोग्लोबीन ,मतरवाई,उतप्वाई,उतरपाई
खैरात , उराह, उराह,कसह
गंगवार ,स्थिनों,उथानों, पथानों
चाय ,उपचायंत्रक,उपनिरीत्रक,उपचायंत्रक
टालने , बथक,पृथड़े,पृथनी
केसर ,कहेज,उहेज,उहेज
उजाड़ ,प्रतिपन,प्रतिपन,प्रवापदा
घुली ,खुशिते,खुशिते,खुशिते
उम्मीदवार ,रोशवेज,रोडवेरा,मडवेज
नजमुल ,अज्ञासा,अज्ञासु,अभिञान
पूजना ,उगालती,सगालती, अगालती
सहेजकर ,बटाते ,अटाई ,बनाई 
दयामय ,पुराजे,पुतजे,पुर्य
अमृतपान ,पदमाशी, अदमाशी, अदमाशी
पूजापाठ ,ऑडीटोरिवाम,ऑलटोरियम,जडीटोरियम
शौंचालय ,बंसा ,नीेसा ,कथा 
खरीदती ,उपनबार,उच्नगर,उपनशीर
महत्वाकांक्षा ,उलाए,उलाए,उलाए
तौलिये ,शाहिति,शान्ही, बन्ति
अन्त्यपरीक्षण ,स्वनिणजीत,स्वर्णरेत,स्वर्वजीत
गुम्मा ,अनुस्मागाक,अनुस्मार्क,अनुप्मारक
वाशिंदे ,दीपाकने,दीपाकती,दीपाकते
व्यवहार ,सम्पव,सम्भरी, पम्भव
मक्खनी ,थायवयड,प्यरॉयड, अयरॉयड
बसते ,डरदार,डरकते,डरवार
अविरल ,नामकवाण,नामकरत,ममकरण
निरीक्षकों ,राशनदर्ड,राशक्कार्ड,राशद्कार्ड
पंचायतघर ,सलपर,पुलपथ,सलपर
न्यायवादी ,बनिष्ल,पनिहाल,बर्हाल
गईल ,प्हयोगिनी,सत्योगिनी,सहरागिनी
परनीत ,सगोड़ा,भगाड़ा,उगोड़ा
वैराग्य ,टंके ,टंके ,फेंकें 
महत्वकांक्षी ,चबाव, कबाने,चबारा
भलीभांति ,कामाक्ति,कार्क्षी, अमाक्षी
मुख्यध्यापक , ससकर,रिसलिर,रियाकर
रिफर ,खिलौए,खिलेए,खिलौए
भूधारी ,वनों ,दियों ,जानों 
चांदनी ,ट्रैफी,ट्रैफी, बरॉफी
फ्राक ,भभय, बभक,भभव
बेंच ,घनत्रों,घड़ित्व,घनत्री
घिसट ,अपनाक्ष,अपरोपष,मपरोक्ष
अंततोगत्वा ,जानकता,जानकता, जानेकर
शवाब , गवाज, गवाज,गजज
कांपा ,स्थिग, बमॉग, बमॉग
घुलती , महंना, महंना, महंना
पहचानपत्र ,उरनामें,कालानामें,कारमामें
वेणी ,सुझाद,पखद, बखद
अगली , बतिंत, बतिंत,सतिंत
नवजागृति ,बुद्एं,उझाएं,बुराएं
तहलका ,जलएं,जलएं,जलएं
कार्यभार ,पहजबीं,पहजबीं,महनाबीं
सदस्याएं ,हवावे ,उलवे ,बलवे 
क्रिक्रेट ,मखलाये,सखलाये,बौखवाये
फरियादी ,जद्दोत्हद,जद्दोजहल,जद्यजहद
संगर ,परामर्य,परातर्शी,परामनाशी
पढ़े ,तंबू ,इज ,ढांज 
क्वायल ,दर्यकर,दर्जकल,सर्जकर
उड़ी ,विविधिवेरण,विविधिकलण,विश्धिकरण
प्रियदर्शन ,फलों ,संसी ,फली 
पशुचिकित्सक ,तराए,कराशा,कराशा
रुपये ,हॉटी ,बिटी ,बिटी 
सुमेरु ,दिलायाशी,पव्याशी,दिलायाशी
इचार्ज , साशों,बशों,बशों
हिमांशी ,तिलझाट,तिलकूफ,तिलवाट
पीयें ,दोरातो,दोगतो,दोगुतो
विकासकारी ,उलदाने,उन्टने,उलटरों
संवादताता ,कुत्रों, कुल्ता,कुशता
विश्वप्रसिद्ध ,बुरा ,बुझे ,ढंध 
जिताकर ,उकज,सकज,पंकते
प्रांशु , बाचि, बाचि, बाचि
बखिया , पमक,दीवाक,दीवाक
कूंचकर , कझती, कझती,बुर्ती
भये ,पीडब्ल्यूह,पीडस्ल्यूडी,पीडवल्यूडी
पाठ्य ,पासलिक,पार्बुक,पासबुद
कप्तानी ,लगसी,लस्ता,लड़ासी
उषारानी , डांसने,डांडिने,डांडिने
गृहमंत्री ,स्पष्मकरण,स्पनिटीकरण,स्पमटीकरण
पिरोना ,सफलतापूर्मिक,पफलतापूर्वक,मफलतापूर्वक
यांत्रिकी ,रणनगी,मवानगी,रवानती
उपरान्त ,उतेहा,इंतेश,इंतेश
दुहराते ,उपलब्रिया,जपलब्धिया,अपलब्धिया
घिरता ,प्रश्नोत्ररी,प्रश्चित्तरी,प्रश्नोत्तन
हैरतंगेज ,पनमेजय,जनमेजना,प्नमेजय
संदेशा ,कत्रों, बत्ल, बत्ल
दर्शाए ,गाड़ा ,गाढ़े ,गाढ़े 
सिद्धा , प्पयोगकर्ता,उपमगकर्ता,अपयोगकर्ता
सुधारक ,कड़पें,पड़पें,झपपें
नहाया , बएं, बएं, बएं
संगत , साकें,ककें,ककें
सरोगेट ,सयी ,चंायी ,चंायी 
प्रवाही ,घोसते,घोड़िला,घोसने
गोलक ,मपशब्द,अपराब्द,असशब्द
विश्वकांत ,रक्रपाल,पक्षपाल,रक्षपान
रोको ,उतकाना,उतरिना,उतकाना
तोपखाना ,कूची ,कूची ,शोटा 
पढ़ाओं ,मंाटा ,मंाटा ,हदें 
खोलो ,सैंली ,ढाल ,ढाबों 
तराइ ,लीची ,फले ,झेंले 
दवात ,बिछाड़ा, कछाने,सछाने
गंगास्नान ,पैराजपिक,पैरायोपिक,पैराजपिक
खराब ,लंबारा,लंबाने,लंबारा
बसें ,पैंतरियाज,पैंक्रिक्ज,सक्रियाज
अनिश्चितकालीन ,बिंढ़ा ,छंढ़ा ,छंढ़ा 
आशियाना ,मरम्मीत, अरम्म्त,मरम्म्बे
दुखभंजन ,सरपिटाई,मारपिछई,मारपिस्ई
ताजपोशी , उजने, उजने, उजने
ब्रह्मज्ञान ,स्कैनग,स्थानिंग,पकैनिंग
उपनयन ,शिल्भक्त,शिवभकात,शिवभक्ष
हिम्मत ,लुहाक,लुहाक,लुढ़ती
छुटकारा ,आनंददायता,आनंदशयक,आरोददायक
मुक्तिदाता , मोर्र,मोड़र, मोर्र
निचला ,योगास्र्य,योगार्र्य, अगाचार्य
अधिपत्र ,भट्तगण, अक्तगण,भक्तव्ण
कबूतर ,पारिस्रिक,पारियारिक,पारिवाएंक
सर्वेक्षण ,जुल्नी, पगनी,जुल्नी
छींटा ,पनुभव,अवभव,अपभव
पिंजौरा ,वेश्यावृत्री,वेश्यार्त्ति,वेश्यावृक्ति
लौटाएंगे ,जफीम,जफीम,कफीर
तन्त्र ,शेरती, शेरते,शेरती
अपीलकर्ता ,पनकुंड,धनपड,धड़कुंड
दुविधा , महंनी, महंनी,मखती
विभक्त , तड़ना, तड़ना, तड़ना
जलधारी ,रुमाश,रुलाश,रुपेरे
गन्दे ,सेटेलापट,प्टेलाइट,सेनीलाइट
थमती ,सवित्रता,पहत्रता,पवित्याता
असुविधाएं ,जेंटपमैन, अटलमैन,जेंटकमैन
सहाय्य ,सब्जायी,कटजायी,कब्जाम
बेचते ,मौखियों,मौखियां,उखिकी
कालिख ,खंडीले,पगाले,पगाले
अफवाहों ,टिकी ,टिक ,भूप 
