﻿valid,invalid1,invalid2,invalid3
मुंह ,लाभसेंसशुदा,लापसेंसशुदा,जइसेंसशुदा
अंत्याक्षरी ,जरूष,उरूरी,उरूरी
सिने ,उकेतांक,पकेतांक,संवातांक
महत्व ,बेशकीमन,बेशकीपती,बेशकीमता
बाहुल्य ,हांफड़ा,हांफड़ा,हांलाने
मुताबिक ,तृष्ठ,तृष्ठ, बष्णा
प्रश्नोत्तर ,दरनाने,दफनने,पफनाने
बेमौत ,स्नाएक,स्नायक,पनातक
संज्ञान ,भावाकर,मपकर,भापकता
लेगें ,पदचित्ह,पदचिन्न, अदचिन्ह
चरना ,सहफिलें,उहफिलें,महनलें
पडे़ंगे ,जनस्ल्याण,जनसंल्याण,पनकल्याण
कंठ ,मेदी ,दादी ,बिंदु 
मनमिंदर ,उरतूत,उरतूत, अरतूत
शून्यकाल ,मगदेवता,नागदेवन,नागदेवना
नवजन्मे ,गिना ,गिनी ,गिरा 
अर्धवार्षिक ,ढंला ,मेलों ,खूंला 
सूखी , शिष्ला,शिकाला,शिकाला
दिखता , सढ़ाई,कपई,कपई
जन्में ,मरिष्ठ,उरिष्ठ, सरिष्ठ
कलमबद्ध ,कर्टकर,कष्टकता,कष्टकन
मिलवाने ,छीड़ा ,भादो ,थैड़ा 
ईटों ,उडि़यां,साडि़तों,साहियां
स्कूटर ,झेलेंना, उलना, उलना
कार्यक्षेत्र ,बिखड़व,सखराव,पखराव
आतिथ्य ,जुल्ल,जुगुने, कगुल
राजकुमारी ,वेंटिलशन,वेंटिलेशनों,वेंटिलेपन
आतंकवाद , उटके,झटती,झगके
दंपति ,मनडुब्बी,परिडुब्बी,पनसुब्बी
शिवबचन ,धातुदर्म,धातुबर्म,धातुर्र्म
सूतक , बदौला,भट्ला,कदौला
टांगे ,सत्कृष्ट,मत्कृष्ट,उपकृष्ट
इलेक्ट्रॉनिक ,बादशायी,बादगाह,बालशाह
जनेऊ ,धृसा ,कीसा ,धृसा 
क्रमबद्ध ,भुलानेश,भुरनेश,भुवरश
अधिकारी ,डुप्लेटस,डुप्तक्स,मप्लेक्स
सुधारो ,सैयड़ा,सैकता,सैकता
धनसारी ,कौड़ी ,कौड़ी ,शीमी 
चिन्नौर , नाछ, नाछ, नाछ
लोकवाणी ,सातस,सातस,साधस
मुहल्ला ,लिडे़ ,पोडे़ ,चाँडे़ 
़खराब ,धड़वाने,उड़कने,धराकने
संभाली ,रियापत,रियावात,रियावात
हर्षदेव ,हारेता, उरेगा,हारेता
मलमल ,बखीं,नाखीं, बाखीं
बांधने , अरबंधकारिणी,प्रबंधतंरिणी,प्रबंधकारिक
संपत्ति ,नेता ,इह ,दांह 
नशामुक्ति ,पहबाधा,पगकधा,परिबाधा
पश्चिमोत्तर ,उडपंप,हैंडवाप,हैंडपंच
तकरीबन ,अपेक्षाचारूप,अपेक्षोनुरूप,अपेक्षाचारूप
पिघल ,उद्रामशीलता,उद्यमशलता,उद्यमन्लता
इंकलाब ,शांतियाग,उतिभंग,शांतिभंगा
बदलेंगी ,चिराती,चिराती, कढ़ाती
रूढ़ी ,प्रदारी,उरभारी,प्रांभारी
आत्मरक्षा ,कराया ,पराने ,परया 
साहबी , बबुक,पबुक,पबुक
यमुनोत्री ,बसार ,बसार ,पढ़ार 
मिट्टीकरण ,लपने, पपट,लपने
हिना ,धुलरी,धुलरी,धुलारी
अगम ,पंचार्त,पचायात,पंखुयात
शुभकामना ,फटफूल,सलफूल,फलवाल
छिल , बएगी,उएगी,उएगी
मोर्चाबंदी , पढ़ाम, पढ़ाम, पढ़ाम
ओहदा ,वंदवाद,मशवाद,वंशवाई
प्रज्ज्वल ,प्रौदेशवासी,प्रौदेशवासी,प्रादेशवासी
भ्रष्टतंत्र ,स्तरोन्नता,जतरोन्नत,स्तरोन्त्त
विनाशकारी ,डिस्पोजेन्ल,डिस्पोजेन्ल,डिग्पोजेबल
सीटीपीएस ,उकिंग,उकिंग, ककिंग
परिर्वतन ,पौरुड़,पौखाष,पौरुड़
समरूप , बेतुना, बेतुना, बेतुना
जेवर ,वेदाहर्य,वेदाचार्थ,वेदाचार्ण
चलेगी ,वीरवाति,वीरगत,वीरमाति
शिगारा ,प्रेकाशमान,प्रोकाशमान,प्रकाशतन
सहनशीलता ,ठूंगा ,बंगा ,धौंगा 
कंचे ,धारा ,ढैरा ,जिरा 
मिटाए ,व्यापारकता,व्यापारकता,व्यायरकर
निकलीं ,सत्बंधित,मम्बंधित,सम्मेधित
पुनर्जागरण , सनुमति,अनुवाति,अनुवाति
रिलीवर ,बनने ,छीलने ,बनने 
ठेंगा , छुड़ाकी,छुपाकी,छुड़ाकी
कराए ,दुहदाई,दुखदानों,दुल्दाई
निभाएगी ,असफशाता,अपफलता,असफदाता
कॉरपोरेट ,उबंधों,उबंधों, बबंधों
सीएनसी ,विलुप्राप्राय,उलुप्तप्राय,विलुप्रेप्राय
साक्षी ,घोटाणा,उषणा,सषणा
प्यादे ,लड़ागे,उहंगे,लहंती
अपराह्न ,जमापथ,जलदाथ,जमापथ
भटकती ,कीचती,कीचती,कीपती
फूले ,निकाइगे,निकारगे,निकावगे
सुधारना ,जलजे,जलाजे,जलजे
धोई ,वनरोक्ण,वनवपण,वनरोपद
शकलदेव ,जटाधाम,पटाधारी,पटाधारी
खबरे ,कानूत,कानूत,कानूत
चिंताहरण ,मटते,मटते,महीकी
शीर्षक ,पर्गत,निपगत,निपगत
मनस्वी ,प्रेमहावरूप,परेमस्वरूप,प्रोमस्वरूप
हवादार ,पनजाना,अनपना,अपजाना
पंजा ,विहिनी, विहिये,विहिनी
आतक ,उर्शना,दलशना,उर्शना
फंसने ,पष्टता,सष्टता,पष्टता
करेगी ,उपराराचार्य,उपमराचार्य,उपनिराचार्य
बंधु ,खीला ,खौल ,डीला 
अग्निपरीक्षा ,सहस्या,सहस्या,सर्स्या
संचालक ,एंडा ,एंडा ,एंडा 
मान्यताएं ,तहवट,सरावट,मरावट
वेदार्थी ,मतकीय,शतकीली,शतकीली
अनशन ,मानमाल, अलामाल,उलामाल
शान्त ,सुता ,तेरों ,सुता 
दयाराम ,बरसभा,बर्सते,बरदाते
सुभावती , चढ़ाचा, चढ़ाचा, चढ़ाचा
ढूंढे ,दर्दनान,प्र्दनाक,दर्दनाएं
मेहनत ,पंसकदा,पंक्दीदा,पंहुदीदा
संभालेंगे ,परदावी,पकजीवी,पकजीवी
असफलताओं ,इकछुक,इच्छुए,इच्चक
कटवाने ,कश्रु,कश्रु,कश्रु
लावारिश ,निभाला,निभाला,निभाला
रोकेगी ,कड़े ,करू ,कड़े 
अल्टीमेट ,नास्तक,उस्तिक, सस्तिक
पिलाने ,जमारती,जमारती,जमारती
दर्जनाधिक ,भाग्नृत्य,मवनृत्य,भाईनृत्य
नालों ,बेसलरा,मसहारा,उसहारा
संवरेगी ,खत्जे,खराजे,खरंगी
पटाखें , पर्जन,अवजन,अर्जर
आलौकिक ,ज्यापातर,ज्यामतर,ज्वादतर
प्रमुखों ,पहचारी,पहकनो,पकचानो
समुद्री ,गुढ़ी ,गुढ़ी ,गुढ़ी 
सामान्यता ,जांचेनी,जांचेनी,जांचेनी
रात्रिकालीन ,राष्ट्रक्रव,राष्ट्रगौरत,राष्ठारगौरव
न्यूक्लियर , पहई, पहई, पहई
सर्वांगीण ,मर्नीति,पर्नीति,पर्नीति
वेदना ,पथों ,पढ़ी ,डुटी 
खासतौर ,शिल्रगाह,शिकारगान,शिक्रगाह
शिक्षा , अखाकी, अखाकी, अखाकी
संदेश ,छिल ,शेल ,मारें 
पैदल ,उजकल,पजकल,आजरिल
सलहज ,डाउनलोभिग,डाकनलोडिंग,डाउनलोभिग
वानिकी ,प्रेरती,प्रेशाणा,प्लारणा
मंगल , मलवीर,गुलझर, मलवीर
कुरेदा ,हितकाने,हिमाकारी,हिमाकारी
उपचाराधीन ,जन्नारायण,जगनारार्ण,जलनारायण
सेवाकार्य ,जलन ,जहरे ,जहर 
साबूत , कभूती, कभूती,सभूती
पर्यवेक्षणीय ,उद्निषद,उपरषद,सपनिषद
उर्वेश ,मंत्ल,उजिल,पजिल
वीवीआईपी ,लोट ,भिगो ,लोभ 
संतोषी ,कैंब्तिज, अब्रिज,उब्रिज
चोटें ,संस्तुभ,संचातुत,संस्त्त
धोएं ,चक्ष्र,चक्टर,चक्टर
पद्मभूषण , रुपना, रुपना, रुपना
बिछा ,चलो ,कूंबा ,वाबा 
सठिया ,सगता ,उठाता ,उगना 
महंगाई , कधुवा,उधुवा,बंदूवा
सुविधाशुल्क ,वसूड़े,ससूले,वसूड़ों
मूंगफली ,खजानती,खजारची,खजानर
खिचवाने ,ठिठते,ठिठने,ठिलिक
आरक्षित ,पमबारी,बमड़री,उमबारी
घनघनाते ,गहरे ,बहन ,पहन 
उपशास्त्रीय ,उवंटित,आवंरित,आवंटियां
सुपुर्दे ,मुद्दाविधान,मुद्दाविहीत,मुक्दाविहीन
कीकर , विमाया, विमाया, विमाया
पूंजीवाद ,जरमबोर्ड,कैरह्बोर्ड,कैरमपर्ड
सत्यता ,कर्तठ,कटमठ,पर्मठ
उपजे ,हवाटी, हटाटी,हवाटी
लदे ,ब्यौज,ब्यौज, उयाज
भरपायी ,बेराजगाह,सराजगारी, अराजगारी
परेड ,खुलेख,खुदगा,खुदगा
आरोही ,दंड़ी ,पूँड़ी ,वोड़ी 
वनस्पति ,पिंने ,थूने ,पिंने 
कलात्मक ,पुलिकॉकर्मी,पुलिसकलमी,पुलिसकलामी
कंपाउंडर , प्नसमर्थन,जनसम्र्थन, प्नसमर्थन
मकाम , पसते, पसते, पसते
गृहण ,क्रीबों,क्षडा, बरीडा
मोहभंग ,हस्तशिल्लायों,हस्तनाल्पियों,उस्तशिल्पियों
भोग , बपज, बपज,उड़ाज
उमड़ती ,सर्वत्तम,सर्वोत्मम,समवोत्तम
रटे , बम्हें,लगाहें,सम्हें
लेखक ,पघ्न,सघ्न, बघ्न
घनश्याम ,कूहने,कूलने,कूलने
पाठयक्रम ,ईश्ररी, सश्वरी,ईश्वारी
शिष्टाचार ,मककद,उकरंद,मकराद
गुमनाम ,संक्थापिका,प्स्थापिका,संस्थामिका
मुंसिफ ,प्रस्थती,प्रस्तुकों,प्रक्तुती
रोबोटिक्स ,डाकखास,डाक्खाने,मकखाने
एक्युप्रेशर , अरेणीवार,श्रीणीवार,प्रेणीवार
पूर्वतट ,अभिल्य,मतुल्य,अवल्य
व्रतधारी ,असुरपाषा, प्सुरक्षा,मसुरक्षा
दक्षिणपुरी ,चिपहि्त,मन्हि्त,मन्हि्त
मणीभूषण ,एकमात्व,मकमात्र,एकर्त्र
दुर्गाष्टमी ,श्रेवायां,मरेणियां,उरेणियां
पक्का ,अरल ,सरते ,परल 
स्वराज , पमाया, पमाया, पमाया
सिरहाने , बडंत,भिडंगा,भिडंगा
फसलें ,नूराकुराती,नूराजश्ती,नूराकुश्यों
गजानन ,बटेंड,बहगे,बटेंट
फूलवारी ,पाठ्यचरिया,अठ्यचर्या,पाठ्यकर्या
ढक्कन ,कखडे़,उखती, बखडे़
ममेरे , नाझा, नाझा, नाझा
खिसकती , गत्रों, गत्रों, गत्रों
मांग ,तीखाकन,तीक्पन,तीखापत
बलि ,संसाधता,उसाधन,संसायन
भक्षक ,पजमाइश,अजमाइट,अपमाइश
निर्विवाद ,करहतों,कटतूतों,परतूतों
गिराई , अमग्र,सरग्र, अमग्र
सुखदुख ,प्रारवाभिक,प्रारसाभिक,प्रारम्मक
फूलने ,उपरारेक्षक,उपप्रेक्षिक,उच्प्रेक्षक
सचित ,बैद्रा,बैद्रा,बैद्रा
केशव ,जलचने,उलचरों,उलचरों
नवदीप , कक्ता,वक्के, कक्ता
ड्रामेबाजी , उटकाया,अभिकाया,अटकया
छेने ,मखरती,अवरती,अनरती
समझी ,खप्पथ,खप्तार,खप्रीर
ठिठुर ,सरांतों,सरांति,उरांय
एकाग्रचित ,निपकगा,निकटेगा,निपनागा
वंचित , अलधर,गुलधनों,गुलधनों
मानविकी ,पगवन्त,भववन्त,भक्वन्त
सताने ,वीडियोग्रंफी,वीडियोमुराफी,वीडियोग्राव
रोना ,सठुरते,पठुरते,पठुरते
मकसुद ,दहहन, दर्हन,दलझन
कटीली ,भाजे ,भाजी ,भाल 
गिरना ,फाड़े ,टिक ,फाड़े 
प्रापर ,डॉक्टता,मक्टरों,उक्टरों
छटने ,महाखन,मजखन,मक्टन
नेत्ररोग , सजम,हटाम,हजना
चर्म ,परानों,पुष्नों,सरानों
दहक , सायीं, सायीं,नायीं
अखाड़ों ,लेजा ,भेंजा ,वोजा 
गुरूवार ,मनुष्ठान,अपष्ठान,अनुपाठान
वारा , हैरने,हैरण,हैरण
तन्हाई ,तार ,घुई ,घेंई 
बचत ,उस्करा,पस्करा,तस्तिरा
कथकली ,तालाणी,उरिणी,तालिणी
प्रचारित , कस्ली,नस्तों, कस्ली
बेनकाब ,ईंह ,ईंह ,पोले 
सिमटने ,पचेंगे,उचेंगे, कचेंगे
भृकुटी ,जयजयवार,पयजयकार,जयजयवर
कुंआरी ,पनपदों,सनपदों, अनपदों
ओजस्वी ,मुखियान,मुलायाजी,मुस्याजी
लचीली ,कौंबी ,कौंबी ,पौबी 
फलने ,सम्दयता,महृदयता,महृदयता
निर्माणकर्ता ,प्रश्नगच,प्रश्यमंच,प्रक्नमंच
चली ,मार्ए, पनिए,मायए
मनीषी ,हेद ,हेद ,कैसे 
नवसाक्षर , पबाव, पबाव, पबाव
विधानसभावार ,रिजेताट,रिजेक्ति,मजेक्ट
परत ,संचाषेप, पक्षेप,संक्षेक
रूपक ,प्रोत्साहिता,प्रोत्साहियों,प्रोत्साहिनी
रक्षात्मक ,लघुसमवालय,पघुसचिवालय,लघुसम्वालय
प्रज्जवलित ,गैलज,गैराया,गैराने
चम्मच ,उयदा, बयदा, बयदा
मिलों ,डुबरू, बबकी,डुबोकी
