﻿valid,invalid1,invalid2,invalid3
पटरियां ,जलस्तार,जलस्तम,जलस्तार
मुर्गा ,उद्चारित,उत्चारित,उपचारियां
विषयों ,आंगता,आंगता, आंवन
अग्रसारण ,सर्मश्री,समवश्री,समवश्री
लॉजों ,असश्वास,अविवावास,असश्वास
सुलग , सतला, सतला, सतला
अकेलेपन ,पत्तई,कत्याई,कर्तई
छोटा ,सहलैंगिक,ममलैंगिक,समरगिक
कुलवन्त ,बलर ,पिलार ,कलर 
मोटरवाहन , उटके, उटके, उटके
रुलाना ,पमीना,पमीना,उमीना
सुझावों ,बुलझाई,बुझावाई,बुलकई
वनरक्षी ,हर्वना, सर्जाना,हमजाना
किरदार ,छेदर, छेड़न,छेड़ेन
स्वीकारी ,नामी ,फंता ,याता 
आमसभा ,प्रेरभ, अरांरभ,प्लारभ
मिलें , उवाब, उवाब, उवाब
पिचक ,बलता ,बलता ,मिलन 
अव्यवहारिक ,सामुदावक,प्मुदायिक,साहदायिक
छुटपुट ,मंत्तों, मंत्य, मंत्य
चहलकदमी ,पकनाया,उहनाया,पहकया
बतायी ,दिलझए,दिलझाए,दिलझाए
आदमखोर ,कामलाना,सतिलाना,कातिराना
लौटाई ,आरवाषक,मरक्षक,आरमषक
कारीगरी ,घोषणापत्ति,सषणापत्र,घोषणापत्री
बनायेंगे ,पच्चियां,बच्चिमी,बच्छायां
असम्भव ,आत्महसिया,आत्मस्त्या,आत्महत्र
महासमर , उर्टी,पार्जी,पार्जी
बुगी ,लातों ,गैवा ,खौवा 
भूमिधर ,कैंपों ,कैंथा ,कैंपों 
दुबकने ,पजायज, अजायज,नासयज
टिकाए ,सरांतिदल,सरांतिदल,क्रांतिदगी
लड़ना ,उबानी, पबानी,जुबाद
मुस्कुराती ,मगठनिक,सांगठनियां,सगठनिक
ढंके ,छापी ,छूपी ,छूपी 
चौड़ी , चीरण, चीरण, चीरण
रंजिशन ,विस्रमादित्य,विक्रमादित्री,विक्रमादित्व
मिश्री ,सिकुया,उखाया,उखाया
पछाड़ा , बयाधि,व्यानी,व्योधि
तरबूज ,शैका ,झांसे ,झांसे 
स्वार्थी ,जीर्ज,जीर्द, बर्ण
बांधती , संभात,संबंत, संभात
दिखाना ,आहरियों,आयोरित,आर्रित
सखी ,विचाम,विराए,विराए
सौंदर्य ,पूंजीवाना,पजीवादी,पजीवादी
कार्यपरिषद , नासें, नासें, नासें
महान ,उरवाता,सरवाता,कलावाता
पथिक ,कहेड़ा,कहेड़ा,कहेड़ा
विरूद्घ ,ढ़ेत ,छूता ,हॉत 
डिफाल्टर ,चंद्यारेखा,पद्ररेखा,चंद्रहखा
कवयित्री ,चंबरू,चंबला, चंद्ल
चंद्रोदय ,समारिश,समावेद,पमावेश
सटाकर ,परिदर्शनी,परिवर्शन,परिदरशन
़जहर ,पान ,पान ,पान 
अंतर्यामी ,उकाया, ककाया,छकारा
बकायदे , पनाब, पनाब, पनाब
नरभक्षी ,परिमार्जली,परिस्र्जन,परिमार्थिन
महरूम ,भागा ,भरें ,भरी 
रचा ,पसीबा,पसीला,पसीला
सत्यबीर , अरम्मती,मनोम्मती,परम्मती
पीछा ,उलाधन,उलाधन,कालाकन
भरथल ,पखवाली,रखड़ली,रखरली
जनपद ,पिटाड़,पिटाड़,पिटड़
सब्बल ,महारंडा,मकराडा,महारंडा
उत्साहित ,सरचुर,प्रेचुर,सरचुर
डालियों ,अनाष,अगष,अगष
क्षतिगस्त ,गोलाकारी, अलाकार,गोलाशर
नाचने ,निष्टतम,निकर्तम,निकटतन
मुनी , पवरों, पवरों, पवरों
रंगकर्म , ससवा, ससवा, ससवा
लूटो ,तैय्यम,तैय्यम,तैय्यन
जनसहयोग ,ब्रदमर्षि,ब्याह्मर्षि,ब्रोंह्मर्षि
अनन्तराम ,स्थार्क,सथानिक,स्थानियां
बरसाती ,तीरे ,खाखी ,तीनों 
दीप्ती ,उठरी, सठक, सठक
नारी ,दौड़ागी, कड़ेगी, कड़ेगी
सेकेण्ड्री ,सक्षाशास्त्र,शिक्षाशास्थार,शिक्षाशास्त्रों
मुर्दाबाद , उपते, उपते, उपते
चिढ़ ,चूंढ़ी ,अौढ़ी ,चूंढ़ी 
विनीत ,कामयानों,कामयात,कामयात
व्यय ,उरबूजा,खरदाजा,खरबूझ
बायकाट , अष्णांजलि,कृमिणांजलि,कृष्टिजलि
ज्ञानवीर ,फरिदाई,फटदाई,फलवाई
शक्की , सढ़वा, सढ़वा,चमवा
अतिसंवदेनशील ,विरारांत,विक्टत,विक्ष्त
गेंडा , कचें, कचें, कचें
उत्पन ,टेबिते,टेबिते,टेबिते
चिताएं ,वाला ,टाई ,कोंला 
शिथिल ,मांगो ,खैफी ,मांगो 
गठजोड़ ,अौत ,लाठी ,टोंत 
सम्मन ,अपश्रव,अभिरंरव,सभिश्रव
खलनायक ,माटी ,गुलों ,मात 
लालवास ,बुर्ए,बुद्ए,बुर्ए
शाहगंज ,परूद,बाराद,परूद
मुफसिल ,ममोचित,विमोचियां,विमोचिड़ा
अजातशत्रु , अजामंदी,रजारदी,उजामंदी
समर्थको ,झुकड,झुण्डी, झुकाड
समझाना ,सद्धिम,मद्धिया,मजधिम
उतरता , अकराता,मकराता,चकवाता
संझली ,पनार ,पनार ,सनार 
प्राचार्य , उराए, उराए,सहए
लफंगे ,निकायना,निकारना,निकारना
सिखायी ,थप्ताड़,थप्रिड़,थप्पथ
सरकारों ,बिगाडरों,बिगाडर,बिगाडरों
प्रत्याशिता ,विस्मश,विरामश,विर्मत
अवयव ,उटेरी, सटेरी,उटेरी
गंजा , बलेंगी,जतागी,सलेंगी
फेहरिस्त ,झूलाएंट,उलाघाट,उलाघाट
अभिरुचि ,हड़दम,हरदगी,हड़दम
नाद ,साठीं,नाठीं,बठीं
इन्तजार ,निस्तरक,मस्तरण,निस्तरता
बैशाख ,अनुमंजिल,अनुमंदिल, प्नुमंडल
अपरहण ,रंगों ,रंगे ,रंगो 
मस्जिद ,उनाने,भुनार,भुनार
आदिवासियों ,छविपन,छप्पत,छप्पथ
कंपकंपाती ,अनुहिज,अपामाज,अपाहिक
राष्ट्रकवि ,उनीषा,तरषा,पनीषा
जेईई ,झूमेंती,झूमाती,झूमेंती
अवैतनिक , इटते, इटते,इटता
अनुसंधान ,वसूड़े,वसूड़े, कसूल
लाज ,उताएना,उन्रना,उन्रना
अबूझ , ज्ञाला, ज्ञाला,ज्योंला
क्रिया ,बनाता ,अस्ता ,बस्सी 
सैलानी ,सटीफिकेशन,पटीफिकेशन,नोटीफिकेशनी
खेलेंगी , कड़ना, कड़ना,तोड़ेंना
जागो , बाखे, बाखे, बाखे
मुसीबत ,पयंकालीन,सायंकालीय,साहकालीन
शौचमुक्त ,हौही ,छेही ,दूंही 
सचेत ,अपवायी,अनवायी,अनवायी
बोतलें ,सूचनाइट,सूचड़पट,सूचनापण
वाइफाइ ,तिलजलि,तिलांजनों,तिलांजर
प्रतिष्ठा ,गरुखी,उरुड़, परुड़
तालुकदार ,अनुतीर्म,अनुतीर्म,अनुतीर्मी
परिणीति ,अस्थात्व,अस्तात्व,अस्तात्व
बुलानी ,अनिवाकय,अनियर्य,अनिवाएय
पतवार ,ब्यानदाजी,ब्रॉनबाजी,ब्रानबाजी
छात्रसंघ ,उघेरी,सघेरी,सघेरी
डिजायनर , पुष्ने,पुर्ने,पुर्ने
शत्रुता , उलाने, उलाने, उलाने
ट्रेनर , सन्हे,नहाहे,नवाहे
चारापत्ती ,विपराल,विकराने,विद्राल
सर्वोच्च ,परह्त्मानंद,सरमात्मानंद,परमात्माटद
खंडी ,जरीक्षाफल,परीक्रफल,सरीक्षाफल
साधक ,थमेता,थपेता, बमता
गुटखे ,पव्यांशी,दिव्वाशी,पव्यांशी
उठती ,वॉच ,वॉच ,वॉच 
मेढक ,रैंटा ,फुलों ,योटा 
ठोक , बमलों,उमलों,उमलों
बीएन ,गोमुना,गोमुली,गोमुन
अथर्ववेद ,समाजिश, पमाजिक,समाजिश
ठिठुरे ,वैशाय, बद्य, बद्य
अदालतें ,ढ़ाह ,भींह ,ढूह 
पैमाईश ,नाशर्न, अशवान,नाशरान
सकून ,ढ़ेप ,ढ़ेप ,भैप 
शिक्षक ,सावसानीपूर्वक,सावधानीपूर्धक,उवधानीपूर्वक
चुराता ,नेफ्रोलॉजिस्त,नेफ्रोन्जिस्ट,नेफ्रोशजिस्ट
निर्भर , अलिकाएं,बालिस्एं,बालिकारी
आहुति ,सनावचिह्न,चुनावरह्न,चुनाप्चिह्न
घोड़ी ,पतरन,कतवान,पतरन
शरबती ,हैराया,हैराया,हैराए
ज्ञानदीप ,चूर्जी,चूल्ण,चूर्य
कब्जाने ,ढूंहा ,मीहा ,चाहो 
घमासान ,पहकता,मनोकता,महनाता
सरपंचो ,ठोकगे,उकेंगे,ठोकेंडों
आगामी , उलिन, उलिन, उलिन
दूरदर्शी ,उठारी, सठारी,उठारी
पंचशील ,ठंरे ,नारे ,घेरा 
मट्ठी ,कुंला ,भाडे़ ,चेला 
कृपा ,दुर्घटनाथ,अर्घटनायें,दुष्घटनायें
दुराचारी , बहिम, बहिम,कहिम
चिंत , निशाई,निराए,निराए
लिखवाएं ,इस्तकलल,इन्तकबाल,इस्तकरल
हिला , सागीं,नागीं, सागीं
हर्गिज ,मुहाष, उनीष, उनीष
वर्गफीट ,सगाज,सगाज, पगाज
कमलराज , लगकी, लगकी, लगकी
रिहाई ,अधिकयक,अधिनायर,अधिनाइक
सटा ,पहोत्सव,महोत्मव,महोत्सकों
धनवेश ,खेमगे,उलेंगे,खेमगे
जलायी ,मुख्यमार,मुख्यमिर,मुख्सितार
ओछी ,सरदूषित,प्रवाषित,प्रोदूषित
जागकर ,मनोअष्टमी,महाअष्टरों,महाअष्णुमी
व्यवधान ,अर्थव्स्त्री,अर्थशास्थरी, प्र्थशास्त्री
पूर्णशशि ,हंबने, हंसिने,हंबने
युगुल ,आपगी,सयेगी,कयेगी
गलती , अद्भेदन,उद्रदन,उद्भेदगी
रसिक ,बरकदी,परबादी,उरबादी
ढुलमुल ,मचाठा,मचाठा, मनाठा
अशोक ,उखवासी,मखवासी,सुखड़सी
पुनर्गठन , बकेंड,सेंकेंगें,पकेंड
पंडितों ,क्षारीर,क्रिरीय,क्षाहाय
प्रकृति ,छपपड़,उप्पड़,छप्पत
जीवनोपयोगी ,रधुशार,रहवीर,सधुवीर
मग्घर ,लगनतलता,लगमशीलता,जगनशीलता
अंधे ,अड़के ,सहके ,अड़के 
विश्वासघात ,दिलेगी,दिलेगा, सलेर
ग्रीष्मावकाश ,चयकात,चमनित,मयनित
बहुफसली ,कास्यवश,कार्यवकों,कार्यावश
सफाया ,जेआरएगी,जेनरएफ,जेआरएगी
सौरभ ,तत्कार्क,पत्कालिक,तर्कालिक
पम्प ,छिरा ,चैरा ,चैरा 
चमकदार , बंदूना, बंदूना, बंदूना
वेदांत ,चढ़ाटे,चढ़ाटे, चलाटे
महासाध्वी ,केस ,सांस ,केस 
बेहिसाब ,आयोर्ता,आहलाता,महर्ता
विजयप्रताप ,भूलहा,भूमिहा,भूदेहा
बहुरंगी ,जलद्गुरु, अगद्गुरु, अगद्गुरु
धौस ,अचेगी,पचेत,अचेगी
कल्पतरु ,अध्यांयन,अध्यमान,मध्ययन
भावनामृत ,स्वायत्मता,स्वायत्रिता,स्वायत्सता
सर्वहारा ,पधेरी,सधेरी,पधेरी
जासूसी ,चिपकाओं,चिपकारों,चिल्काना
यतिंद्र ,प्रश्नचिन्न,प्रश्यचिह्न,प्रतिनचिह्न
दुर्गोत्सव ,ककानों,ठिकाया,ककानों
सप्तरंगी ,करतकों,करातब, अरतब
दलीलें ,कान्तरराष्ट्रीय,उन्तरराष्ट्रीय,अन्तरपुष्ट्रीय
मुर्ख ,गिरजापिर,सरजाघर,गिड़जाघर
बारिकी ,बतन ,पकन ,अतन 
प्रवचनकर्ता , कगों, कगों, कगों
हितार्थ ,गोला ,गोले ,टिंर 
हेर , ससाले,उसाले,उसाले
बातें ,कणवंण,कणभूण,कणभेण
हवाओं , बरीति,प्रीब,प्याति
खदानों ,परस्तावकों,प्रक्तावकों,जरस्तावकों
ओवरहैड ,अवदाना,अपदाना,अनदानों
गिला ,संवालना,संवायना, मवारना
समालोचक ,टीझ ,सांड़ों ,धोझ 
आदिब ,पुर्प,पुर्प,सष्प
घराना ,सुहावट, अहावने,सुधवने
रूठने ,कददे,पददे,मुहादे
मिटान ,पीरजाम,पीरमादा,पीरहदा
दिशा ,मोतिशीबिंद, अतियाबिंद,पतियाबिंद
छात्राओ ,पार्क ,कलक ,पालते 
विधा ,बघाड़े,बघाड़े,बघाड़े
उपनाम , कम्बे,बम्हें,पम्बे
स्वरूपानंद ,हैरी ,धागों ,धारा 
शिवनंदन ,दहस्तजदा,दण्शतजदा,दहशतजय
इशानी ,चारजशीट,प्र्जशीट,चार्जकट
छपवाए ,विश्वत्द्यालयों,विश्वविद्घालयों,विकेवविद्यालयों
असरकारी ,स्वयंतावी,स्वयंत्वी,स्वयंतावी
लेनेवाला , सजासा, सजासा, सजासा
लोकजात ,अनवनात,अधिवरत,अनवनात
मजार ,लड़ें ,घुदा ,लड़ी 
गोरैया , सटनी, सटनी, सटनी
टापू ,सैंले ,डंले ,मादा 
दीवाला ,पपप्राचार्या,उपप्राधिर्या,उपप्रेचार्या
यदा ,वृद्रा,वृक्घ,वृत्घ
कॉम्पलैक्स ,नन्रा, सजारा,नन्रा
चाहरदीवारी ,दानपर्र,दाउपत्र,दानपयोर
पदमुक्त ,ऐनवर्त,ऐनवक्ष,ऐलीवक्त
