﻿valid,invalid1,invalid2,invalid3
शरीयत ,अवनपूर्णा, प्न्नपूर्णा,जन्नपूर्णा
नहरे ,एयलाइजर,एनलाइकर,एनलाइकर
मूसलाधार , खर्बी,खत्बी,खराए
भटक ,रेलयापरा,प्लयात्रा,सलयात्रा
तवज्जों ,पकड़वासी,परड़वाने,पकलवाने
यथाशीघ्र ,कबूतों, पबूला, पबूला
सर्वाेच्च ,नालिता,नालिता, उचता
विकरालता , कडारा,उडारा,उडारा
गोते ,जुट ,छुही ,जिंही 
बुझायी ,पहवध,पशुवर,सशुवध
रूक ,दुर्मुंहा,दुधरहा,दुश्मुंहा
असहज ,चोंच ,लूटे ,फेंटे 
मौका ,अपमान्य,पसामान्य,असामान्ह
दाल ,अभिकने,अभिकने,अटपने
सुपारी ,पदतक,हटतक,पदतक
एंडोस्कोपी ,छायामारा,छापामानी,उपामारा
दबा ,भड़वश,भयवत,भरवश
तामकोट ,टकलना, अकराना,टटोराना
पछुआ ,समौजूदगी,नामौजूदन,नागजूदगी
बेंत ,मारें ,पारें ,मारें 
रहकर ,मिलालाना,मिचनाना,मिन्लाना
चित्रलेखा ,पदनवन,चंदनबान,चंदयवन
अशिक्षा ,पस्सेदार, अस्सेदार,हितसेदार
बुकी ,इस्तेमानों,इस्थामाल,इस्सामाल
छक्का ,ननती,ननते,ननती
अनुशंसा ,टोलों ,भंना ,टॉना 
निकासी ,अभिमाया,अजवाया,अवमाया
दोना ,वैभवशाही,वैभवर्ली,वैबवशाली
भटककर ,रखमि,कश्मि,रस्मि
चक्र ,शारीवाक,शारीदक,शागिरिक
तेवर ,रोशचित,रोजचित,रोजचित
खोजना ,पर्णदीप,कर्णवाप,कर्णवाप
उद्गम ,श्वेमचरण,श्यामपरण,श्यामचरिण
बौद्ध ,षष्णम,षष्टने,षष्णम
प्लाजमा ,हिंदुक,हिंसना,हिंसले
नमूने , उडक, उडक, उडक
निशाना ,उस्त्र,शास्त्व,शास्तिर
लेती ,करुदी,करुदी,करुदी
गुंजाईश ,स्माण्डों,उटैण्डों,उटैण्डों
विदूषी ,नौंवीं ,सौंवा ,रैवा 
पढ़नेवाले ,लगमई,लक्वाई,लगमई
भैसा ,बहएं,सनाएं,उनाएं
चहेता ,गैरजमानन,गैरजननती,गैरजसेनती
आमलोगों ,सुधमुंगी,सुधकगी,सुधवागी
परोसते ,ऱफ्सर,ऱफ्ताओं,ऱफ्ताओं
मौला ,दुर्दशाग्रस्थ,अर्दशाग्रस्त,दुर्दशाध्रस्त
केश ,सरंक्षणा,सरंपषण,सरंपाषण
उपमहामंत्री ,पग्वेद,ऋषिवेद,पग्वेद
अनुदेशकों ,मजूर्ग,बुरार्ग,बुजूर्थ
शरिया ,वाहर ,वाहरे ,वाहरे 
खात्मे ,कौचे ,टिंचे ,रखो 
दिखें , कपती, कपती, कपती
भद्दे ,आक्न्दित,आनगुदित,आत्न्दित
नवधन , करोसे, करोसे,पकसे
विस्फोट ,लुहाए,लुहाए,लुढ़ए
दाग ,प्राजमिकी,प्राजमिकी,प्राथककी
फड़ ,पलॉटर,स्लॉटने,पलॉटर
इटावा ,पहमा,सजामा, बजामा
लचक , बपों, बपों, बपों
आधुनिकरण , सधजला,अधजय,उधजला
पदमाकर ,बढ़ाड़े,सछड़े,उछड़े
खंडर ,संस्ग्ध,संवाग्ध,संवग्ध
उच्चविद्यालय ,झुके ,झुकी ,झुठे 
मिटेगा ,ऐलोवेशी,ऐलोवेश,ऐलोवेशी
कंधा ,ईस्द,ईजाने, कजाद
मंजरी ,सम्प्रेदाय,सम्प्रदार,सर्प्रदाय
बोधगया , अरकना, अरकना, अरकना
कंछल ,जिन्री,जिगने,जिन्री
बहती ,तत्फदारी, अरफदारी,मरफदारी
निकम्मेपन ,प्रतिवहीग,प्रदवर्ग,जरतिवर्ग
हिमाकत , बश्र,हश्ता,हश्ता
अनुदेश ,मपजने,उपजर,उपजनों
मण्डप ,नृपने,नृपर,नृपना
देर , उपड़ा, उपड़ा,कमाड़ा
आक्षेप ,धुदा ,ढदा ,सांदा 
दर्शाता ,भूड़ा ,ढैंलें ,चिलें 
स्वामित्व ,करायाना,सछियाना,कछियान
विविधा , बयदा,उयदा,कानूदा
भागेदारी ,किए ,भिंला ,ओला 
बनाएंगे ,तबेर,तबेर,तलाले
मझीन , अगनेवाली,लगमवाली,लगलवाली
रक्तकोष ,रस्नी, पमानी, पमानी
डूबी , अक्तियाना,भक्तिभाना,भक्तिभाना
पाक , बहुँचा,कहुँचा,सहुँचा
बेतुकी , पराहे,दोगुहे, पराहे
व्योम ,दुष्पयोग,दुखपयोग,दुरूषायोग
अनशनकारी ,मकड़ना, सकड़ना,परड़ना
जनसंपर्क ,क्लीनियां,क्लीनिया,क्षनिक
दोहरे ,हर्षणेर्धन,हर्षवकधन,हर्षयर्धन
इंग्लिस ,मध्यक्षा,अध्यकाषा,अध्वंक्षा
रीच ,पुनर्निमार,पुनर्विमाण,पुनर्निस्ण
मुरादाबादी ,नेकदियां,नेकदियों, अकदिल
पूर्वाहन ,उतीष,समाष,कतीष
पंचमुखी ,कार्नकत्र्ता,उर्यकत्र्ता,पर्यकत्र्ता
ओेर ,पतलूमों,सतलून,पतकान
लायक ,सलचीनी,मलचीनी,सलचीनी
रियाज ,बोतगे,बोलिगे, बलेंगे
फटका ,तारीद,तारीद,तारीज
अक्रूर ,बेतुनी,बेतुनी,बेमाया
दुलारी ,पुष्पाधिवादी,पुष्पारवास,पुष्पाधिवादी
हडकंप ,यांत्रिफारण,यांत्यकरण,यांत्रियरण
गणक , पजान, पजान, पजान
प्रेमप्रसंग ,कुललना,कुचकना,कुललना
बैनामे ,किंरे ,बिंरे ,घूंरे 
मनेाज ,भौंचते,भौंचते,भौंचन
निकोटीन ,पड़े ,पड़ ,परे 
आत्मविश्वास ,सवाहिश,ख्वायश,ख्वाहिक
कुरकुरे ,पगतवीर,जगनवीर,प्गतवीर
हुक्म ,सल्के,सल्के,सल्के
लौटानी ,छाएर,छाएर,छाएर
लाइलाज ,चटएंगे, अढ़ाएंगे,चलएंगे
घूमे ,नंडे ,खंबे ,खंबों 
ब्वॉयलर ,पगाम,पैरम,उगाम
बौखला , अवास्थ्य,प्वास्थ्य,स्वायोथ्य
ठाणे , अलगोभी,फूलगोला, अलगोभी
पाशा ,जिता ,जिस ,भैला 
गरिमामय ,ठहाप,ठप्र,ठगप
कुंदन ,मुनासियां,मुनासियों,मुकसिब
जोड़ो ,फलदायम,फलदायम,पलदायक
चहुंओर ,ढही ,पूंकी ,ढली 
सालभर ,माँम ,टांम ,झूली 
दिलाते ,अभियात्रित,अभिमंत्मत,अनुमंत्रित
बहुमंजिला , नन्र, नन्र, नन्र
शपथग्रहण ,निकदयी,निर्दगी,निर्दगी
बटुकों ,देवोविरोधी,देशवरोधी,देशवरोधी
साधवी ,निभाटिन,निर्टिन,निकोनिन
जलप्रवाह , सटानी, सटानी, सटानी
प्रोद्योगिकी , उवाई, उवाई, उवाई
मुहल्ले ,अगथ,अगथ,अखाथ
अभिज्ञान ,डाके ,डाले ,डाल 
हाईजीन , उलसी, उलसी, उलसी
चोथे , अईकॉन,मईकॉन,आयोकॉन
पुननिर्माण ,छात्रहति,प्त्रवृति,सत्रवृति
घटनायें ,खुदया, खुराया, खुराया
अहसास ,जरमेश्वरी,परमेश्चारी,पशुमेश्वरी
यतीम ,टांसलर्मर,टांसमार्मर,ससफार्मर
विनिर्माण ,बंगलावाशी,बंगलाहशी,मगलादेशी
कृषकों ,हटाकगे,हटाधागे,मटाएंगे
बहुपयोगी ,अल्लिह,अल्हह,अल्लाते
गल्लामंडी ,सुता ,चंता ,बीसों 
तवज्जाो ,उमझाते, अमझाते,सरझाते
विपद , पईना,आदना,उईना
जतायी , सजारे, सजारे,गुदरे
उडे़ ,ठोंक ,ठोंका ,पांकी 
मूल्यांकन ,पुर्नस्क्षण,पुननरीक्षण,पुरानरीक्षण
सिविल ,छन्य,छल्ना,छल्ना
जड़ा ,सफादारी,वसूदारी,वफायरी
हिमराज ,कनंत, बनंत,कनंत
खोलना ,धुकधुर,धुलाधुकी,सकधुकी
पंक्तिबद्ध ,उरखर,प्रखड़ा,प्रखन
मधुमास ,परोमणि,शिरोमत,शिरोपिणि
हिली , लाचाना, लाचाना, लाचाना
लूंगी , बऊंगा,जानगा,उऊंगा
महगे ,प्रसिलिंध,प्रसिद्या,प्रेसिद्ध
नमाज ,गुलाएं,गुहाम,गुलाया
निबटारा ,पकचौक,परचौक,परीदक
उछलने ,अनुयाति,अवजाति,उनुजाति
महाभोज ,आनाजात,आनाजाम,आश्जाना
सन्नाटे ,नगराज्श,नगराज्श,नवराधीश
बख्तरबंद ,उलना,उगाट,उड़ाट
परियोजनाएं ,दिलालाई,दिलालाई,दिललाई
सजेगा ,धनकती,धरापती,धनकती
स्ववित्तपोषी ,स्वर्थवासी,स्वनिगवासी,स्वीर्गवासी
मातृत्व ,सूखी ,सूखी ,सूबे 
समेटते ,शरयारो,शनियात,शनियाओं
सन्तान ,विशेछेदन,विच्चदन, अच्छेदन
टेड़ा ,बांधेरों,बांधेरे,बांधेरों
बोधिसत्व , अवोन्मेषी, अवोन्मेषी,नवोन्विषी
पंट्टे ,ढूंढस,सढना, कढना
राहें , मल्सर,पल्सभा,पल्सन
मध्यांचल ,सच्जवल, अच्जवल,उच्जवती
वार्तालाप ,हिंसा ,कैदी ,कैदी 
क्लाइमेक्स ,नाछो,साछो,साछो
इंडिगो ,शर्द ,शक्द ,बहद 
व्यास ,सरेजों,परेजों,गैरेम
उभारा ,गुजमाते,सजरते, अजरते
लहलहाते ,सजाते ,बत्ते ,सत्र 
मिंया ,पर्षपातपूर्ण,पर्षपातपूर्ण,मक्षपातपूर्ण
आंसू ,सुलचि,उरुचि,सुरुड़
बालयोगी ,उश्किलों,मुश्रिलों, अश्किलों
कच्चे , सागीं,नागीं, सागीं
वाणिज्यकर ,मैंही ,रुको ,रुपों 
विस्थापित ,झाड़ू ,तोंक ,दिक 
आकर ,होशियान,होशियात,होशियात
वायुमंडल ,म्यूजिमाम,म्यूमोयम,म्यूजिलिंम
हरा ,विकलांगवान,विकलांगर्न,विकलांगजली
शर्मिदगी ,लूल्रे,लूल्रे, सटेरे
धसने ,वाम ,मौैदा ,टेंदा 
खाने ,जटिका,जटिका, बटिल
दबे ,सरद्धाभाव,श्रद्धानिव,श्रद्धारव
धर्मशास्त्र ,मंजिन,मंजिन, मंत्न
प्रदूषण ,दहरे,दबाला,दबाला
प्रणायाम ,चमड़ला,चमझाला,ममकीला
वेशकीमती ,कुन्यान,कुचदन,कुचदन
मवींकला ,पोंण ,पोंण ,धुंण 
विश्वशांति , नाझा, नाझा, नाझा
थिरका , जुल्ती, जुल्ती, जुल्ती
दिवसीय , शकीरों, शकीरों, शकीरों
तकनीकी ,नबारा,नबारा,नबारा
डूबकर ,जमुनाइर,जमुनालर,ममुनापार
बिरले ,कवार्द,कवारद,कवाहिद
बारातघर ,संगने,संभाति,संगने
आत्ममंथन ,फैडू ,तोंडू ,झाड़ू 
नकारते ,उद्यमिति,उद्यमाता,उद्रमिता
स्तुति ,आसश,आसाश,पगोश
विद्युतकर्मी ,उभरण, सभरता,उभलता
संरचना ,शीकी ,स्की ,स्की 
बिजी , घड़िला, घड़िला, घड़िला
परियोजनाकर्मी ,सीख ,सीना ,सेंप 
जड़े , अखाला, अखाला, अखाला
निखारने ,कर्वाया,कर्वाया, सटवाया
गजरा , कढ़ाने,चित्ने,चित्ने
जूबाए ,योग्ना,योजरा,योनिना
हाय ,खस्ताहान,खस्ताकाली,पस्ताहाली
खुशामद ,संध्यानुलीन,संध्याकार्न,संवायाकालीन
आत्मविभोर ,मेलारवान,मेहस्वान,सहरवान
बलात्कार ,शौर्न,पकीन,शौकीर
परिंदा ,उराशे,तड़शे,उराशे
ठेल ,वरुखी,वरुड़,वरुड़
प्रजातांत्रिक ,ब्यौही,पयाही, कयाही
मुख्यमंत्रियों ,प्रतिनिर्त्व,प्रह्निधित्व,प्रमानिधित्व
बांधेंगे ,चरकाने,चटरिने,चटपने
अधीर ,कर्कंद,कलाकंडा,कलाकंडों
बांधे ,प्रवायुषा,प्रत्रषा,प्रत्मषा
प्रतिनिधि ,खदेए,खत्ए,खराए
अविभावक ,खींचेंते, कचते,खींचेंते
हनुमत ,बैरक्,कठक्,बैरक्
निमित्त ,बीटा ,घोंघा ,घोंट 
गुजरता ,चूँर ,चूँर ,वार 
बरकरार ,उच्बोधन,उदयधन,उदबोधता
मानेटरिंग ,घूमेंट,कमेंगे,कमेंगे
अलकायदा ,गरीना ,गहरा ,गहरा 
बंध ,पभाता,पभाता, बभाता
हरिभजन ,पुनर्बयाली,पुनर्बहारी,जनर्बहाली
रुपहले ,प्रत्हस्ताक्षरित,प्रक्हस्ताक्षरित,प्रतिस्स्ताक्षरित
सबलोक ,सगामी,उगामी,हंसमी
घुलने ,लड़ईं,लगईं,लगईं
तला ,ठगरी,ठगरी,ठप्री
टापर्स ,वारों ,वाली ,जैह 
परीक्षार्थियों ,अफगाई, सफगान,अफगाह
भिंडी ,सुझार ,सुनाने ,सुनाना 
बढ़ता , अलते, अलते,अलती
सुहावना ,इण्टरतिडिएट,इण्टरस्डिएट,इण्डरमीडिएट
खुराफात ,बहईं,सनाईं,बहईं
फिरने ,पढ़ारा, उहरा, उहरा
शैक्षिणक ,चोखा ,जंले ,जोले 
सर्वोदयी ,अनुयाध,अनुसूध,अनुरोह
आवारा ,रस्यां,रनिए,रचायां
जमीला ,खिंचन, उचता, उचता
विरोधाभास ,श्रह्धालुओं,श्वेद्धालुओं,श्रद्धारओं
