﻿valid,invalid1,invalid2,invalid3
राजधन ,विद्ताओं,विकताओं,विद्ताओं
शतवार्षिकी , मार्ना, मार्ना, मार्ना
फंसा ,निराकया,परामया,निरासया
अभिनेत्री ,उपजिलानंश,उपजिलाधीन,उपाजिलाधीश
मनचाहे ,जातीं ,छुनी ,जाचा 
प्रत्यारोपण , खर्न,खदेन, खर्न
सरिता ,जाये ,वैति ,पांति 
वंदे ,बरसरों,बरसभा,बरसभा
शामचौरासी ,कैशमेष,कैशिमेमो,कैमिमेमो
जुराबें ,धंधेड़ज,धंधेबाड़ी,धंधेपुज
समंदर , ढलाता, ढलाता,ढकेता
प्रश्नपत्र , गुदरे, गुदरे, गुदरे
बिचौलियागिरी ,हौयें ,हेयें ,भायें 
गरजा ,प्रोतिभानंद,प्रतिभाशाद,प्रतिभाविद
बिजौली ,कद्य,गहय,गद्रा
दिलायेंगे , सगारी, सगारी, सगारी
आदान ,टहनते, अहलाते, अहलाते
अग्रिम ,तंदुरुहत,प्दुरुस्त,तंदुस्स्त
गुदे ,झुकाकी,झुकाकी,झुलकी
दर्दभरी ,बढ़खेर,बढ़कता,बढ़तिर
मुख्यतिथि ,सप्तप्राय,लुप्रेप्राय,लुप्तप्राओं
पंचवीर ,सश्ते,नाश्ती,नाकाते
पीढ़ा ,उद्देदाय, प्द्देश्य,उद्देदाय
ममत्व ,मरसानी,बरकनी,मरसानी
राजधर्म ,पेचिट,पेचिट,पेटेंगी
टांगें , हवरों, हवरों, हवरों
परामर्शदाता , खिसई,खिलौई, खिसई
याचक ,सुदृढ़ीकरकों, प्दृढ़ीकरण,सुधाढ़ीकरण
आनंददायी ,सिखाकॉन,सिलिकॉपी,उलिकॉन
काष्ठ ,बुरने,बुरने,बुरती
जाबकार्ड ,मरियांशु,उरियांशु,प्रिवाशु
सेशनल ,विरुस्ध,विरुवाध,विरुद्य
गुमसुम ,नित्तनन्द,निष्यानन्द,नित्मनन्द
गुनगुनाती ,कामरार,कालागार,कालागार
कंपकंपा ,जांचा ,याच ,धोच 
गेंदे ,प्राचीनर,प्रायोनता,प्राचीनर
राजवर्धन ,गुनगुनामा,गुणगुनाते,गुनवनाते
बीवी ,मपरवाहों,लापरावाहों,लापरदाहों
अंतरविद्यालय ,कालयरत,पर्यरत,कार्वरत
सम्पर्क ,परष्टाचारी,भ्रष्टाइरी,भ्रष्टाएरी
जाच ,मुड़म,कनीम,मुद्म
संरक्षिका ,फोड़े ,फोड़े ,ईंटो 
जीवनदाता , उतीजा,भट्जा,भट्जा
कस्बे ,पिलवार, अलवाने,पिलवार
धनावंटन ,मिलाची,उर्ची,मिटाची
वर्णित , हिन्ता, हिन्ता, हिन्ता
सुनेंगी ,उपुणता,पपुणता,निर्णता
पराए ,उबीना,रूबीलों,रूढि़ना
शोषितों ,औंरो ,गैरो ,पीढि़ 
धरदबोचा ,उलवारी, पलवारी,फुर्वारी
घोंघा , बखेंगे,कखेंगे,उखेंगे
रुकेंगी , उजाने,सजारा, उजाने
समापन , पणई,वहई,वक्ई
लांघ ,शैलाषिक,शैक्षियों,मक्षिक
भूरे ,लौमो ,मेघा ,छंमो 
तैरकर ,असयस्क,असयस्क,असयस्क
कुलवंत ,प्रचक्र,वीरचक्त,वीणाचक्र
बहू ,पनिधाम,मनिधाम,शनिधार
यादगारे ,अवर्धक,अवरोपक,अनुरोधक
गर्भावस्था ,सक्रमता,समषमता,पक्षमता
अध्यापन ,जमारिजी,जमाकजी,जनपूंजी
कायरता ,परिगबाजी,परगबाजी,पदगबाजी
कजरी ,पोंगता,पोंगता,पोंगना
ढिंढोरा ,मुहावत,पहावरे,मुस्वरे
गुनगुनाया ,मरगना,परगर,पकगना
च्यवनप्राश ,मगजमान,मनोजमारी,मगजवारी
सुगमता ,उलेंगे, बलेंगे,कलेंगे
कट्टरवाद ,सुनिर्चत,सुनिश्वत,सुधाश्चत
द्विवर्षीय ,प्रासंरकता,सरासंगिकता,प्रार्गिकता
व्यसन ,वास्ताविद,प्स्तुविद,वास्तुतिद
अशोका , बदसा,पदसा, बदसा
पैदाईश ,लटफत,लताएत,सताफत
अरुंधती ,बशें, बाशें, बाशें
शशिकांत ,त्ड़ ,फोड़ो ,ढड़ 
सेवानिवृत ,बुद्याजीवि,बुद्धिजीत,सद्धिजीवि
कनेर , सेंकेंते, सेंकेंते, सेंकेंते
सर्फ ,रक्षामित्री,रक्षारोत्री,जक्षामंत्री
वानर ,परियाहन,परिक्हन,परिवधान
अंश ,पाँतो ,खेतों ,खेला 
पसारना ,सढ़ाता, कढ़ाता,सढ़ाता
पीरपैती ,मलटाया,सलटारा,सर्टाया
विभाजनकारी ,अभूतपूरव,अधितपूर्व,अभूतपूर्मी
गुरुओं ,घोड़े ,भारी ,भारी 
मौजूदगी ,प्रहति,मरवृति,प्रहति
रंगी ,उऐगी,उऐगी,सऐगी
जहाजरानी ,विसर्जलि,पसर्जन,ससर्जन
चमकाया ,वसूगैगे,वस्लेंगे, असूलेंगे
औद्योगिक , पुष्ना, पुष्ना, पुष्ना
जबर्दस्ती ,विरादु,विचादु,विवादु
आदमी , ककेंगे,फूंकेंड,फूंकेंडों
व्यवस्थायें , हमया, हमया, हमया
कड़ी ,टैंला ,झेली ,ठेंला 
वेष ,राष्ट्सहित,राष्प्रहित,राष्प्रहित
अनसुना ,खूफिद,खूशद,खूर्जी
ऊंज ,नाल ,लुचा ,येचा 
निकलता ,सत्रात्भ,सत्रारंश,सत्रालभ
वगैरह ,परलेदार,सल्लेदार,पल्लीदार
घबराएं ,अपभवी, सनुभवी,अनुयावी
बन्दर ,प्रायोजय,प्रायोगिन,प्रातजन
फूंकेगी ,अष्ट्रपति,राजट्रपति,राष्ट्रपक
प्रसार ,मुसयांकन,मुल्यांकर,प्ल्यांकन
निश्चित ,दरकिनान,दस्किनार,दलकिनार
फांसने ,परतिपरागत,परह्परागत,परमापरागत
बही ,तूफाया,तूफाई, कफानी
कॉन्वेंट ,उत्यकता,उत्सुलूता,उत्सुलता
दबाएंगे ,अगुवाया,अगुठिई,अगुवाया
अरुचि ,निकना ,नियल ,निकना 
परिलक्षित ,बढ़ालो,बढ़ालो,बढ़ालो
रणनीतिकार ,समाना ,सबना ,सताने 
उग्र ,वस्भूत,वसूभूत, अशीभूत
नशा ,संपर्थ,पपर्क,उपर्क
अधिराज , हमती, हमती, हमती
चंद ,जडिटोरियम,आरोटोरियम,पडिटोरियम
सुपूर्द ,स्वास्थ्यमंत्रों,स्वास्थ्यमंत्र,स्वास्योयमंत्री
मौलिकता , बाथि, बाथि,बथि
रेजिडेट ,दीर्न,दीर्न,दीपते
अल्कोहल ,भट्ने,सगौने,भट्ने
सतत् ,योली ,योली ,खु़ली 
दरक ,रिश्यती,उयायती,उयायती
निवेदन ,मधूसूचिन,पधूसूदन,सधूसूदन
जनसमूह ,चतुमराने,चतुमराने,चरक्राने
सिसकती ,झल्हाहट,झल्लाहण,झटलाहट
बाप ,मोहईल,मोबाड़िल,मोहईल
अनियमिततायें ,अवरणी,अनुरणी,अनुरणी
रूमाली ,रूपते,रूढि़या,रूमाया
तहसीलें ,गवान ,उलन ,गवान 
गौरवशाली ,तहसेंगे,मरसेंगे,तरसेंस
पलीता ,महजता,सहकता,महजता
बेइज्जत ,पहटना,पहुंटना, अलटना
चिकित्सीय ,नायीं,नायीं,बयीं
एकबार ,शूट ,टूटी ,रौट 
साजन ,समीपस्ती,सहपस्थ,सर्पस्थ
डरो ,प्कार्पण,मकार्पण,लोकार्पति
लंगर ,अखाला,अखाला,अखाला
शुमार ,पीयें ,पीयें ,डपा 
पिटवाकर ,सहाशय,महाशने,सहाशय
गर्मागर्म ,नोंचा ,यौच ,अच 
विशेषण ,सर्स्या,सदस्वी,सरस्या
खम्बे ,महासिनी,पहासिनी,सिंहाड़िनी
लावण्य ,दागड़र,सगदार,दागमर
सुकोमल , अलपात्र,जलपालर,जलपात्व
क्षितिज ,चरता ,चलाता ,उलता 
राज्यव्यापी ,मुशायम,मुशावारा,मुशायन
कलाधाम ,पुनर्मतरिन,पुनशमतदान,अनर्मतदान
कांटी ,मोड़ ,फोजा ,डाजा 
दीजिएगा ,रचाका, कसिका,रचाका
अपरान्ह , अगमुक्त,रोषमुक्त,रोगमुश्त
यूएमवी ,खदेरे,खदेरे,खदेरे
नष्ट ,मनर्थ,अनुर्थ,अपर्थ
बीर ,युशि ,स्शि ,शत् 
शमन ,सखरेख,देवारेख,देखड़ख
विष ,उमस्ते,नजस्ते,नमकाते
चाहेगी ,सर्वस्क्ति,सम्वशक्ति,सर्मशक्ति
बेंचे , जुल्ई, जुल्ई, जुल्ई
पलटकर ,पंद्रत्न,पंचरकन,मचरत्न
शीतल ,दुहरफा,दुतरने, अतरफा
इनवर्टर ,मांगलियों,मांगलियां,उगलिक
निजी ,पमकेगी,चमरागी,ममकेगी
अस्त ,नुकीस,नुपुस,नुकीस
अंगौछा ,एंलें ,नैलें ,डाली 
गाँव ,बेरोज्जती,बेइवीजती,बेइज्वती
धारावाहिक ,भ्रांण,उयाण,भ्रांण
ब्रह्माज्ञान ,पढ़ाला,पढ़ाला, सतला
वस्त्र , बपे, बपे, बपे
सस्ती ,डांन ,गूंन ,सोन 
पालता ,रीच ,रीच ,शौती 
लथपथ ,लहई ,लगाया ,लगाया 
बैंगनी , प्र्कशास्त्र,तर्कल्स्त्र,तहकशास्त्र
गूंजा ,स्थाकार्य,पवीकार्य,स्वीकाकय
खटकाना ,दाम ,धंरू ,योरू 
बेपरवाही ,वीरा ,वीरा ,चुकी 
सांठगांठ ,पहहित,परहिशों,पहुंहित
आशावान ,आसाजें,उवाजें,आसजें
घिरने ,किसलते,किलोलय,किसलना
बेरी , सुझाल, सुझाल, सुझाल
पराई ,घटालू,घरेगा,घटालू
आडिशन ,भाड़ा ,भाड़ा ,डेए 
निर्वाही ,दोहराज,दोस्राते,दोहराज
मार्गशीर्ष ,मखविंदर,लहुविंदर,लखविंदल
रेडियो , अम्भल,सम्भवों,सर्भल
पूर्ण ,ससर ,कसते ,कसने 
वॉलमार्ट ,उजगारोन्मुख,रोजगारोन्धिख,रोजगाध्न्मुख
जलत्याग ,जीर्यशीर्ण,जीर्माशीर्ण, प्र्णशीर्ण
भावभीनी ,पराहता,कराहवें,कराहवें
अधूरी , बविमो,कविमो,सविमो
गुणवंती ,उपमुष्ट्रपति,उपराधट्रपति,उपराष्ट्रपकों
प्रंबध ,भाषई,भाविई,भाषाद
जमाएंगे ,रायें ,गाड़ी ,गाढ़े 
आखिर ,मयुद्ध,मयुद्ध,आयोद्ध
निरूपण ,यथाशक्ष,सथाशक्ति,सथाशक्ति
मनरेगाकर्मी , पन्हें,पन्दा,पन्दा
गिनते ,मनोकियत,मलपयत,मलबयत
व्यापार , नारौं, नारौं, नारौं
शिशु ,स्वर्तिका,स्वस्ताका,स्वर्तिका
परीक्षा ,अड़पनें,अड़चना,पड़चनें
महाशक्ति ,उस्तेज,निकतेज,निस्त्ज
टिकाऊ ,दीवाब,दीर्ली,दीवाब
गुजरना ,तेजा ,तेलों ,तेरे 
माशूक ,पबाब, बबाब, बबाब
कराके ,दिवाओ, बखाओ,पखाओ
शिकोह ,थानध्यकष,थानांध्यक्ष,अनध्यक्ष
सर्राफा ,हटाएफ,मटाएगी,हड़एगी
शलभासन ,घिटे ,घेटे ,ढाटे 
धोना ,स्वीयंभू,मवयंभू,स्वयंस
बोलिए ,मिलाते ,बलाना ,कलाना 
बच्चें ,उपखनित,उदखनिज, अपखनिज
जुआ ,अर्यवंशी,अर्मवंशी,अभिकवंशी
जुटे , बाढे़, बाढे़, बाढे़
रमणीय ,खत्या, खदेया,खत्या
सदस्यों ,सर्वर्ण,सहवगुण, अर्वगुण
भक्तिपूर्ण ,करंाति,क्रेति,परंाति
श्रीचरण ,टीत ,ढीत ,ढीत 
महानगरों ,भिण्डों, पण्डी,भिड़ेंडी
अभियंत्रण ,दुर्यग्यवश,दुर्भाग्रावश,दुर्भाग्यवरी
पुरूषोतम ,बलन ,पारिन ,पलन 
विज्ञानियों , मिर्ई, मिर्ई, मिर्ई
सुदर्शना , अतांबर,पिछबर,उतांबर
उकसाया ,परागर,परागम, अरागण
सुना ,बेमकसभा,बेमचसद,बेमकसकों
अग्रवन , वंचिना,वंदते,वंदिना
टेलीफिल्म , प्तिशबाज, प्तिशबाज, प्तिशबाज
परिया ,मरमरायी, अरमरायी, अरमरायी
सस्ते , सलताफ,अलतानी,अलतानी
प्रदेशस्तर ,यौडी ,चिडी ,सीधा 
संघर्ष ,लम्र,लम्र,उम्हों
तलाशी ,कू्ररण,मररता,सररता
पुरजोर ,पनिष्र,पनिहाल,पनिहाल
भरेगी ,मिटा ,घेंटे ,डटे 
भक्त ,गाए ,छुये ,गामी 
लगाय ,आरपाठ,आरवार,आरवार
असहमत ,तौबा ,तौर ,तौर 
मौज ,निपनागी,उपटेगी,निपटेड
प्रिय ,साभु, बाभु,नाभु
सुमत ,आशिष्नें,मशियानें,आजयानें
खुमारी ,लटतार,लगाएंर, अगातार
बुलाकर ,संवालेगा,संभावगा,संवालेगा
पूर्णतया ,गुठरी,गुठक,गुजली
उठापठक ,कर्याजोत,कर्मरात,पर्मजोत
शीघ्रातिशीघ्र ,अपसंचालक,उपसंस्लक,उपसंचारिक
उपमुख्यमंत्री , पलिल, पलिल, पलिल
चराई ,उतलने,उगड़ने,उगकने
अंबेडकरवादी ,अव्जकतत्वों,अराजकत्त्वों,अराजकस्त्वों
गढ़ ,आवेचन,मवेदन,आवेदर
धरनास्थल ,सलोरो, पलोने,उलोने
मौत ,सुलति,सुलति,सुधाति
पत्रलेख , बमीर, बमीर, बमीर
स्वर्णाभूषण ,जगलागुरु,जगदमरु,जगमगुरु
चोकर ,सीने ,सीखीं ,चैखा 
भट्टी , उर्ड, उर्ड,गालिड
परखनली ,पडलाधिकारी,मंडलाधिकाश,मंडलाधिकारों
