﻿valid,invalid1,invalid2,invalid3
अंगूठे ,मपटरी, अपटरी,बेपटन
सुलेख ,जीविदा, जीतेत, जीतेत
अट्ठारह ,शराबमुक्स,शराबद्क्त, प्राबमुक्त
बगीचा ,महंन,महंन, उहीन
महामारी ,उद्तीर्ण,उत्तीभण,उत्रर्ण
बाटी , शिखती, शिखती, शिखती
चुनावी ,निखना, कखरा,निखना
टकराती ,जपरिंटेंडेट,सुपलटेंडेट,सुपचाटेंडेट
ध्वनि ,घनी ,घडे़ ,मंाटो 
समाजवादी ,प्रंबधता,प्रंबधता, अरंबधन
अंतर्जनपदीय ,कंबस, कंजस, कंजस
चुकाने ,बदलसीबी,बदनसीसी,बदनवाबी
इफ्तिखार ,गद्दीनकान,गद्दीनशीय,गद्दीनकान
म्युनिसिपल , उलत,हालती,हाजित
मंजिले ,आवार ,पसार ,आपर 
सुझाये ,प्रदशर्ता,प्रदरर्न,प्रदरर्न
बुर्जुगों ,प्रिशासक,मरशासक,मरशासक
अराध्य ,सरंतर,निभातर, अरंतर
फॉगिंग ,सेकेनिंड,सेकेण्या,सेविण्ड
आंकड़ा ,दर्तक, सर्शक,दलशक
निशी ,लड़कता,लड़पर,लड़पर
छाए ,गिटी ,गूटी ,गूटी 
माधुरी ,कुलदाज,सलराज,कुलझाज
गरमाने ,सन्नयन,उन्नयम,उन्नयम
बालिकायें ,छाट ,खोरों ,खोपा 
सशस्त्र ,सुराने,सुराने,सुराने
दत्तक ,मर्वानंद,सर्वाहद,सर्वासिद
युवतियों ,उजदा,पजदा,पजदा
नवनियुक्त ,टेंपो ,जौपू ,टेंपों 
गौभक्त , प्दर्यबोध,सौंदर्यवध,सौंदर्यवाध
पिंजरा ,पलप्रेमी,खेलप्रीमी,खेताप्रेमी
गोंदा ,विलोरी,विलोरो,विचाम
गुरुनाम ,भल्हे,भट्ले, भगाले
कष्टदायी ,प्रह्जवल,प्रज्जवक,प्रज्जवश
शय्या ,बनाधु,बताधु,बढ़ाधु
साम्प्रदायिक ,स्वीयत,उवायत, अवायत
हथकड़ी ,गुंजारोमान,गुंजारोमान,गुंजास्मान
सोचेंगे ,चटरिने,चलाकने,चलाकने
घने , बरूप,उरूप,उरूप
काटेगा ,सेक्कड,मक्रेड,सेक्रेज
अनुसंधानकर्ता ,पक्सर,अक्षिर,अक्सभा
अभद्र ,पफीक,कफीक,पफीक
चमकेंगे ,प्जरबाग,बंजरबाज, अजरबाग
घबराना ,उकप, पकप,उकप
सदर ,औचितन,औधोतन,उसतन
संयंत्र ,धसले, ससक,धसर
बहु ,मपचुनाव,उपचुनामा,उपनिनाव
गल्ला ,उड़ास,उड़ास,उड़ास
बमबाजी ,मिस ,बांसों ,झस 
गवारा ,कटता ,पिटाता ,पिसता 
लेनदार ,धारा ,जीमों ,वीमों 
बचकर ,उटौती, सटौती,उटौती
पुष्ट ,बदतेंगे,परतेंगे,परतेंगे
लौगांय ,श्रोगार,मरंगार,श्रंजर
फर्श ,हैंडपाइयों,हैंडपादप,हैंडमिंइप
गुलदस्ते ,जलतजननी,जगरजननी,जगतजहनी
इमरजेन्सी ,पहकनी,परिकनी,पटपनी
फटकार ,शुक्न्दु,शुरून्दु,पभेन्दु
चलते ,निखाया,निखाया,निखाया
समकक्ष ,लहनये,लहनाये,लगाराये
दिखाएंगी ,कज्य ,उज्य ,राज्यों 
बिचौला ,शीलते,शीलने,शीलना
कर्कश ,ऊंगना,ऊंगना,ऊंघली
सत्यवती ,ऑडिटो, बल्टो,ऑफटो
शिक्षामंत्री ,सुधा ,सुख ,सुधा 
अर्षदीप ,बिगदु,सन्दु,बिन्य
पेड़ ,डंसर, डंठने,डंसर
पुश्ता ,बायीं ,बाघा ,बाल 
बैठना ,पुनर्षस,पुनर्षस, अनर्वास
गुलगुले ,भूषा ,भूनी ,भूली 
दर्शनीय ,गोपक्षक,गोरक्षिक,गोरतिषक
भींगकर ,साकारात्मन,साकारात्रिक,साकारात्तिक
परेशान ,पचारु,सुलरु,सुनारु
सुखाकर ,उतने ,उठाने ,बगाने 
लोकोक्ति ,सेक्ष्रों,सेक्ष्रों,पक्टरों
वृज ,कीजा ,मांफी ,पुजा 
दीदार ,निर्वाएंन,निर्वाएंन,प्र्वाचन
प्याला , झटती, झटती, झटती
कम्युनिस्ट ,प्रेतियोगितायें,प्लेतियोगितायें,प्रोतियोगितायें
चारे ,बिगयी,बिगयी,उछायी
विधानपरिषद ,अलमारिक,असमारियां,अलबरियां
प्रसिद्धी ,राज्का, कसुका,रासुधा
हटवाएंगे ,आश्तियां,आजतियां,आहुल्यां
रीतेश ,ऑप्रेसिन,ऑक्रेशन,ऑप्रेसिन
भड़की ,कग्न,कग्न,कग्न
जुटाने ,पेचीदन,पेचीदरी,पचीदगी
भूलता ,प्रीतियां, सरीतिका,प्लातिका
तैयार ,जफरकब,जफरपाब,जगरयाब
ढहाए ,देशप्रेट,देशनरेमी,देशप्रेखा
जीजू ,धंसले, पसते,धंसर
रूठे ,शिल ,एंल ,रेस 
सिफारिशें ,कुंभी ,ऐदो ,कुंठा 
जमानतदार ,परीक्षियें,सरीक्षायें, अरीक्षायें
मिलिए ,सोचे ,सोए ,लांय 
धूर ,उसाती,फंसार,ससाती
रेस्त्रां ,समकये,समड़ये, अमझाये
अतिमहत्वपूर्ण , अरदर्शिता,पारदतशिता,पारदर्मिता
भूल ,रामयोग,राजराग,राजराग
विरुद्ध् ,वक्दी, वसूदी,वक्दी
दुग्ध , भट्री,भर्द,भर्य
बिलकुल ,त्रुहि,त्राया,त्राए
बदल ,पंचस्तानीय,पंचस्थानय,पंचस्तनीय
पावती , पिटरी,पिसरी,पिपने
कान्फ्रेंसिंग ,मेडिमेज,मेहीकोज,पडिकोज
रुकीं ,नाला ,सुना ,फोना 
अखर ,चींयो ,बयो ,शियो 
हांका , धमये, धमये, धमये
विधायक ,सबदीली,तबटाली,तबटाली
संग्राम , पवाचार,नवाचारे,नजचार
समदर्शी ,जैकेन,जैकेन,जैतूर
भुगतें ,भेदभार,भेदकव, अदभाव
संपोषित ,सजवानों,सजवानों,नौजवाई
जेर ,आंदोलनरण,जदोलनरत,पदोलनरत
बिनु ,निर्त्रणाधीन,नियंत्वणाधीन, प्यंत्रणाधीन
आर्किड ,सतना ,अतह ,कतह 
स्तंभ ,श्वेदिक,श्रोतांक,श्वेतांछ
दहशत ,टैंल ,नींल ,नींल 
प्रोग्रेसिव ,आर्कषकों,आक्कषण,आर्वाषण
जनप्रतिनिधित्व ,गर्राया,गहराज,महराया
आजमाना ,पनभोज,वर्भोज,वनदाज
स्वयंसेविका ,वीरांपाणि,वीणापाल,वीरांपाणि
समाशोधन ,पक्तिनाथ,शक्रनाथ,मक्तिनाथ
गाएं , उड़ार, उड़ार, उड़ार
चाहूं ,अंतराना,अंधाराल, सतराल
रेलयात्री ,म्यूनियपल,म्यूनिसपन,म्यूक्सपल
बाल , अत्याकांड,सत्याकांड,हत्यादाड
भेदन ,उजारों,उजाई,उजारों
हजयात्री ,कृक ,डोक ,डक 
भरवाते ,विचाब,विधाब,विकाब
छांटने , बाखे, बाखे, बाखे
सीसे ,स्मारीट,मप्रीट,स्वरीट
भेंटे ,पवाज,पवाज,उवाज
सहराई ,तमकामा,तमतकों,तमकमा
बेदम , जीवरों, जीवरों, जीवरों
नेमप्लेट ,खासियर,पसियत,खातेयत
प्रत्युत्तर , प्श्वपाल,विश्वपान,मश्वपाल
नियमसंगत ,उजराने,सजड़ने,उलड़ने
फीकी ,आर्रण,आहरने,आर्रण
खरीदनी ,सक्कतें,दिक्ष्तें,मक्कतें
लावणी ,घंफ ,सौंपें ,सौंधी 
राजकीयकृत ,भ्रवाट,भ्रष्य,भ्रहट
प्रदीप ,परेमानियां,सरेशानियां,परेशालयां
निपट ,बदधता,बद्यता,बरधता
पसरा ,पकएगा, अढ़ाएगा,पहुंएगा
खादें ,भींडे़ ,जोकि ,जोरी 
सार्जेंट ,बंधनतक्त,पधनमुक्त,बंधनशीक्त
धाराशाही , फतना, फतना, फतना
ठगता ,बजनाजाती,बरबजाती,प्जबजाती
निश्छल ,उपकते,मपजाते,उन्जाते
असलहों ,उताइए,बनइए,बताइयों
आवेदनपत्र ,बहत्मर,बहत्सर,बरत्तर
निषिद्ध ,मद्यार्थी,विश्यार्थी,विद्यार्मी
असमां ,सरूष,पुष्ष,उरूष
अंतरजनपदीय ,पदकशी,मदकशी,खुराकशी
अनैतिकता ,झुकका,झुमला,झुमला
शुभकामनायें ,जघलय,जघन्त, सघन्य
परिचारक ,शोधियों,उधित,सधित
लील ,ढाका ,कुका ,ढाका 
रचनाकार ,दोहरीधारण,दोहरीमंरण,दोहरीकरकों
चुरायी ,अभिध्य,पसाध्य,असारय
शमिल , कचाते, कचाते,उचाते
विकलांगो ,पशुबाला,पशुशाह,पशुशायी
सतपथी ,तीव्रने,तीक्रता,तीव्वाता
सींच , कफड़े, कफड़े, कफड़े
हंसाया ,सघट,घूंघने,पघट
आत्मप्रकाश ,उशय,आशव,उशय
रोहिणी , बएं, बएं, बएं
लीन ,टंकिण,उकण,टंकते
धांधली ,खोलें ,छाजे ,जाँजे 
झोले ,लड़ाठे,लगाठे,लगाठे
निर्जलीकरण ,गीनो ,धंनो ,टोनो 
मोटरसाइकिल ,पखिमपूर्ण,जोखिमपूर्य,जोखिमपूर्य
बिदाई ,सहर्ण,सहकष,सहर्ण
नरम ,सुप्रेसिद्ध,सुप्रसिकध,सुप्रवाद्ध
पढ़ेंगी ,मशक्म,महारूम,मशर्म
नाखुश ,मिलीनेवाला,मिलमावाला,मिस्नेवाला
लिपिकों ,कत्याक,करथक,कटथक
रुदन ,सषमावाणी,क्षमावाले,क्षमावाला
चूहन , प्ठयक्रमों,अठयक्रमों,जठयक्रमों
रखूंगा , कलट,सलती, कलट
बयान ,सर्वविरेष्ठ,सत्वश्रेष्ठ,सर्मश्रेष्ठ
त्रिवेणी ,रीचार्थी,रीचायज,उचार्ज
अपराधकर्मी ,विनातक,विनाएक,विकशक
प्रलयंकारी ,मोटता, बहिता,मोहिये
जिम्मेवार ,चुभए, उराए,चुभए
मधुमक्खी ,खुरागवार,प्शगवार,खुशगवाले
घूमने ,विष्या,विधाठ,विकाठ
खंडित ,विरुद्य,विद्द्घ,परुद्घ
रूपरेखा ,रौलो ,रौलो ,किन 
पूछने ,थिरदान,थिरवान, उरकन
असहिष्णुता ,नेमरदानी, अत्रदानी,नेत्रदारी
शक्तिवर्धक , पढ़ाटी, पढ़ाटी, पढ़ाटी
साबूदाना ,गुजमाती,गुरुरती,गुरुरती
रेवड़ी ,बालिना,बारिना, पजना
सलाह , मालिवी, मालिवी, मालिवी
बनवाए ,उपंती,सपंती,पपंती
एकत्रीकरण ,प्लास्टियों,प्लास्थक,प्लास्टियां
झुंड ,पबमर्सिबल,सम्मर्सिबल,सममर्सिबल
बैरी ,खाकी ,भोंली ,भोंली 
अजायब ,चखड़र,सखकर,चखवार
पीने ,रोषपूजण,रोजपूर्ण,प्षपूर्ण
रणबांकुरे ,पर्दायश,प्र्दाफाश,पर्यफाश
न्यायामूर्ति ,खस्खटाना,खटवाटाना,खटपटाना
जलालत ,डालेंनी, उलनी,डालेंनी
प्राप्तकर्ता ,गोला ,गोदी ,गोला 
लिखने ,विश्वविधारिय,विश्वविधारय,अश्वविधालय
जनोपयोगी ,ओवनलोडेड,ओवरतडेड,पवरलोडेड
धुरी , ससरा, ससरा, ससरा
स्याही ,लादगा,लाईगा,लाईगा
बताशा ,चलमात्र,चलबत्र,चलचिलार
अंडा ,सरामय,परामय,परामय
केद्र , प्तिसंवेदनशील,अतिसंधादनशील,अवसंवेदनशील
मृत्युभोज ,श्रद्र,श्रेद्घा,श्रोद्घा
परामर्शदात्री ,उच्लक्ष्य,जपलक्ष्य,उच्लक्ष्य
घूस ,कऐंगे,जागगे,जागगे
पर्वेक्षक ,जरत्यायन,प्रत्यायर,जरत्यायन
कृत्य , नारुं, नारुं, नारुं
पटवाई ,मुवरकिल,मुवक्कियां,मुवनकिल
अनारी ,गेगी ,गेगी ,लिंगी 
कतार ,लोकतस्त्र,लोकतन्त्ति,अकतन्त्र
अक्षर , कढावा,उढावा, कढावा
रुखी ,मठाकर,बिगकर,बिठाकती
पत्तो ,कगीं,नागीं, सागीं
इकलौती ,अभिषम्य,अक्षवाय,अक्रम्य
सुरक्षाबल ,मुकर्त,मुद्र्त,मुहुचात
परिवर्तन ,अत्रीकरण, प्त्रीकरण, प्त्रीकरण
समाजसेवक ,यथा ,यथा ,कती 
माइलेज , अमस्यायें,समस्तायें,समस्तायें
वृक्षों ,जनएगी,मगाएगी,मगाएगी
गिरावट ,असतकर,महितकर,महितकर
धर्माध्यक्ष ,फूलबंधिला, अलबंगला,फूलबंगर
स्वर्णदीप ,नाहूँ,नाहूँ, बाहूँ
उस्ताद ,अधिग्रमण,अधिग्रदाण,अधिसूरहण
होनेवालों ,तड़ले,तड़ले,तड़ले
डायटिशियन ,महापंडियां,महापंसत,सहापंडित
छाप ,मलोचना,मलोचना,सहचना
धकेला ,वजगाें,वजगाें,सर्गाें
चीखें ,मचागी, कहंगी,मचागी
दवी ,उदीशुदा,मदीशुदा,शादीशुल
भष्ट्राचार ,मन्मार्ग,सन्नर्ग,सन्मान्ग
एकछत्र ,लुढ़खेने,लुढ़तिने,पढ़कने
कसूरवार ,दहदे,दहदे,दहदे
संबधी , अतरनी,कलारनी,कर्रनी
बकाया ,पयानाकर्षण,ध्वनाकर्षण,ध्यावकर्षण
परमपिता ,विकचन,विस्चन,विद्चन
डालिए ,उनेगी,मालिगी,मालिगी
माफ ,डॉक्षरी,पक्टरी, अक्टरी
उमड़े ,कपगी,करोसा,करोसे
दुर्घटनावश , बधेरे, बधेरे,अंधेड़ी
उपभोक्ता ,ईंसू ,चांसू ,ससू 
