﻿valid,invalid1,invalid2,invalid3
बौखलाया ,हठधर्मिनी,हठधर्मिक,हठव्र्मिता
टीम ,उपकऊ,उपकऊ,उत्जाऊ
अजीबोगरीब ,अर्यादंड, प्र्थदंड,अनुथदंड
चटाने ,प्रदशतता,जरतिशतता,प्रातिशतता
सहमंत्री ,वरिश्ठं, अरिष्ठं,परिष्ठं
गिनी ,पवनदायिनी, प्वनदायिनी,जीवनस्यिनी
राजपति ,मपकीन,नैपकीय,नैपकीय
मिलीमीटर ,राज्ट्राध्यक्ष,उष्ट्राध्यक्ष,राष्ट्राष्यक्ष
निपटाएंगे ,संदिनाधों,संदिग्या,संदिकाधों
टेंपो ,टिक्टे, बकटे,ककटे
अदालती ,मण्डर,मण्डर,मण्डऩे
सेवाकर ,पन्नतीस,उन्नतीय, अन्नतीस
घंटा ,अपरंपान,अपरपार,असरंपार
मैदान ,महानव्य,महापव्य,महानव्य
प्रधानमंत्रित्व ,गैगी ,जागें ,जागें 
जीतेंगे ,पलसीं,सलसीं,उलसीं
बैठ , उराती,खैहती,खैहती
घपले ,तहनीशियनों,तकलशियनों,तकनीययनों
कपकपी ,नाटते,नाटते,नाटता
झटककर ,जौरा ,इरा ,फुंरा 
जमगाई ,अंचलतार,अंचलकर,अंत्लवार
शौच ,तौदू ,मदू ,फूंदू 
दहाडे़ ,सूक्नाधिकारी,सूचनाराकारी,सूचलधिकारी
अपसंस्कृति ,रोजाई,रोमांना,रोमांना
एल्युमिनाई ,मस्जियों,मस्थादें,पस्जिदें
परिजात ,खातिरदाता,खानारदारी,प्तिरदारी
उपली ,खुशरार,खुशक्र,खुशक्र
सरसरी ,बनायदा,सकायदा,बकावदा
थानो ,जलातु,जलातु,जलतु
आैर ,हालया ,पलिया ,पलिया 
ज्ञानेश्वर , रोहिने, रोहिने, रोहिने
शाबाश ,नुमाजदगी,नुमानदगी,नुमाइंजगी
मिलीभगत ,उवाक,अवाब,अखाक
होम्यो ,परदाम,परमाम,सरचम
दास्तां ,बंटार,बंदते, बंधर
सरेआम , बलानि,उलानि,उलानि
गंतव्य ,व्यदारी,व्यस्री,व्यस्री
जनसंगठन ,बढ़ामा,बढ़ामा, बतामा
नुकीला ,प्गफिशर,किंगवाशर,किंगवाशर
दूरबीन ,खेलेश,खेसगी,खेमगी
जयन्ती ,सयजीत,जयजीवी,उयजीत
व्यक्तिवाद ,चित्नित,चिह्वत,चिह्नियों
तेजाबी ,दातुति,दास्न, बतुन
रवीना ,डागी ,खुंगी ,डागी 
संबंधी ,प्कायुक्त,लोकोयुक्त,लोकायुक्ष
देखा ,खूंटा ,खूंटी ,लौटे 
खेतों ,पपाट,पपाट, बपाट
सतगुरू ,सगन्तुक,आगलातुक,आरन्तुक
आदर ,दशमलन,दस्मलव,दशवलव
दुर्घटनास्थल ,सढ़ाए,सढ़ाए, कढ़ाए
रक्षापंक्ति ,दंपते,दंबती,दंपने
परपंरा , अलसिले,उलसिले,मलसिले
बौद्घ ,अवजण,अपगुण,पवगुण
खींचातानी ,तन्हें,तड़हा,तन्दा
पूर्णी ,सलती, उलहा,सलती
पहुंचने ,उमांड,पमांड,उमांड
मैपल ,घोषणाय,घोषधिएं,घोषणाय
विदा ,हिफाकत,हिमजत,पफाजत
कीटाणु ,माडवाग,माडपंग,मार्लिंग
वासना ,वनलना,वस्लना,वनलना
मुशायरे ,सनाता, पनाता, पनाता
महाशिवरात्रि ,मवरूपा,स्मारूपा,स्मारूपा
लेखन ,सोनी ,चूंनी ,पेंनी 
जवाबतलब ,प्रमदास,प्रमदास,परेमदास
विद्युत ,पवविवाहिता,नवविज्हिता,नवविज्हिता
उलाहना ,कस्माध्यक्ष,कर्माध्यक्षों,कर्यध्यक्ष
झण्डी ,पनुदान,उनुदान,पनुदान
आंकड़े ,पनश्रुति,जगश्रुति,जनगुरुति
स्पंज ,विकरोह, सद्रोह,विद्याह
निसंकोच ,रुबली, बमाली, बमाली
निर्वाचित ,तनमति,तनकन,तनवान
रंगारंग ,आरायोदेह,आर्मदेह,सरामदेह
बॉलीबाल ,नाहॉ, बाहॉ,नाहॉ
पागलपन ,छायावार, अयाकार,छायावार
एचआरडीएफ ,सेब ,गोंना ,सेबी 
महन्थ ,आविष्काओं,आर्ष्कार,आत्ष्कार
जुमले ,पठेंगे,पठेंगे,बैठागे
तनूजा ,स्वयंसेवश, प्वयंसेवक,स्वयंत्वक
उपप्रधानाचार्य ,आर्शियाद,आरशिवाद,आर्शियाद
निभाती ,अत्तवर्ष,वित्मवर्ष,वित्तस्र्ष
नौकायान ,चोणी ,विणी ,गुना 
अवैद्य ,घाघलों,उयलों,उयलों
वंदेमातरम ,अपनिहार्य,अपरियर्य, प्परिहार्य
साले , बविक,भाविधा,भाविदा
चाऊमीन ,संबंम,संगने,संगने
महिलाएं ,डूला ,हिंला ,डूला 
शीतयुद्ध ,मनोविज्यीन,सनोविज्ञान,मनोविवाञान
स्थाई ,मिट ,मिलों ,मिट 
गौरव ,भेदी ,सींड़ ,बिंड़ 
अशांति ,अभ्यारम,अभ्यारम,अभ्यादाण
जिलाध्यक्षा ,क्रित्रिय,क्रित्रिय,मषेत्रिय
केमिकल ,आकड़षणी,आनंर्षणी,आकर्रणी
अढ़ाई ,छुड़पया,छुड़बया,छुड़कया
बिन्दुवार ,परारें,परारें,दराना
लोकपर्व ,शोधर, कधक,शोधिक
संतान ,नागवाने,नासवार,नागड़र
पूछें ,कथामभूमि,कर्मरामि,कर्वाभूमि
वनवारी ,परने ,उढ़ने ,परने 
पढा़ई , बशाकें,उशाकें,कशाकें
जलयात्रा ,आत्मनिकेभर,आत्मप्र्भर,आत्तनिर्भर
यशस्वी ,स्तरन्नयन,पतरोन्नयन,स्तरोन्नयम
रखेंगी ,उपचाराचामक,उपचाराचामक,उपचाराशमक
लदी ,दोहनाता, अहराता,दोसराता
मिस्त्री ,उपला ,उबल ,उड़ाला 
दया , सछल,उड़ाल,उछड़ा
लड़के ,प्नचर्या,दिनसंर्या,दिनचर्मी
विश्लेषक ,हैण्टाइटिस,हैपेक्इटिस,जपेटाइटिस
एकाधिकार ,उत्तराज्कार,उत्तत्धिकार,उच्तराधिकार
मनेगी ,दवाद,दवाद, दहाद
गिरायी , उहिनी, उहिनी, उहिनी
हताशा ,भगाली,भट्ओ,भरओ
घटता ,प्रतिनिपी,प्रस्लिपी,प्रतिलित
जैनेंद्र ,तहवारें,तलकरें,पलवारें
पथसभा ,खोखने,खोलेंने,खोखने
बेताल ,मराथामिक,प्रोथामिक,सराथामिक
औद्योगीकरण ,मकराद, पकसद,मकसरों
भगाए , पमाया, पमाया, पमाया
अणुव्रत ,स्वस्तय,स्वस्थिय,स्वस्थिय
आशियाने ,विपनाति,विपत्री,विपत्य
ललायित ,समद ,सर्य ,सर्ज 
गरजते ,समागुरु,सर्गुरु,सर्गुरु
संजोने ,वारदल,वामदगी,वामराल
तरस ,पपते,सपते,पपते
प्रधानमंत्री ,छैढ़ा ,बमों ,बची 
महाश्य ,दुगता,दुबनी, पगनी
उपाध्यक्ष ,रेडियोएक्टिग,उडियोएक्टिव,रेडियोएक्टिग
डिटरजेंट ,सत्य ,सत्री ,बत्ता 
वोट ,निहावने, अहारने,महारने
पढ़ाई ,करोने ,कमाता ,अमाने 
झोके ,रातोराना,रातोराने, अतोरात
दौलत , मराकार,निकाकार,निर्कार
शुरूहोने ,कचक ,वाचन ,वाचन 
दुर्भाग्यपूर्ण ,निर्भीकल,निरीभीकता,निष्भीकता
गारी ,महापयक्ष,महासयक्ष,मनध्यक्ष
पंजीकरण ,घोलले,घोड़िले,घोषिले
वक्त ,अल्पावाले,अल्पावार,अभिपावास
महत्वपूर्ण ,सहायमात,सहायस्त,महायतित
रूद्राभिषेक ,शिक्षिणी,शिक्षिणी,शिक्ष्का
सुखजीवन ,माड़ ,मारो ,माड़ 
चिंगारी ,नायदान,नायलाना,नामांलान
परिवार ,रूपवली,रूपकती,रूपजाती
दुघर्टनाग्रस्त ,पंडिद्वीप,पंतद्वीय,पंतर्वीप
परमार ,मधुकता,मनरता,मधुरण
दशानन ,ऑपरेसिंरों,ऑपरेशरों,ऑपरेसिरों
टोके ,निपजागे,निपवागे,उपटेंगे
जला ,चुंर ,चोरो ,चोरी 
शादी ,तारी ,ढ़ांती ,कैती 
जग्तेश्वर , कमाठा, कमाठा,कपठा
खुतबे ,अधिष्मता,अधिकठाता,अधिकाठाता
जारगण ,खराए,खराए, सराश
कसती ,सधीन,कधीन,कधीन
स्नेही ,संघलालक,सघचालक,प्घचालक
दिवाना ,उजिए,ताजित,उजिए
नाकाफी ,सरेम,फ्रेनों,सरेम
वायुमंडलीय ,बहिया ,बहन ,बढ़ान 
श्रद्धानुसार ,महवादी,मनुवाना,पनुवादी
फंदे ,प्राप्रेकर,प्रप्तकर,प्रामोतकर
रुकेंगे ,राष्ट्रस्त,राष्ट्रवात,राष्ट्रवात
सक्रिय ,मत्पादन,मत्पादन,उत्तादन
डाइवर्जन ,जतिकुपोषित,अतिकुपोषियों,अनुकुपोषित
लतीफशाह ,महाजुलूकी,सहाजुलूस,मतजुलूस
कुंवारे ,रखसा,रसीसा,रसीसा
खिलौने ,मुलाकाने,सलाकातें,मुलाएंतें
निपटाई ,आयोरित,आयोरित,मधारित
सताएगी , पद्दे,गद्रा,गजदे
बंधों , सठन,ऐंठरी,ऐंठक
ओटीएस ,आभाया, कभारी, कभारी
चूर ,प्हामहिम,मध्महिम,मतमहिम
मर्करी ,तीर्थोद्धारी, प्र्थोद्धार,पर्थोद्धार
जाबिर , कबाने,पबाने,डुबाब
प्रधान ,घोड़ी ,सींले ,घोड़ा 
चुकाया ,सालों ,सातों ,कैधा 
चिपचिपा ,जीवनदतर,जवनस्तर,जीवनस्तन
तगादे ,खाशा ,शीशा ,लीशा 
गयी ,अरुखी,अमीण, सरुण
टलने ,पवर्गो,संवर्द,संवरागो
खाता ,अंध ,जीशी ,चूंशी 
सुनीं ,फिल्टरेशनी,जल्टरेशन,फिल्टरेरिन
दिला ,सहकाओं,सहनर, पहकार
घूप ,पुंसकन,पुंसकन,पुंसकन
लुहान ,मिथ्वी, बथ्या,उथ्या
हटवाने ,पबलावादक,तबलावादनों,तबलाजिदक
उतारकर ,पृथटि,पृथ्टि,उष्टि
प्रायोगिक , कन्हें, कन्हें, कन्हें
मिटने ,सटेयरिंग,स्टेयमाग,सटेयरिंग
आश्रित , कोशिता, कोशिता, कोशिता
अपहृत ,देवो ,यन ,देतीं 
अश्लीलता ,नक्सकदम,नक्शेकलम,नक्तकदम
पूंछने ,गिनवार,गिनकाई,गिनकई
खालें ,गुण्डागरदी, प्ण्डागर्दी,गुण्डामुर्दी
माओवादी ,सहिष्ट,सर्ष्णु,सहिणिणु
संदेहजनक , प्लानुशासक,कुलात्शासक,कुलावशासक
कालोनीवासी ,सवाहिता,विवारता,विस्हिता
बैंकिग ,चरपलें,चरपलें,चप्रिलें
सौंपेगा ,सुधक,सुधक, सधरा
विचारक ,कभला,संबंला,उभला
जताए ,हाजी ,त्थ ,गथ 
रणभेरी , अववंश,देवस्श,देवजश
विराजी ,छल्ई,छत्ई,छत्ई
डण्डा ,सनाएगा, अनाएगा,सुधएगा
बचानी ,परिनिवृम,परिनिवृम,परिचायम
मांगता ,श्वार,श्वार, उवान
उभारना ,उजेंसी,उजेंसी,सजेंसी
मजबूती ,भौतिकतावार,भौतिकतावासी,सतिकतावादी
सरकारः ,आवेदियां,आर्दिका,आमदिका
महामंत्र ,छठपटाहट,छटपटाइट,छत्पटाहट
ताकत ,गड़शाला,गऊडला,गऊशायी
सांवरी , प्शनधारक,पेंशनदरक,पेंशनधारत
रूकसाना ,नोंधि ,नोंधि ,विदा 
हॉकी ,पगलमहल,जंगममहल,जंगलमनाल
कथन ,अलदाव,अनुगाव,अलवाव
नाच ,पवज,ध्वरों,ध्येज
झांके , सणक,माणजी,माणम
तामीर ,स्थाण्ड,स्थाण्ड,स्वीण्ड
बेचा ,मनदाले,मनोचले,उनचले
दर्शनशास्त्र ,घिरीं ,घिर ,घिर 
सौंदर्यीकरण ,वित्तकषण,वित्तपोलिण,विद्तपोषण
घुसपैठ ,संवदगी, अजीदगी,संजीदरी
सोए ,सर्बार,सरोबाजी,सरोबान
बरगद ,झूल ,ढैठे ,शौठे 
चहक ,अभिरंचना,अभिसूदना,अभिसूत्ना
रनधीर ,जानरुकता,सगरुकता,जागनकता
परिचित ,जनाहधन,मनार्धन,जनाधिधन
खंगालनी ,मिलाएंट,मिलाएट,मिलाएंट
इतराने ,बिखेड़ी,बिछारा,पखेरा
कुंभ ,फैंते ,सॉते ,नाचे 
जनशिक्षण ,फैंक ,भीसी ,लोसी 
वर्षवार ,सलियरेंस,क्लियकास,क्लियमिस
वीरभूमि ,ढुट ,ढंट ,केट 
प्रयत्न ,महाड़िता,मननता,उहानता
पल्लवित ,प्रेयानंद,परियानंद,मरियानंद
अज्ञात ,डेसीबत,डेसीबर, असीबल
प्रतियोगिताएं ,बढ़ा ,नीेला ,नीेला 
खंडाइत ,रस्ए,कवैए, बवैए
भगाकर ,संवर्थन,संवरधन,संवर्थन
पंहुचे ,सहाआरती,महाआईती,प्हाआरती
छिलके , पपसी, पपसी, पपसी
खोली ,पौधावृपण,पौधावृपण,पौष्रोपण
लटकाने ,झुरी ,झंरी ,जिरी 
तरल ,पक्षपाल,परषपाती,मक्षपाती
झटका ,कंगाया,कंगाया, सगाल
शेषमणि ,बीतरा,बीहता,बीतरा
सवर्ण ,अभिवश्यक,अनाप्श्यक, प्नावश्यक
हत्यारा , बाखे, बाखे, बाखे
योगमाया ,शीतकाकन,पतकालीन,शीशकालीन
वॉलीबॉल , आवाती, आवाती, आवाती
अनुपस्थिति ,त्यागपक्र,त्यायपत्र,त्यागपट्र
सफरनामा ,परिवाष्ट,परिशियट,परिशिष्ण
तलक ,शुरुमुती,मरुआती,शुरुआरा
योगासनों ,ज्येनियों, अञानियों,मञानियों
