﻿valid,invalid1,invalid2,invalid3
ससमय ,दुर्ट्टा,दुपटाटा,दुपजाटा
खता ,प्रकली,प्लाणाली,उरणाली
अहं ,पदनाथ,पदवाम, मदनाम
जातक ,संभ्यत,संस्रात,पभ्रात
रोकें ,विधारकों,विद्यकों,उधायकों
उछली ,पटाफट,फटाफली,फटाफलों
कालाबाजारी ,ममीक्षक,समीक्षणों,पमीक्षक
उतारेगी ,हुजूस, पजूरी,हुलिरी
होनी ,सजारा,सजारा, कजाना
झंडे ,कृता ,लड़ी ,हंता 
बनाए ,कर्वप्रयाग,उर्णप्रयाग,पर्णप्रयाग
नीलगिरि , भंडन, भंडन, भंडन
बदहजमी ,सञानसरोवर,ज्ञानसहावर,ज्ञानसरोवरी
सप्ताहांत ,जद्धाजेहद,जद्दोजेहण,जद्दोजेन्द
माननीय ,गालिका,उयिका,कयिका
खरीदार ,सपजाने,सपजाने,उपजाम
मेढ़ ,जानकारित,जानवारिया,जानकारया
अतिवादी ,सिरटती,सिमकाती,सिसटती
कुलदेव , नाझे, नाझे, नाझे
शख्सियतें , सल्लाती,चिह्लाती, सल्लाती
पसरी ,हरना ,हमण ,करण 
कटोरी ,अनुसूमा,अनुपत,अपपमा
जनक्रांति ,प्कराकर,टकड़कर,टकराकता
प्रकाशपर्व ,अंकरखाने,अंदरखार,अंशरखाने
औद्योगिकी ,बहरे ,बचाने ,पहने 
दरम्यान ,ठना ,कॉना ,कॉना 
भंडारकर ,सवाला ,सवार ,पवारी 
निर्माणदायी ,शीरा ,शील ,हट 
अंशकालिक ,तैलपत्र,तैलवात्र,तैलचित्रा
गगनभेदी ,मार्केगी,मार्केगा,मार्शाट
गायक ,चुडे ,झाडे ,लडे 
उगलवा ,पफ्ते,हफ्ट,हफ्ट
काश , प्याया, प्याया, प्याया
कपूत ,गिरेता,गिनगी,गिलागी
झल्लाए ,बहाचे,बढ़ाचे,उगीचे
खुटहन ,ममझदारी,समझकरी,समचदारी
खिदमात ,सामकक,सामड़क,साहूरिक
शिकन ,चरदाहे,मरवाहे,चरहहे
परम्पराओं , गेड़िआ,गेरुड़,गेरुष
दर्शाया , प्धकारमय,सधकारमय,अंधकारवाय
सप्तऋषि ,जगलगा,मगमगा,जयमगा
महानायक ,सोयी ,सौहा ,भेहा 
बतातें ,बगने ,टांगल ,टांगता 
चलों ,चुंदक,चुंगक,चुंबल
नाती ,हुजूद,हुजूसी,हुस्र
सत्तर ,प्रातिमान, अरतिमान,प्रक्मान
रौंदी ,पेशिर,पेशार,पेजने
आदिशक्ति ,सस्म, पस्म,रचाम
मुखबीर ,जलसंस्यन,जलप्चयन,जलसंचरन
एकीकरण ,हौंसने, ससले, ससले
मंहगी ,प्रतिर्गिता,प्रतियोलोता,प्रतियोगिरी
उछाला , कजती, कजती, कजती
सुविधायें ,रोमांचर्री,रोमांचनारी,रोमांचकाल
बढ़ायेंगे ,मराजित,उराजित, सराजित
कांटा ,कंपकरते,कंपकपालों,कंपकपाल
तलाकशुदा ,रुमावा,रुसना,रुसना
हटाना , कढ़ाने, कढ़ाने, कढ़ाने
हटाते ,कैसेगा,कैसेगा,कैसेड़
प्रतिवेदन ,कचिर,रुबर,रुलार
जीवनकाल ,लोंदे ,दोंदे ,गैंदे 
सनम ,सिपाने,सिपाली,पपाही
जन्मशताब्दी ,शुलध, शुल्ध,शुद्य
संवेदीकरण ,प्रोग्रानी,प्रोड़राम,प्रोधाराम
शत्रुजीत ,लड़का ,लड़ती ,लहका 
नीलगाय ,बुर्म,बुर्म,बुर्य
पेयजलापूर्ति ,विशेराधीन,सचाराधीन,विस्राधीन
उपनियम ,कस्खे,पस्खे, बस्खे
संपन्न ,कखड़ी,उठाड़ी,सखड़ी
श्रममंत्री ,जकित्सकीय,अकित्सकीय,चिन्त्सकीय
भतीजे ,प्रतिचनों,प्रिवचनों,प्रवरनों
अंहिसा ,भटती, बटकें,उटकें
समुखिया ,इलाएं, उलाही,इलाएं
भोंसले ,जला ,जमे ,जड़ा 
कलाप्रेमी ,विचित्य, मचित्र,विचित्य
निरोध ,प्राणरुतक,जराणघातक,प्राणरूतक
बेहोश ,विशेवराज,विश्वराय,विश्वधाज
कानूनी ,घूमला,घूमला, घूरर
अहित , बवक, बवक, बवक
शाकाहार ,पदक्षण,परक्षण,पर्क्षण
प्रशस्तिपत्र ,पढ़ाखे, बटाखे,पढ़ाखे
आऊंगा ,चलाचमा,चमचक, अमचमा
संविदाकार ,उपविधिता,मपविजेता,उपविधिता
फव्वारा ,पगजीवन,जगजीमंन,मगजीवन
पावन , जलादा,जर्य,जतादा
महापुरुषों , प्र्वोत्कृष्ट,अर्वोत्कृष्ट,सर्वत्कृष्ट
राजतिलक ,उपेगी,पपेगी,सौंपेरे
रसोइये ,भगाजों,कतीजों,भट्जों
दशम् ,खिजन,खिलौरी, पजरी
सतकर्म ,जिठाया,सठानी,जिठाया
मस्ताना ,प्कंपरोधी,भूतपरोधी,भूकंपतिधी
उच्चशिक्षा , ककूल,माकून, ककूल
भागवताचार्य ,मसपाती,ससपाती,नासलती
सुखदा ,लौटेंएं, लौटएं, लौटएं
नृशंस ,संवाददारी,संवारदाता,संवादलिता
सुधरेगी ,टिंडे ,टिंका ,नुडा 
धन्धा ,उषैली,उषैली,विधाली
पशुधन , बकीरे,लड़रे,ककीरे
सत्यनगर ,विशेतारक, अस्तारक,विस्तरक
मंडलवार ,निकशिका,निदेशिश,निदेड़का
सनक ,मवस्थता,स्वस्थकों,स्थास्थता
सांप ,फटहारी,पलहारी,फलकरी
रिकवरी , बमधी,सजाधी, बमधी
चूसकर ,प्याख्यान,व्याख्यास,व्यापायान
मरवा ,घटेरे,घरागा,घड़िगा
नबंरदार ,मिर्ए, पलाए, पलाए
मुमकिन , बरिंदे, बरिंदे, बरिंदे
बरात ,चुना ,खिप ,सिप 
कराएं ,पन्नीवार,पर्नीवाला,पन्नीवाद
बेदर्द ,दृश्लेकला,सश्यकला,दृश्यमाला
दिलाएं ,अन्याम,अन्दम,मन्जाम
गण्यमान्य ,प्लाषक,मरेषक,प्रेवाक
हप्ते ,सतुर्भूज,मतुर्भूज,चतुर्भूत
प्रांजलि , गरया, गरया, गरया
यादगार ,आर्ज ,सर्मी ,आर्म 
दुआएं ,सहजप्रत,सहजप्रित,सहजप्टत
कोटेदार ,न्यारधीशों, अयायधीशों,न्यायकाशों
छायाप्रति , अणावादिनी,सणावादिनी,वीणावादियों
साईंस ,उतराष्ट्रीय,अंतराष्ठारीय,अंतराष्ट्यय
भरनी ,केनी ,चौंनी ,मैनी 
आजमाने ,विपलांगों,विकवागों,विकरागों
लाइसेंस ,खिलकता,खिलकता,खिलझर
जानमाल ,सुझाझ,पलझ,सुधाझ
मुर्हरम ,ब्च ,इंफो ,इंफो 
नछत्र , बरीफ, बरीफ, बरीफ
काटना ,लिंडे़ ,कडे़ ,घेडे़ 
लघु ,तीर्यराज,मर्थराज,मर्थराज
काव ,इकसाफ,इन्द्फ,इन्नफ
मुकम्मल ,सुधानी ,सुनाना ,सनानी 
ठुकराते ,विरायात,विरायात,विख्यानों
मुखिया ,मोड़ली, सहाली,मोड़ली
दीया ,मरतिनिध,प्रस्निध,प्रतियाध
खजाने ,रुलाक,रुकक,रुबक
प्रस्ताव ,पहुंस्थ,पदगाथ,पदवाथ
बधाईयां ,फौक ,कोपा ,नैक 
आत्मिक , काजने, काजने, काजने
आमदा ,श्रीखलाबद्ध,सरृंखलाबद्ध,श्रृंखलाबद्धि
धमार्थ , बफेदा,सफेरी,कफेदा
यजुर्वेद ,गढ़ ,गधों ,एंईं 
करेंगें , अवरियां,कांवरिक,कांवरिक
अपर्णा ,मूलवात्र,मूसमंत्र,मूलमंत्व
औपचारिकताओं ,पुनर्मदृगणना,पुनर्मवगणना,पुनर्मतर्णना
फिरकापरस्ती ,चलएं,चमएं,चमएं
रेट ,सत्ककम,सत्तार्म,पत्कर्म
कंपकपाती ,बयानशीजी,बयापाबाजी,बयानगजी
फरियाद ,उनुमंडलाधिकारी,अनुसंडलाधिकारी, प्नुमंडलाधिकारी
यौनाचार , बावस, बावस, बावस
सींक ,सरीबों,गजबों,उरीबों
गुजरात ,बांस ,बांका ,ख़ुझ 
घटा ,अवधुंध,अधारध,अभिधुंध
शामियाना ,बदयलन,बदस्लन,बदस्लन
कांधला ,पर्दाश्त,बर्वश्त,मर्दाश्त
नालायकी ,कनिष्यों,कर्ष्ट,कनियाट
स्वयंवर ,निरोधात्सक,निर्धात्मक,निरोधात्तिक
मजबूरीवश , बगौना, बगौना, बगौना
उल्लेख ,अद्यात, सद्भुत,मद्भुत
वास्तुकला ,खदेत,खदेत, पपत
विक्षिप्त ,अपव्यक,अनुव्यय,अपनियय
बदलें ,सनिए, पनिए,उनिए
दैत्य , भाषाता, भाषाता, भाषाता
पढ़ो ,चिन्लाई,चिल्लिई,चिन्लाई
मांगेगी ,निहंती,निहंती,निशाग
गंडासे ,कचिव, बचिव, बचिव
चुनाव ,कवीं,बवीं,बवीं
गणतन्त्र ,फिरमाने,फिल्लने,फिल्लने
महामानव ,धरातलीला,परातलीय,परातलीय
अल्ट्रासोनोग्राफी ,उढ़त,आढ़नी,आढ़ना
चॉबी , बखूंगी,सखूंगी,रसीगी
बसने ,सहबन्धी,सम्बन्न,सम्बदधी
करुणानिधि ,रमराक,रहणीक,रमझाक
कुल्चे ,सशभक्त,देशभवत,प्शभक्त
रुंध ,प्रभातरीरी,प्रोभातफेरी,प्रस्तफेरी
निर्वाह ,दायीं ,लोंनी ,कैनी 
नूतन ,रौद्की,रौणम, पणकी
लेप्रोस्कोपी ,कारखानी,कामखाना,कार्खाना
जेठ ,अलीटेक्निक, प्लीटेक्निक,जलीटेक्निक
सुनाईं ,उत्टफेर,उलटमार,प्लटफेर
ओले ,भूचाया,भूधाल,भूदेल
क्रियात्मक ,घंटेदार,घंटेभवों, अटेभर
भूसे ,पेंशलभोगी,पेंशलभोगी,मशनभोगी
मंगलमूर्ति , वादने, वादने, वादने
सिंथेटिक ,अविताब,अनलंब,अविदाब
काढ़ा , बथी, बथी, बथी
बढि़यां , अदते, अदते, अदते
सुधरेंगे ,साआं, बाआं,साआं
जोड़ीदार ,वार्यकोत्सव,वार्षिकोत्रिव,पर्षिकोत्सव
लेखाजोखा ,शिवविवरूप,शिवस्वर्प,जवस्वरूप
मनपंसद ,मंत्ना,मंत्ना, कधना
बमबम ,पम्बोधन,सम्बधन,सम्बधन
नगरी ,पस्टमास्टर,पोस्ममास्टर,पोस्टग्स्टर
गुणवत्ताहीन ,इंतरार,इंतरिर,मतजार
जलाए , सबकारी,आबन्री,मबकारी
दीन ,सश्चिक,वृश्वाक,वृश्वाक
वामन ,जर्वसमाज,सर्वतमाज,सर्वस्माज
बिंदा ,चचेगी,सचेरे,चलारे
दुर्गुणों , अर्विलांस,सर्विधास,सत्विलांस
पहर , उलियों, उलियों, उलियों
हिस्सेदारी ,छेगा ,एगा ,योनी 
हैडपंप ,चुकाते ,चुनते ,चुनाते 
वरियाम ,मभिरक्षा,मभिरक्षा,अभिरहषा
पोहा ,झुमाना ,झुकने ,झुमाना 
शवगृह , विकना, विकना, विकना
प्रोटोकाल , बवाज,कवाज, बवाज
रास ,बांटगे,बांटेंड,बांटेंड
ध्वंस ,आकाने ,आदर ,आदर 
स्पर्शाघात ,दीखी ,औखी ,रूची 
कहने ,दाम्शनिक,दार्यानिक,दार्शबाक
निर्वाण ,कीलों ,फैक ,कीलों 
विरोधाभासी ,तस्कश,तरकती,तरवाश
कैदी ,कर्यूनिष्ट,कम्यूनिष्ता,कष्यूनिष्ट
रस्ता ,महीवा, महंवा, महंवा
खबरदार , कहिदा, कहिदा,शावदा
श्रीयंत्र ,तबाड़िला,तबादगी,सबादला
रूकते ,उकालो, ककालो,निशालो
खंडवार , बदाद,तारिद,तादान
सरेबाजार ,सटती ,पटने ,अटने 
पवित्र ,नाती ,धुंती ,चूँती 
विकेंद्रीकृत ,आंकसान,आंकलता,आंकरान
इंसान ,खरीवाने,उरीदने,खरीतिने
भेजा ,स्कार्थ,स्कालफ,मकार्फ
संगठनात्मक ,जोना ,लाहा ,लाखों 
हैण्डपम्पों ,नाचर,नासूड़ों,नालिर
गड्ढ़े ,वितराण,वितवाण,वितकाण
बिछ ,सताके, कताके,सताके
रुई ,फारें ,सरें ,पुरें 
ठुकराए ,उछाड़,उछाड़,उछाड़
टीमें ,रुद्य,रुद्य, रुलार
अन्तर्गत ,निष्टवर्ती,निकलवर्ती,निष्टवर्ती
महात्मा ,जनसंयक,जननायता,जनगुयक
मचाये ,लाभलयी,लाभदारों,उभदायी
कल्पित ,व्रयाम,व्यायाना,व्यंयाम
शासनादेश ,नेटे ,लोटे ,नेटे 
मद्धम , विगने, विगने, विगने
समालोचना ,हड़कम्भ,हड़वाम्प,मड़कम्प
खटकने ,सष्ट्रमंडल,उष्ट्रमंडल,राष्ट्रेमंडल
उदारवादी , खराता,खदेता,खदेता
मागेंगे ,एआईवाईएस,एआईवाईएल,एमईवाईएफ
तरकुलवा ,अल्तर्राष्ट्रीय,अस्तर्राष्ट्रीय,अल्तर्राष्ट्रीय
छिड़ी ,दिहाली, उयाली,दिहाली
राजपुरोहित ,जिन्ना ,जितना ,जितना 
पालनहार , सधिगम,अपगम,अधिगना
उन्नतशील ,अनर्लदीप,अनर्लदीप,पनमोलदीप
ध्यानाकृष्ट ,बनाकाने,बनाकाने,बनाकाने
पिल्ला ,केंद्यात,सद्रित,केंद्धित
तंदरूस्त ,वैवार्क,पवाहिक,वैधाहिक
प्रारंभिक , बश्व,विकाव,विकाव
सौंपनी ,स्वचारित,स्वचारत,स्थाचालित
शिरोधार्य , कहीद,शहीप,पहीद
स्थानांतरित ,हेलीराज,हेमझाज,हेलराज
उवाच ,प्रतिक्रियएं, अरतिक्रियाएं,प्रत्क्रियाएं
काबिलियत , वसूष,वजष,वक्के
