﻿valid,invalid1,invalid2,invalid3
खंडविकास ,पिंनी ,रुंनी ,खिनी 
ईमानदारी ,अवतरम,अवतव्ण,अपतरण
टहलना ,धनकाती,धनवंश,धनवंस
साघर ,धर्मपरायत,धर्महोरायण,धर्नपरायण
धर्मराज ,जमाकारे,जयरिरे,जयलरे
कटवाएं ,सहूलियम,सहूलियर,सहूलियम
उपनिरीक्षक ,मुंरू ,हौरू ,नोंरू 
रोकी ,सर्तनी,पर्तनी,वसूतनी
विद्यापति ,हैशी ,लोशी ,काक 
लाई ,सनेक्टिविटी,कनेस्टिविटी,जनेक्टिविटी
पिराई ,अक्षायपात्र,अक्षयकत्र,अप्षयपात्र
सिखाना ,विज्बान,विस्ञान,विद्ञान
रेस्तरां ,अनापूर्म,पनापूर्ति,अनापूर्य
न्यायाधीशों ,जॉनी ,दुआ ,मीनी 
क्षेत्रपाल ,उवाहक, पवाहक,संवायक
भृगुनंदन ,वैष्व,वैष्व,पभव
बौछार , ब्यौक,ब्लाना,ब्लाने
भगाएंगे ,समफों,उराफों,कराफों
आश्रय ,संस्काने,संवकार,संभाकार
दबंगों ,रोपनी ,रोकने ,रोपनी 
मिलूंगा ,उकेत,संकेगा,संबंत
अपहरण ,खिलेता,खिलेता,खिसता
नितिन ,ऩजने,ऩकर,ऩजरा
खोलीं ,पहएं,परएं,सकाएं
विचारार्थ ,काबलिस्त,काश्लियत,काबलिसित
मंत्रमुग्ध ,खपाली, खदेया,खत्या
लांसनायक ,दोषराएंगे,महराएंगे,पहराएंगे
संगीतज्ञ ,खुशिसे,खुरासे, उलासे
श्वास , भट्ती, भट्ती, भट्ती
अधिकरी ,किक्ष्ट,मक्रेट,किक्रेगी
रसना ,नवरावन,पवजीवन,सवजीवन
परिनिर्वाण ,खदेबूजे,खरबूरी,खरबूब
सम्पूर्णानंद , नथक,नथड़े,नथला
याशमीन ,ठूंती ,औंती ,औंती 
सांभर ,वहचस्व,वर्चकव,प्र्चस्व
उभरी ,उयब,गाथाब,गाथाब
प्रचालन ,खड्स,उड्डों,खदेडों
गोले ,सजाजत,इजायत,इमाजत
खिलाने ,पिघवाने,पिस्वाने,मसवाने
गुणात्मक ,चिलमिक,चिलमियों,उलमिल
सहपाठी , बपटे,झगटे, बपटे
धमकी ,अंजाठी,अंगीना,अंजाठी
पूंछ ,सुखदरी,सुधादरी,सुन्दन
सीमांकन ,उराहने,सराहवें,पराहने
नवागांव ,बालमारूपी,बालमारूपी,बालपरूपी
प्रसारण ,उजियात,उजियात,उत्यारा
कूड़े ,टिकीं ,जोकी ,टिन 
सोता ,बनदानी, अलिदानी,बलिकानी
अविद्या ,झोढ़ी ,गाव ,गाव 
दिग्गज ,जोरू ,लौता ,लौता 
मंझना ,कारनात,कायनाई,कामनात
आखें ,अमूर्य,अमूहिय, पमूल्य
प्रचार्या ,पपए,रुबए,सपए
जनी , फटद, फटद, फटद
बलशाली ,पुत्य,पुत्य, पुष्री
त्रिलोकी ,अखाछों,अनाछों,अनाछों
समन्यवयक ,निकशक,निदेबाक,निकाशक
कामायनी ,दिल्निर्देश,जशानिर्देश,दिल्निर्देश
प्रोत्साहन ,ग्रन्द,ग्रन्द,ग्रान्थ
झलकने , बरेत,सरेत,सरेत
चूका ,प्रतिवेर्ति,प्रतिमूर्ण,प्रतिवेर्ति
मुद्रक , कझाव, कझाव,उझाव
इत्मीनान ,बख्सगे,बदशेंगे,बदशेंगे
भूलेगा ,नेत्यहीनों,नेत्ताहीनों,नेत्रहीत
कुदरती ,नेने ,लिंने ,चूजे 
लिस्टें ,सरादे,सरादे,बुलादे
तदन्तर , थूकर, थूकर, थूकर
पार्षद ,इमर्वासी,इमर्थसी,इमर्षसी
गलाने ,संयोरा, कयोग,संबंग
छेड़े ,महात्त्री,महासत्री,मनोमंत्री
समष्टि , बथल,स्थड़े,स्थड़े
जांचेगी ,अंधाहीन,अंगकन,अंगलन
बिगाड़ा ,रक्तरात्राव,रक्तस्तराव,रक्तस्त्तव
पत्ता ,उपवागी,उपजागी,उपटागी
अनुचित , बाहूं, बाहूं,नाहूं
गुदा ,कारवावाई,कारर्वाला,कारमवाई
घेरेबंदी ,अश्वाधारा,अश्रुस्रा,अधिरुधारा
राष्ट्रगान , अलायत, अलायत,विलाएंत
प्रधानता ,प्लागति,प्रहति,उरगति
कनिष्ठ ,लुंजमाज,लुंजराज, अजपुंज
चिता ,लतवाथ,मतपथ,पतपथ
लूटा ,पिसली, बछली,पिलाली
प्रचार ,सटक ,पटना ,पटने 
रसोइए ,मचाथ,कहंथ,सहंथ
पोजिशन ,पांचों ,चूडु ,टोडु 
कार्यकर्तागण ,जनरेसिंर,जनसुटर,सनरेटर
वारंटी ,टूटे ,छूटी ,टूटीं 
टका ,सलाशें,तरशें,तपशें
पेशकश ,अटकारों,अटकाओं,अवकाने
मंगलगान ,पकालेगा,मकालेगा,निकालेश
मंत्रोच्चार , अलटती,पहटती,मलटती
छत्ता ,जागगे, बगेंगे,पगेंगे
पीटकर ,चेष्ठी,चेष्ठी, बष्टा
बेंचकर ,मरिचालक,परिचालता,परिचानक
बुर्जुग ,संवाकारों,उस्कारों,संचाकारों
विवादस्पद ,प्रथपाकी,प्रथपाकी, अरथमिकी
गुरुमंत्र ,स्वतन्धर,पवतन्त्र,स्वतर्त्र
शांतिभूषण ,सौतेगा, सौगाली,सौतेश
अधीशासी ,नालिक,नालिक,कजुक
मासिक , सुलना, सुलना, सुलना
झिलमिलाती ,घोषिले,घोलले,उटाले
घनघोर ,पमझेंगे,समाझेंगे,सर्झेंगे
लंबा ,बीमारसीसी,बीआरसीय,बीआरहसी
रोगी , पहूंगी,चालागी,उहूंगी
व्यवस्थाएं ,भुवटे,भुजाटे,भुजाटे
रेलवेकर्मी ,सीटिगे,कखेंगे,सीखगे
चट्टा ,उरबार,उरबार,दरहर
खारिज , पजर, पजर, पजर
विद्यानिकेतन ,शौके ,रुई ,रुपों 
विकलांगता ,लोकोनायक,लोकलयक,लोकड़यक
करारी ,साहिग,साहिग,साहग
चटाई ,नखनी,पखरे, कखरे
नहाए ,एलकृत,एलकृत,एकीकृषि
ड्रैस ,परव्यय,परिव्याय,प्रिव्यय
शिवराज , समाकी,सजाकी,सजाकी
दर्जनों ,ब्लों ,ठूंलों ,टलों 
बहका ,अफरातफरों,अधिरातफरी,अफसोतफरी
मसौदा ,कणिनी,उणिनी,उणिनी
जड़ें ,खिलौझा, पलौना,उलौना
वरदानी ,जुड़स,जुटस,जुटस
अर्धविक्षिप्त ,घनिष्ठक,घपष्ठता,घनिष्ठाता
कहता ,विकहितों,विकहितों,उवाहितों
रंगकर्मी ,विमुक्षी,विमुद्ति,विस्क्ति
व्यवसाय ,घृढू ,अंढू ,घृढू 
देखें ,कठाईं, बठाईं,उपईं
अंगुठे ,कठोरते,पठोरता,कलारता
मुसीबतें ,प्रमशित,प्रकाशिला,प्रोकाशित
उपप्रबंधक ,सिद्धान्य,पद्धान्त,पद्धान्त
गेरूआ , नहासा,नगासा,नगासा
स़फर ,किशोरहय, अशोरवय,किशोरपाय
सरनी ,कूड़ाकन,कूड़ाघन, अड़ादान
मनवाते ,फेली ,फैन ,फैन 
असमर्थ ,उर्मचारीगण,कर्मविरीगण,कर्मचारीयण
मौजूद ,संगरदायिकता,उप्रदायिकता,संप्रीदायिकता
ब्रिटिशकालीन ,उवप्न,उवप्न,स्वप्ति
आइंदा ,प्रित्यय,प्रतियय,प्रत्यर
राष्ट्रपिता , पसती,धंसर, पसती
रोई ,नीेटा ,सोटा ,नीेटा 
पढ़ाना ,अगची,कटैची,अगची
सुनी ,पर्वेयर,सर्ययर,सर्वेयत
प्रभावी , उवारा, उवारा,गंवाब
संचिका ,नहरत,उफरत,नफरण
भूलनी ,खरीखटाने,पटखटाने,खटखड़ाने
कुरावली ,उछौना,उछौना,उछौना
कटुता ,एकाशमता, अकात्मता,एसत्मता
देवीभक्त ,सकतांत्रिक, प्कतांत्रिक,लोमतांत्रिक
बौद्धिकता ,जगसंख्या,जनवाख्या,जनवाख्या
कीटनाशकों ,सिद्धहत्री,सिद्धादात्री,सिद्धदालरी
नाउम्मीद ,सहुंच, कहुंच,उहुंच
पंचायतराज ,सपजाउ,मपजाउ,उलजाउ
तयशुदा ,उपाचायुक्त,उच्चाधिक्त,उच्चायुक्षा
खटोले ,पकवी, कदवी, कदवी
बंधपत्र ,निरकाओं,निरकरी,निर्कारी
जीवंत ,राष्ट्रस्द,राजट्रवाद,राज्ट्रवाद
लहरें ,कपयीं,उरायीं,उरायीं
अकारण ,दयानिधारा,दलनिधान,पयानिधान
टुकडे़ , खुशिवा, खुशिवा, खुशिवा
लैपटॉप ,भुर ,डांर ,भुर 
निष्कलंक ,वद्रा,वद्रा, कद्धि
टहलने ,खोखने, उदने, उदने
निबंधन ,निराए,पभाए,निकए
जीरे ,दिमाने, बमाग, बमाग
अंगेश ,पहसान,अहसाया,अहनन
आदेशानुसार ,सछवाने,बिखेवाने,बिखवाने
घुल ,फुस्ती,फुस्तों,फुलस
गोंद , घड़िई, घड़िई, घड़िई
तैरता ,बोतयों,बोलेयों, उलियों
बचें ,आभूषरों,आभूषद,उभूषण
उतरने ,सहाविलय,महापलय,महाविलयों
रचाई , पमल,विचाल,विमते
भैंस ,निपकांत,सशीकांत,निशीभूत
हवस ,श्रेमदान,प्रमदान,श्रमहन
शनि , उतिए,दातिक,दातिक
पुत्तन ,सइक, पइक, पइक
लहराकर ,अनुष्वक,अनुसेविक,अनुसेवती
योगीराज ,पंडियतन,पंचायतर,पंद्यतन
वर्गीकरण ,प्रस्नाध्यापकों,प्रधानाध्यापिकों,प्रेधानाध्यापकों
वंशीय ,सफड़ा,सफड़ा,सफड़ा
अपंगता ,अंशकालीय,अंशवलीन,पशकालीन
स्वदेश ,परंथ,ग्रंगे,ग्वाथ
चरित्रहीनता , प्कर्षक,आक्र्षक, प्कर्षक
दंडनीय ,घनघटती,घनघनाथ, अनघनाती
अनूठे ,पतंल,पतंभ, बतंगा
दानसहाय , आसीला,आसीबा, आसीला
खलिहान ,पुश्वानी, अश्तैनी,पुश्वानी
तेनुघाट ,महंष,महंष,महंष
देह , बबता, बबता,डूबेंता
आराधना ,जवाददेह,जनबदेह,जवाददेह
जलमूल्य ,मजरबी,मजहन,उजहबी
कदाचारमुक्त ,बेघने,बेघते,सघरों
गर्म ,पगान ,बगाने ,कगान 
अघोर , शरने, शरने, शरने
वृन्दा ,प्रार्थिना,प्रोर्थना,प्रिर्थना
चौकन्ना ,परतिवेदित,प्रोतिवेदित,प्रतिपूदित
वाइपीएस ,कालयांजलि,कास्यांजलि,काव्यांवालि
अफसोसनाक ,मांसायर,मांसाइर,उसाहार
जयजय ,उहुंची,उहुंची,पकची
अनुपात , उनाए,सुलए, उनाए
प्रवीणता ,लोकलाने,लोकलाते, अकलाज
संवरा ,धमकारी,ममकाया,धमड़या
मुहरें ,निधारे,निधारों, निधारी
गरजी ,सौटे ,लूट ,चुंटे 
बेमौसम ,भुवतने,भुगकने,भुलातने
सुधरें ,विशियार्थियो,विशियार्थियो,पद्यार्थियो
प्राचीर ,ढिलाना,ढिलाना, ढिबई
अस्वीकार ,मतपर्र,मतपकर,प्तपत्र
चिलचिलाती ,सहानुभूतिपूर्मिक,प्हानुभूतिपूर्वक,सहामभूतिपूर्वक
मंगवायी ,मिंगा ,मिंगा ,तांगों 
एप्लीकेशन ,टायरयड,टायफाखोड,टायफायता
सांसे , चौरार,चौसते, चौरार
शकरकंद ,मफ्सर,अफ्सभा,उफ्सर
बनवायी ,संबंर,संहानी,संबंर
पर्याप्त ,अणतांत्रिक,गणतांत्रिय,गणतांतरिक
निकलने , अतृसदन,मातृसदगी, अतृसदन
जाले ,मजहोश,मजहोश,मदवाश
दिखनी ,मोड़रा,मोड़रा,मोड़रा
फरमाए , सताही,पताएं,पताएं
हिमखंड ,पकानों,मनानों, बकानों
सूचनात्मक , बैठड,बैठाड,बैण्डे
फजले ,प्कबारगी,एकड़रगी,मकबारगी
जनसैलाब ,खरीवागी,खरीदेंश,सरीदेंगी
चौड़ीकरण ,कर्यफल,कर्मगाल,पर्मफल
प्रणव ,पिटरिने,पिटवार,मटवाने
शिनाख्त ,दावेगिरी,सदागिरी,दावेगिरी
चिह्नीकरण ,मंजिये,मंत्ये,सगाये
फहमी ,मालसिकता,मानसंकता,मालसिकता
दरवान , बएं, बएं, बएं
झूमे ,मरारत,मरारत,उरारत
कच्ची ,घपगे,घटेंट,घरागे
कालिका , सिररी,सिधारों, सिररी
मुलतानी ,धान ,चेकें ,चेत 
गाजे ,शिक्षिकाल,शिक्षिणिओं,शिलाषिकाओं
देखूं ,गहजे,गजजे,गवाजे
अपूर्ति ,मुख्याध्यापना,मुख्यान्यापक,मुख्याध्यापना
गुल्लक , कचों, कचों, कचों
प्रतिवाद ,सींच ,सींच ,सींचा 
पुराणों ,चररी,चचेत, सचेरी
त्रेहान ,क्रांय,क्रेति,क्रेति
माइक्रोवेव ,परनी ,उरनी ,सरनी 
पुजारी ,महाहूर,मशक्र,मनहूर
मालिकी ,प्रौद्रगिकी,प्रौद्यौगिरी,प्रौद्धांगिकी
गुप ,रोया ,गुंजी ,ठजी 
जवान ,सिक्ध,सिमध,सिक्ध
रंगबिरंगी ,उलने ,गरने ,गजने 
तरसा ,उत्जाए,मपजाए,उपटाए
जुगलबंदी ,व्यामसायी,व्यावसार,व्यापासायी
कारे ,परवाया, पहुंवान,परवाया
दीये ,पमदूत,यथादूत,यशोदूत
उलझा ,पेशानुघर, अशाबघर,पेशाबन्र
भुलाया , अनजीवन,जनगुवन,मनजीवन
