﻿valid,invalid1,invalid2,invalid3
कंदर्प ,दौड़ ,लरे ,दौड़ें 
बनानेवाले ,सजीज,उजीव,उजीव
किशोरी ,उवर्गद्वार,स्थार्गद्वार,स्वश्गद्वार
डाट ,ईर ,खाओ ,चूर 
अकुशल ,पुर्तक,पुर्तक,पुर्तक
चम्पत ,फिरौगे,फिरौगे,फिसगे
नापने , पगाता, पगाता, पगाता
तेजस्वी ,जगनगाहट,जगमरहट,जनमगाहट
जीतेगी ,भाविर,भाद्य,भाद्य
सत्रावसान ,पिटए,उरोए,पिरोसे
दुराचार ,पत्तफाकिया,इस्तफाकिया,इत्तस्किया
आतंकी ,मौलिग, मौसेग,मौखिग
मगंलवार ,जांसा ,बाप ,पेसा 
बर्चस्व ,उगदान,योगदारी,सगदान
संघर्षरत ,गिरी ,डन ,गिरी 
आधुनिकीकरण ,अवधसैनिकबलों,अर्यसैनिकबलों,अर्यासैनिकबलों
नीर ,साहुचर,पहुकार,साहुकाने
दिखती ,पमबरण,राज्बरण,समबरण
लक्खा ,पहचेगी,महुचेगी,उहुचेगी
खोखला ,गिराए ,गिराना ,पराने 
दुहरायी ,टूटा ,निंटे ,टूटी 
रक्षार्थ ,जतुष्कोणीय,अतुष्कोणीय,चकष्कोणीय
जगनायक ,पगालना,खंगाबाना,खंदालना
प्रचंड , बगें,कगें,नागें
नियोगी , लौटेंना,लौहाना,लौहाना
दक्षिणमुखी ,किस ,रास ,मैंस 
जूठे ,झुंधे ,बंशी ,बंशी 
भष्टाचार ,मोई ,लोई ,खांई 
क्षण , प्धिकतर,अपकतर,अधिष्तर
परंपरानुसार , सढ़ना, सढ़ना,उढ़ना
दिलाए ,प्रास्वीकृति,प्रतिवीकृति,प्रस्वकृति
धानी ,आरञाकारी,आर्ञाकारी,आज्ञाकाओं
सानु ,कम्पनिटी,कथायुनिटी,कम्युनित
प्रजा ,पइपी,सइपी, बइपी
मंगाना ,तमाशरन,तमायोबीन,तमाशरन
टील ,उवपेंच, अवपेंच,दांवराच
डूबना ,इश्तेहाड़े,इन्तेहार,इश्तेहान
तकिया ,चात ,भारी ,भारी 
बैट्रा ,तालाता,तारिता, ककता
गरमागरमी ,बिठारे,बिखेगी,पखेरे
प्रक्रिया ,जन्नदाता,जन्मनाता, अन्मदाता
एश्वर्य , बमोश, बमोश,खामोसे
चेतना ,कपती,कपती,कपती
चरित्र ,ककें, साकें, साकें
सुप्त ,उबानी,उबानी,उबानी
मिठ्ठू ,सभाषिणी,सुभाषिक,सुनषिणी
छूटती ,राजनास्यण,राजलरायण,राजनारायम
सर्वहित ,सुलमुख,सुरवाख,सुरदाख
सजेंगे ,पख्यता,मुकयता,मुद्यता
मैथ्स ,प्रतिद्योजित,प्रतिनियोग्त,प्रतिनियोग्त
क्रेडिट ,उपनिलक,उपचालता,उदचालक
राज्यस्तरीय ,औपचारिकर,जपचारिकता,औपचाराकता
उगाना ,मलकयां,महासियां,मलदायां
व्यवस्था ,जाएंय,सतीय,सतीय
खजूर ,संसलिय,संचादीय,संसलय
मुग्ध ,बर्माशों,बनामाशों,बदर्शों
जूझेंगे ,तत्यषण,तत्क्षाण,तत्क्षिण
माहिरों ,मकाग्र,मकाग्र,मकाग्र
झाड़ ,बसवाई,बसलरी,मसवारी
ओढा ,भौती ,सा़ती ,जून 
चहल ,लौटेंट,लौटेंड,लौहागी
क्रयकेंद्र ,नीकू ,दांकू ,भोकू 
जुबान ,रामागीरों,पहगीरों,सहगीरों
शिकायती ,सुरक्षाधिकाओं,सुरक्षाधिकार,परक्षाधिकारी
दैविक ,उखता,रसीता,पखता
फ्लॉप ,मपात्र,अपादर,अपात्री
ईंटा ,लाडरों, लाचाला,लाडरों
भूमि ,चरर्थश्रेणी,चतुर्षश्रेणी, प्तुर्थश्रेणी
शिशिर ,जस्तानाबूद,नेस्तावबूद,जस्तानाबूद
विदेशों , नासें, नासें, नासें
वसा ,प्रोमुखता,प्रवाखता,सरमुखता
गंभीररूप , प्भिभावकगण,अभिभावकगत,अभिभावहागण
इच्छाशक्ति ,सेनाधियक,सेनानायता,सेनानायता
बासगांव ,रुपसाना, अखसाना,रुखकना
मतवाले ,फैंच ,ठेंच ,ठाच 
चेतक ,मैकाने,मैथ्ले,मैदाले
बिलखने ,खेतावराय,खेताधाराय,खेतासमय
उलझने , उनीष,मचाष,महष
सौम्य ,विकाराभवन,विकालभवन,विकाराभवन
लेटने , अरीतिभोज,प्रीदभोज,प्रीतिनिज
फटिक ,मरक्मत,महाम्मत,मतम्मत
चौका ,लाभापॉप,लालीथिप,लालीमाप
समाहर्ताओं ,हाजिता,हाजिता,हाजिता
चढ़ाना ,सचेगी,मचेरी, कचेगी
संगीत ,खुलगावाली,खुलमावाली,खुलवावाली
भागते ,वाह ,वाले ,ठर 
छिपता ,पगाव,सगाव, बगाव
मैनपुरी , बवानों,हैवार,हैरनों
अक्षुण्ण ,रूमाया, उमाल,रूढि़ल
बुआ ,अधिष्र्षता,अनुवर्षता,अधिग्र्षता
रखो ,झींले ,झींले ,पीरों 
अगूंठी ,धमवान,धड़वान,धरावान
आपाधापी ,उड़ारा,उड़ारा,उताएं
प्रेस ,रजा ,रहे ,साखा 
फैंके , अलभूषण,कुलभूषकों,कुप्भूषण
मझली ,अराजपत्मत,अर्जपत्रित,उराजपत्रित
उच्चाधिकार ,मलवाए,डरवाए,डरावाए
गिरवा ,मरफराज,शरफरानी,शरक्राज
बदायूं ,प्राशिक्षक,प्रस्क्षक,प्रशिक्षरों
मांगेगे ,वाहसों,वाहसों,वाहसों
जनेश्वर ,निगराते,निगड़नी,निगराज
अनुनय ,सिक्ते,कखाते, बखाते
कृषिमंत्री ,पहव, पकव, पकव
रिसाइकिल ,लंरी ,पार ,पाढ़ा 
गीले ,अनुमने,अभिमने,अभिमने
उठने ,उन्कंठा,उत्रिठा,उलकंठा
फेरे ,अपषद,पभिषद,अभिषण
उल्टी , उटाव, उटाव, उटाव
दर्मियान ,चैत्रों,उत्य, बत्य
प्रवेशार्थी ,विस्ञानी,विद्ञानी,विज्जिानी
चालाकी ,जीवंना,जीतरा,जीतरा
वनपाल ,उद्रषक,उद्घोषणों,पद्घोषक
जगतपति ,भये ,औली ,भरें 
एरोबिक्स ,दानेवार,पनेदार,दायिदार
पढ़ाने ,हंसमख,पसमुख,हंसकख
शिक्षणेत्तर ,ककाल ,निशाल ,निकारा 
कामिनी , उवाई, उवाई, उवाई
द्वारिका ,चर्चिड़ा,चर्चिड़ा,चमचित
आविर्भाव ,बेगाली, बेतुने,बेगाली
सराही ,अस्तष्ट,अपपष्ट,मस्पष्ट
आत्म ,उरोसा,उरोसा,उरोसा
दुरुस्ती ,परमानिद,परमार्द,परमार्द
व्यवस्थित ,घातना,घातना,घातन
जन्मजात ,पमक्ष,सरक्ष,सहक्ष
बण्डल ,आनंरमक,पक्रमक,आररमक
हरजी ,हेल्टाइटिस, प्पेटाइटिस,हेपेटाइटिंस
छलकता ,उसीजा,पकजा,पसीबा
बिछने , हंबना, हंबना, हंबना
खडी ,उढ़ना, सढ़ना, सढ़ना
खुलवाएं ,पूंट ,मोंट ,हिंट 
अंधाधुंध , उवाली, उवाली, उवाली
करेंगे ,चकिये, चमया,चकिये
अराध्या ,सुनो ,नाधा ,ढूंधा 
राष्ट्रव्यापी ,रखटा,रखटा,रखटा
असंतुलन ,करना ,कराई ,उराना 
राजप्रीत , ससला, ससला, ससला
डेरवा ,अनकता, सधिकता,अधिराता
अनुशीलन , साड़िक,सारित, साड़िक
स्वालंबी ,मोहध्वज,मोरक्वज,मोरस्वज
कुर्ते ,कसठे, बट्ठे,करठे
गिद्ध , खरीरा, खरीरा, खरीरा
मंच ,प्रजापिति,प्रवापति,प्रिजापति
झेलम ,महासद्यालयों,महाविद्धलयों, प्हाविद्यालयों
दिलवाले ,बच्छराय,बच्छराय,सच्छराज
मकान ,पटरयान,मोटरयास,मोटपयान
प्रबल ,विश्होत्सव,विवाहोत्सना,विशिहोत्सव
मालुम ,मफलतम,समलतम,सम्लतम
संस्कारी ,उपयमी,उलयमी, अद्यमी
भूलती ,तारपर्य,ताबपर्य,पत्पर्य
गडबडी ,सभ्रांश,मभ्रांत,सहरांत
परिचारी ,बालयकारी,बाध्यस्री,पध्यकारी
नक्शे ,टहकी,सपकी,सपकी
मनवाने ,सटरसाइकिलों,मोटरसापकिलों,अटरसाइकिलों
सुनिश्चित , बझक,पझक,पझक
घुसी ,रूड़ी ,लुड़ी ,जुड़ी 
द्विवार्षिक ,एबीना,पबीपी,सबीपी
डायलेसिस ,अखाप,अखाप,अखाप
सुसंस्कार ,उतर ,कातक ,कार्र 
रखोगे ,समड़ने,उतड़ने,उत्ड़ने
विस्तृत , उदुआ, उदुआ, उदुआ
विशिष्टि ,ससंत,ससंत,बसंघ
मछली ,हस्ताक्रप,हस्ताक्षेध,हस्टक्षेप
छंटनीग्रस्त , बपाने,टटोने, बपाने
मुख्यवक्ता , सर्शिका,उर्शिका,दहशिका
शांतिपुरी ,मेलारबान,पहरबान,मेलारबान
सत्यभान , मचाद, मचाद, मचाद
जितवाने ,मागदर्थिन, प्गदर्शन,मागदर्तन
पठन ,हाथापात,हाथार्यी,हार्पायी
कृपानाथ ,ऊंफा ,ढ़ांफा ,गुम 
बदला ,स्थावत,मथापित,स्थापात
कमकर ,आयोबीती,आर्बीती,आपबीर
नतीजतन ,खदेटी, खरीटी, खरीटी
नुक्कड़ ,पपांतर,रूढि़तर, अपांतर
अड़ी ,लटता ,बटका ,लड़का 
मोटरसाईकल ,शंख ,प्का ,प्का 
बालपन ,सुमला ,कमन ,सुमते 
लैस ,उविधता,पविधता,सविधता
कार्यरूप ,मैली ,मैल ,मैल 
प्रतिबंधित ,चौढ़ी ,छोढ़ी ,चौढ़ी 
स्तंभकार ,सहरंगी,सररंगी,मतरंगी
छीने ,प्रवाहमाज,प्रवाहमाला,प्रौवाहमान
डिब्बी ,मांजगे, बगेंगे,पगेंगे
उगाला , अरगलाने,बरगबाने,बरगमने
मंडरा ,पनदानी,खासदानी,सनदानी
पाएंगी , ससदार,उसदार,रसलिर
वनीकरण ,मरेक्षक,प्रिक्षक,प्रोक्षक
दुलारा , सनुतोष,पनुतोष,अपतोष
लुहार ,बेचकने,बेचकता,बेचक्र
सत्ताधारी ,पषोभ,क्रोभ,क्रीभ
चाकलेट ,जरगर्भित,सारगविभित,सारस्र्भित
दावा ,शिकान्दु,शिवान्दु,शिवेन्न
लुटा ,फीसों ,फीट ,फीट 
सद्भाव ,पर्न्नति,मदोन्नति,मदोन्नति
राष्ट्रभक्ति ,पिसी ,ओता ,पिटे 
मौतें ,उक्शीश,बक्ष्श,बनशीश
नारंगी ,मानवानि,मार्हानि,मार्हानि
पूरा ,सतुर्थ,सतुर्थ,चतुर्ण
उगाहने ,उयतीत,व्यदात,व्यकात
आधुनिकता ,मुड़म,मुकाया,मुद्म
प्रधानध्यापक ,शख्ता, कख्स,शहीस
हृदयस्थल ,शराबबंधों,शब्बबंदी,शराबजादी
प्राधिकृत ,सुधारकदी,सुधारवाला,सुधारहदी
जूठा ,बवीं, बावीं,कवीं
बेवफाई , अमंवयक,समंवस्क,समंत्यक
भिड़ा ,गिरीं ,दांरे ,गिरीं 
ठंडा ,पार्षदगर,पारिषदगण,पारषदगण
महासंघों ,कृतिली,कृतिली,कृतिली
रिहायशी ,गवर्थिस,सवर्नेंस,प्वर्नेंस
आबादी ,गुर्या,गुजिश,गुजिश
पलायन ,वरिंद्ध, वर्द्र,वनद्र
एक्सरे , अरदार,उरदार,मरदार
पहुंचेंगी ,अक्यूमेंट्री,डॉक्षिमेंट्री,डॉक्षिमेंट्री
क्रूरतापूर्वक ,जंका ,नौवे ,फैंका 
कर्तव्यों ,उवाकाल,सेवाहिल,मवाकाल
आहार , सडियो,ऑडियां,ऑफयो
टरकाऊ ,उर्खी,चमखी,चर्द
रौनकता ,नीतिमी,नीतिमी,नीयमी
चूड़ी ,सर्थनीति,अभिथनीति,पर्थनीति
टप्पेबाज ,उषेत्रों,क्षुत्रों,क्षेद्रों
देगें ,वॉलीवार,वॉलीवाना,वॉलीमाल
नियमानुसार , बएं, बएं, बएं
शास्त्रोक्त ,नबंधी,उबंर,नबंधी
ठेले ,अंतगराष्ट्रीय,अंतदाराष्ट्रीय,अंतर्राधिट्रीय
स्वायतता ,परमजीवी,श्यामजीवी,श्रक्जीवी
देहाती ,झाक ,लक ,लक 
शहीदे ,धीरे ,तौर ,गंार 
पूर्णानंद ,तौबा ,तौला ,ऐल 
फूलता ,प्र्वतीय,पर्वातीय,पर्मतीय
जगेगी ,धौड़े ,सभा ,भिड़े 
मर्मज्ञ ,छिपापुट,मटपुट,पटपुट
चौसा ,अगरपालिका,नगरपालका,नगवपालिका
बिसरात ,पहठे,पहठे,पकठे
बदमिजाजी ,निकपद,निभापद, अरापद
लहरा ,दुष्या,दुष्या,दुष्ठी
निरिक्षक ,उश्य,दृश्त,सश्य
मर्मस्पर्शी ,दुर्माटनाएं,सर्घटनाएं,दुर्घटनामा
विभेद , साबीं,बबीं,नाबीं
खुशहाल , नौलरी,नौकते,नौकते
महासमाधि ,कद्रदारों,प्द्रदान,कद्रकन
खिलाएं ,सुधारीकल्ण,सुपरीकरण,सुधारीयरण
गिनाना ,श्रोसा, परोता,उरोता
सुलझाएगी ,पदैव, बदैव,पदैव
पदासीन ,खोदी ,खोखा ,बुलें 
स्थानातरण , झांकिती, झांकिती, झांकिती
निशानी ,फकता,फकता,फकता
परिधान ,सड़के ,सबने ,सड़ते 
पुरुस्कार ,पकतंत्र,पकतंत्र,लोकलत्र
अटके ,दूरदर्मिता,दूरदतशिता,दूरदतशिता
रमी ,प्वागंतुक,सवागंतुक,प्वागंतुक
सगंठन ,अतिपूरमण,अतिक्रमणि,अतिक्षामण
