﻿valid,invalid1,invalid2,invalid3
रक्षा ,बॉस्त्टबॉल,बॉस्त्टबॉल,बॉस्ताटबॉल
रुपाली ,सपमुखिया,उपरखिया,प्पमुखिया
बसता ,पम्या,पम्या,उम्या
कथावाचक , अर्णायक,निर्णामक,निर्वयक
सुनिए ,प्कानदारी,पकानदारी,दुकानशीरी
निर्माणधीन ,गांजी ,भाड़े ,ढेजी 
चले ,प्रत्याष,प्रोत्यूष,प्रक्यूष
बेदखल ,टरराना,उपराना,टपराते
उठाती ,स्ट ,लंट ,जुडे़ 
सुचारिता ,नन्ल,नन्ल,उस्ल
छेड़छाड़ ,महापरक्षा,महापरीक्स,महानिरीक्षा
महारानी ,सीना ,खीका ,जोका 
आन्दोलनकारी , बरीदे,सरीदे,परीदे
ज्योतिषी ,कातिमहत्वाकांक्षी,अन्महत्वाकांक्षी,अनुमहत्वाकांक्षी
पारंपरिक ,अपविंद, मरविंद,अभिविंद
समारोह , सणित,घृणिनी,घृणिका
नारियल ,उरासर,सरासभा,सरामर
जिराफ ,उजूम,उजूम,उजूम
पनाहगाह ,लंबी ,छीबू ,लंबी 
सर्वोच्चता ,चादज,चालज,चालज
भूरी ,भूंपा ,सौंपी ,सौंपें 
मुहैया ,चलाचाएं,चर्चारी,सर्चाएं
बिंदुओ ,भौंरों ,गौरा ,निंरा 
बरता ,पमयानुसार,समबनुसार,सर्यानुसार
तिरछी ,संक्रमिता,पक्रमित,संक्तमित
परसौली ,जलक्तित्र,जलक्तित्र,सलक्षेत्र
प्यासे ,सरवादें,सहहदें,समाहदें
जलेंगे ,रिच ,एेच ,कांति 
श्रद्धालु ,युधिवर्ग,युवावर्मी,युवावर्थ
सतनामी , गवाम, गवाम, गवाम
छुपते ,अघाड़ा,पघाते,सघाते
निशानेबाज ,फूटा ,फूस ,फूटा 
परलोक ,एहनन,एलोसान,एहसाया
चूमती ,उखिरी,उखिरी,उखिरी
कटवाना ,हमष,हलष,हवाष
व्यवस्थागत ,पपहरी,दुपटारी,दुपहत
अमीरी ,सामूहिकन,सामाहिकता,सामूहिकर
अंगोछा ,ज्वाहि,सयोंहि,ज्वहि
शताक्षी ,ठड़ा ,पंड़ा ,मोजा 
हेमन्त ,श्रमशक्ष,श्रदशक्ति,श्रह्शक्ति
तिरछा ,उद्घघाटर,सद्घघाटन, प्द्घघाटन
तापमान ,सधेरिया,अंधेरित,पधेरिया
सेवायोजना ,सहने ,बहने ,गहन 
पूर्वांचल ,महीषा,सनीषा,महंषा
जनस्वास्थ्य , शक्ण,शरने,शरने
चैत्र ,पुताओं,पुताओं, पुष्न
ग्रामसभा ,तोटी ,छूटीं ,झेंटी 
पूर्वाह्व ,यादरर,यास्कर,यातकर
मिट्टी ,पथित, बथित, बथित
भेजे ,पलीपैड,हैसिपैड,उलीपैड
अलमारी ,कखीं,कखीं,कखीं
सोचे ,सलाधीश,जिताधीश,जिलाएंश
समन्यवक ,कवानी ,जगनी ,जगनी 
जहमत ,नशेपान,नशावान,नशापाल
संबद्धता ,संभाया,संभाया,संबंला
खरीदवाने ,सच्चारे,सहचाई,सच्चारों
मैक्सिकन ,पमाता,पमाता,पमाता
माँगा ,प्रसागन,प्रसागन,मरसासन
फैलाई ,ट्रेगा,ट्रेगा,उरेनों
हौसलाफजाई ,सचाती,सचाती,सचाती
संगृहीत , अढ़तिए,मढ़तिए,आजतिए
घुमावदार , अघर्टना,दुघर्षना,सघर्टना
सड़कें ,अंगड़ज,अंगरेगा,अंधारेज
सूत्री ,सौन्दर्यीकगण,सौन्दशायीकरण,सौन्द्र्यीकरण
रातभर ,सझर,झाझली,झाझला
सामान्य ,सामन्न,सामड़त,सामड़त
परचा ,हेडकांस्त्बल,अडकांस्टेबल,पडकांस्टेबल
अकुल ,बैनागी, उरागी, उरागी
समुद्र ,अभिवृष्टि,अतिवृद्टि,अतिवृद्टि
लेटेस्ट ,अनुनदाता,असनदाता,अन्नदारी
झुकी ,उईटीसी,पईटीसी,मईटीसी
मार्ग ,गुंदियात,गुंदियात,गुंदियानों
चंद्रलोक ,अधानमंडल,विकानमंडल,विधानकाडल
फाइलों ,रोकेत,रोहिगा,रोशगा
कालबद्ध , उलभ,शुलने,शुलते
मंहगाई ,चपेश,चलाट,चपेड़ों
उठापटक ,उयानों, पयानों,बतानों
बिक्री ,बाइसानकिल,बाइसाइटिंल,बाइसाइटिल
गुजरनेवाली ,समकती,चमड़ती,चमझाती
व्यस्ततम ,लिफाना,लिफाना,लिपिना
जमीदार ,फिरोता,फिरौता, फिल्ता
अमनचैन ,खुदहाली,खुशर्ली,खुशरूली
केन्द्राधीक्षक ,ईते ,भंते ,थैते 
संक्रमणीय ,मौहा ,रैंहा ,चूजों 
महानवमी ,जयरुल,ममीरुल,जनरुल
नीरसता ,पुष्रे,पुररे,पुकाया
महत्वाकांक्षी ,अग्रवात,अग्रादूत,अग्रहत
मीनारें ,प्र्णाहुति,पुष्णाहुति,पुष्णाहुति
पट्टीदार ,इरकद,इरवाद,इरमाद
ढाह , अमिनेशन,नोमिनेशनों,पमिनेशन
सप्त ,नक्पत्रिका,सवपत्रिका,नवपत्रित
झझवा ,खुराफाड़,खुन्फाती,मराफाती
सयाने ,चिरात,चिरात, चिपत
प्रतिभूति ,निरारी,निशारी,निखते
छोटों ,आमविका,आमविका, सजीविका
सौहार्द , घिमानी, घिमानी, घिमानी
छल्ली ,बेवर्फी,बेदकूफी,बेवकूद
रोमांस ,वारकने, अरकर,वारकती
बनाऊंगी , चादक, चादक,चालाएं
बिखेरती ,ठेका ,राके ,पेंके 
आहूति ,प्रवायाशा,प्रोत्याशा,प्रोत्याशा
भार , अर्मराज,कर्यराज, अर्मराज
चाचा ,ढाका ,अंका ,फैंसी 
निहार ,बर्फवार,बर्फनारी,सर्फवारी
डरे ,आसावां,आठते,आसावां
सरगम ,दीपाजलि,दीपांजर,दीपजलि
गुरनाम ,शोधे ,औरों ,औड़ी 
प्रेमीयुगल ,दर्ई, पबाई,दहई
ब्रह्मभोज ,उढ़ावा, सढ़ावा,उढ़ावा
रेलमार्ग ,चौहत्तता, अहत्तर,चौहत्तता
ललक ,चौरंतो,चौपागी,चौमुगी
माताएं ,तोलफोड़,तोड़बड़,तोड़पड़
प्रतिकर ,पसकना,खिसलिना,खिदकना
यथास्थान ,प्रतिनिर्मंडल,प्रशिनिधिमंडल,परतिनिधिमंडल
अल्पावधि ,संगीतकाद्ध,संगीतरद्ध,संगीतबद्धि
बर्फखाना ,सठाएंगी,उतएंगी,उलएंगी
पदवार ,भाषमभाग,भावमभाग,भाईमभाग
मुख्तयार ,मष्कर्मी,दुष्ककमी,दुष्टिर्मी
जूझती ,इशिश,उशिका,इशिश
बतलाया ,धर्ष,धर्ष, बनुष
फूलों ,भाररपद,भाद्यपद,भाररपद
मुश्तैद , सरछी,बनाछी,बहछी
रूंधे ,छींटदारी,छींटदान,छींटदानों
गूंजने , प्वसादग्रस्त,मवसादग्रस्त, प्वसादग्रस्त
रामपरीक्षण ,वार्तु,वायतु,वादितु
बारात ,उगणन,आमणन,मगणन
खर्चकर ,गुनचरण,गुणचरण,गुरचरम
सहयोग ,कब्रिस्ताप,कब्रियतान,कब्जास्तान
उत्पादकता ,दवाखानी,दवाखास,मवाखाना
गवर्नर ,स्वटिक,स्फसक,स्फसक
मूर्छित ,क्रह्नुसार,सरमानुसार,क्रमानुभर
आर्थोपेडिक ,प्रकल्स,प्रकल्ला,प्रवाल्प
विचार ,अक्र ,अक्ष ,अखास 
मिलावटखोर ,जानगुरियों,जानगुरियों,जागकारियों
निखारता ,काटेंड,कानूगे, उटेंगे
तकनीक ,एंड़े ,बाड़े ,बाड़े 
खादी ,जरणप्रीत,चरणरूरीत,चरणरूरीत
भाव , अलाएगी,बुलाकगी,बुजुएगी
काव्यपाठ ,पल्टता, परटन,पहुंटन
थान ,बतरा ,सतरा ,सतरा 
घुंघट ,उत्तरतास्तिकाएं,वित्तरपुस्तिकाएं, अत्तरपुस्तिकाएं
मराठे ,अधिसधान,सनुंसधान,अपसधान
रखवाए ,साभू,नाभू, बाभू
मुकदमा ,सघते,सघते,उघन
माटी ,पवर्गीय,संगीर्गीय, प्वर्गीय
छंटा ,थानेजर,पनेदार,थानेहर
महामृत्युंजय ,आयोवान,आहृवाने,सहृवान
तैरने , दिवाब, दिवाब, दिवाब
धर्मार्थ ,पिलाठू, बट्ठू,पिटाठू
छांटे ,प्दगुदाते,गुदस्दाते,गुरूगुदाते
फिरनी ,प्रामड,प्रावड,प्रउड
जुटाए ,भगाली,भट्ना,भट्ना
सजाकर ,अमलेगी,अमकाश,अमलेगी
बरसती , अणितज्ञ,गगतज्ञ, अणितज्ञ
धर्मातरण ,कटंप,सटंप,स्टंकी
लडे़गा ,उमानत,अमानन,उमानत
शीतला ,आदयणीय,आर्रणीय,आदयणीय
बेड़ा , पतुलन,संतुलता, पतुलन
बेफिक्र ,झेसा ,कोनो ,माँसा 
बाघ ,देखेरा,देहागा,देखिगा
ठोस ,बोलिड,बोरिड,बोर्य
विभिन्न ,तैग ,जीग ,वेग 
खिसकी ,झांली ,तीरों ,कौंली 
रेस ,लोकल्न्य,लोहामान्य,लोकमान्ध
आंसूगैस ,तोडरों,तोड़ेऩे,तोडलों
साफा ,पसठ,बावठ,पसठ
कुरेदने ,भंडाडा,भंगिडा,भंगना
फूलबाग ,महएं,महएं,उचाएं
गतिसीमा ,जरगतिशील,प्रगतिलिंल,प्रदतिशील
सहेगा ,बीमाती,उतती, पतती
बटोरी ,लहुलहाने,लहुलहाने,लहलब्ने
साबुन ,धागों ,छौंन ,धारा 
शंकाओं ,टेक ,टेढ़ी ,थोप 
हस्ताक्षर ,मलने ,मलना ,मचाते 
जनपथ ,कुकर्थ,कुकराम,कुकर्थी
अंदेशा ,शिक्भवन,शिशुभवती, अशुभवन
लंबीकूद ,व्यलत,व्यलत,व्यदात
रुकी ,रत्य,रत्य, कत्न
गर्द , निभाला, निभाला,निवाब
आरोपी ,राजराग,राजरग,राजरग
निकाले ,अभिरदर्शी,अर्रदर्शी,अदूकदर्शी
पश्चिम ,टीजीन, बएन,सएन
नाराजगी ,आयोरण,आचरता,आचवाण
युक्ति ,टुकता,टुकता,टुकता
झेलने ,तोड़ों ,कीड़ों ,तोड़ों 
ठिठुरने ,ब्ना ,चुन ,चुका 
वनक्षेत्र ,पल्लत,पल्लत,जिन्लत
सटी ,इन्हासकार,इतिश्सकार,इतिक्सकार
डलवायी ,तोड़ेंती,तोड़ेंती, तोड़ेती
मंझे ,प्लामाण, अरमाण,उरमाण
नगमा ,धूग ,नेति ,नेक 
चौके , पमीक्षा,समीक्त,समीदाषा
अभियोजन ,उकाट्य,अकाट्टा,अकायय
जन्मदिवस ,उवागत,पवागत,स्वीगत
तीरंदाज ,जमान ,बमाने ,जमान 
उबालकर ,निहिनी, उहित, उहित
विस्थापितों ,दीर्द,दीजिघ, कर्घ
दुष्कृत्य ,शावदा,शारने,शारने
राशी ,नायीं,बयीं, सायीं
दिखवाएंगे ,गुंडे ,गुंजा ,लौडा 
दुबला ,मलिप्तता,संलियोतता,संलिकतता
पहलू , कायती,कानूती, कायती
बताए ,कलाशति,कटकृति,कराकृति
विचौलिए ,बढ़तिढ़,बढ़चने,उढ़चढ़
आजादी ,नेत्य,नेपारी,नेपारी
ऑटोमोबाइल , चेहक,चेचने,चेचते
अधर्म ,सटाता ,उटाता ,हमता 
नसीहत ,उझेदार,साक्दार, अझेदार
भरी ,चमझाई,पमकाई,चमकाओं
कैथा ,चुपकप,चुनौचाप,चुपजाप
प्रध्यापक ,यज्ष,यज्ष,यक्र
मातृभूमि , मन्यास,समयास,सन्याओं
दलील ,उपलकधियां,उपलनधियां,उच्लब्धियां
ध्यानार्थ , उन्नो,धन्ही,धरानो
महामस्तकाभिषेक ,अमृतराणी,अमृतवासी,अमृतकाणी
लफ्ज ,उनिष्ठ,उनिष्ठ,घनिष्टि
चिंताजनक ,सुझाट,सुलना, कलट
आगंतुक ,भेज ,ढूज ,गूंगे 
मीटर ,घन्ही,घपटे,सन्टे
पके ,बहगे,बतागे,सढे़ंगे
प्रियजनों ,पराध्या, सराध्या,आराकया
निशक्त , प्ख्यायुक्त,मुख्यान्क्त,मुख्यायुक्ति
प्रशस्ति ,खेलेख, सलेगा,खेसगा
श्रीरामनवमी ,सत्तानंस,सत्ताइयां,सम्ताइस
सूचनाधिकार ,पखाई,पखाई,पखाई
बख्श ,गंवा ,गंदा ,गैंदी 
करवट ,ससुरालवार,ससुरालवार,ससुरालवार
उम्रसीमा ,छत्ई,छटाने, छबीई
आर्ट्स ,पुर्नमततान,पुर्नमतदारी,पुर्नमतत्न
अर्धशतक ,डालेंए, उकिए,डाकियां
लोकप्रियता , उहता, उहता, उहता
धूमिल ,गवाई ,गजई ,गलाएं 
पीड़िता ,भूजलस्तम,भूजलक्तर,भूजलक्तर
नाट्य ,अशुचाधि,अशुबाधि,अनद्धि
साम्राज्ञी ,तत्रल,तहकाल,पत्काल
सुलभ ,उरतिष्ठापूर्ण,प्रतिष्ठापूर्य,प्रतिष्ठापूर्स
सृजना ,समयांतमंल,सर्यांतराल,समयांतराव
तीमारदार ,संभाकीण,संर्जण,संस्कीण
निश्चय ,गुंसा ,हिंदी ,गुंसा 
ससुरालीजन ,डेते ,जूल ,जूड़ो 
अछूते , उराए, उराए,भगोए
सूता ,वनगुभाग, अनविभाग,वनविभाषी
फीट ,डायत,डायत, डालेंन
उदंड ,त्रेचा,सवचा,त्रेचा
पर्वों ,बुखाना,बुझार, कखार
समंवय , अरीक्षक, अरीक्षक,निरीक्रक
दबंगता ,गरल ,उजल ,गर्ल 
कमान ,आदप, उलाप, उलाप
साला ,परिचयात्रक, प्रिचयात्मक,परिचपत्मक
रूकवाने ,मरकती,सर्कती,सहकती
