﻿valid,invalid1,invalid2,invalid3
सीखे ,टूटेंड,टूटेंट,टूटेंड
अनियमितताएं ,खदेदकर,सरीदकर,खस्दकर
आयोजन , उहाल, उहाल,बेहाने
हंसने ,उमई,उमई, सठाई
आता ,चोरे ,हेरे ,भये 
फेकेंगे ,ओेसे ,फंसीं ,फंदा 
ज्ञानस्वरूप ,प्रातधिक,परावैधिक,प्रावैधियों
मलयाली ,खसी ,लिंसी ,मांसी 
साक्ष्य , बठ्ठी,भगोठी, बठ्ठी
सोखना ,निर्वाशकों,निर्वाशकों,निर्यशकों
बचना ,उत्मंडलाधिकारी,उपमंडलाधिकाएं,उपहडलाधिकारी
पैसा ,बनाची,बनाची,बनाची
एलोपैथी , जगवे, जगवे, जगवे
पेट्रोमेक्स ,बोलकला,बोनवाला,बोल्वाला
दर्शी ,मल्रूद्राभिषेक, प्हारूद्राभिषेक,महारूद्राज्षेक
इकट्ठा ,दुबरू, दुकारा, दुकारा
सुरही ,शर्बल,मर्बत,शर्बर
घोट ,उमांत,सीखेंत,सीमांशी
नोटिफाई ,निर्यकार,निर्विरोर,निष्विकार
पढ़ेंगे ,हिमदुस्तानी,हिन्दुस्थनी,हिन्देस्तानी
दुगुने ,नाकामर्ब,नाकार्याब,नाकामयान
सुशान्त ,उचिस,पेचियों,पेचिका
चबाकर ,वास्ज्यिक,पणिज्यिक,प्णिज्यिक
किरकिरा ,बताकने,बताकने,बताकने
कयादत ,नैत ,चेस ,सा़त 
नहरी ,सिंवन,सिंचक, सिंदून
गुब्बारे ,नलती,नगके,नन्के
चरखी ,डींको ,रुठे ,रुक 
सबे ,श्राहध,श्रोद्ध,उराद्ध
वित्तरहित ,साक्षारोकार,साप्षात्कार,साक्रत्कार
पिलाया ,टेनगे,टेडगे,टेकेंडों
गुर्रा ,बिच्चा,बिगछु,बिच्चा
झकझोरने ,उंचाने, उंगई,उंचाने
जोर ,गंड़े ,बंड़े ,घटें 
मलकीयत ,सहुचर्चित,बहुचर्तात,बहुचस्चित
कम्बल ,पनेजिंग,मैनेहिग,मैनेजग
खुरपी , फिंकर, फिंकर, फिंकर
जोशीले ,अलप्ववाद,अलगावरूद,अलगावर्द
खंगालते ,बताना ,बनाया ,उताया 
उच्चतर ,वहणी,सर्णी,वहणी
संपादित ,सेठ ,सेबी ,घूव 
ओझा ,पर्नस्थापन,पुर्नवथापन,पुर्मस्थापन
वज्रगृह ,उर्यों, बर्यों,उर्यों
सुधरेगा ,दर्ते,दहाते,दर्ते
आहुत ,समरसीमा,समयसीय,समयमामा
अल्पता ,विगे ,घेगे ,विगे 
भौचक्के ,हारमोबायम,अरमोनियम,हारमोबायम
लॉग ,आंध्या,आंध्य,आंध्या
सेंकेंडरी ,खरीखट,खर्खट,मटखट
प्रवरण ,सेके ,धांके ,सेके 
भरवाएंगे ,येनो ,बिकीं ,खुंनो 
रेलपार , अचलने,मचक्ने, अचलने
बैट्री ,खेसने,खेसने, खेलेंने
खोता ,धुवी ,घिवी ,घिवी 
तनावग्रस्त ,गॉड़ ,पोड़ ,सांई 
करी ,तूका ,ढे़का ,तूका 
बदलाव ,उश्तें,पश्तें,उश्तें
अनोखी ,मस्से ,मस्सी ,मस्ता 
कृपानारायण ,सगुला,बगुने, कगुला
दूनी ,छत्रपथ,छत्तापति,छठरपति
व्यंजनों ,संग्र्षशील,संवेर्षशील,अघर्षशील
उफना ,छोला ,भोगों ,भोर 
समूहो ,सुंदर्वन,सुंदरवर,सुंदरदान
गश्तीदल ,विद्क्षण,विलक्षिण,विद्क्षण
सत्यकाम ,प्रगाड़िता,प्रगार्ता,सरगाढ़ता
संचिता ,उमाज,उमाज,पमाज
गाता ,तनावसार्ण,तनावपूर्ति,तनावस्र्ण
जुआरियों ,प्रेस्तुतियों,प्रौस्तुतियों,सरस्तुतियों
मुस्करा ,उलपाद,उत्रद,उत्पास
पोश , अलमिला,झिलझला, अलमिला
विकासखण्ड ,समाहिशों,समाहिया, अमाहित
यज्ञोपवीत ,तौहीप,तौहीप,तौहीप
मांगा ,आंतकशीद,आंतकवाले,आंगकवाद
सद्भावना ,छंजा ,गोंजा ,ईंजा 
विश्वविख्यात ,मध्येता,अध्येगा,पध्येता
इंगलिश , अजीरे, अजीरे, अजीरे
पूछ ,समतें,समतें,पमतें
सहारन ,वालेश्रिर,पलेश्वर,वालेश्यार
मुकुटधारी ,पस्साई,गुणसाई,गुस्ताई
हृदयस्पर्शी ,अभिवंतत,अभिवंचिवों, प्भिवंचित
अंगवस्त्रम ,प्रचानक,प्रिचारक,सरचारक
धोखाधड़ी ,उवांरी,कुवांश, बवांरी
प्रकाशमणि ,कड़पी,पड़पी,हड़ना
मनोदशा , बकुंज, बकुंज,निकुंदी
प्रदेशी ,अगाना,अमीह,अगाना
प्रवर्तन ,पच्छित,इच्छात,इसछित
आत्मशांति ,उमझे,सजाझे,समाझे
बेचैनी ,राय ,राय ,रात 
बैठके ,हिदाचात,हिदार्त,मदायत
असरकारक ,सरह्मालीन,ब्रोंह्मालीन,अरह्मालीन
धीरज ,जुता ,जुटें ,दाल 
ईनामी ,कलाजाधारी,पब्जाधारी,कब्जापरी
लिहाजा ,तोड़ेण,तोड़ेंण,तोड़ेण
विद्युतिकरण ,लहलान,लहलान,लटसुन
खंडो ,नुकसानकाह,जकसानदेह,नुकसानकाह
भूलन , अदाचारी,सदाचारे,सदायरी
टेक्निशियन ,भौंती ,खारे ,भौंती 
स्वर्ग , बगूठा,अंगाठा,अंजाठा
प्रवृत्ति ,सझिल, बझिल,कझिल
सुगम ,जनहितवारी,अनहितकारी,जनसंतकारी
बदली ,सखिल,उखिल,कखिल
धरना ,पाला ,कीथे ,पौथे 
सपेरा ,क्रियाट,क्याकेट,क्याकेट
निर्वाहन ,उरसाये,बदसाये,परसाये
पवनपुत्र ,पइंस,उइंस,उइंस
खाओ ,कीया ,गैया ,कीया 
विश्वविद्यालय ,खीता ,गंाता ,दारी 
उत्तरोत्तर ,फेरों ,फेरे ,ढ़ोकू 
संपूरक ,वाहरी ,वाहरे ,सहन 
सर्वजन ,उत्ग्रह,उत्ग्रह,उपग्यह
बताना ,पाल ,पार ,पार 
उपयोजना ,अव्पसंख्यक,अल्पसंख्यम,अल्पसंख्यन
तोड़ी ,विटाधान,विटामिया,विटामित
बीनने ,टिप्सिणी,टिप्पत,टिप्सिणी
आयो , बपे, बपे, बपे
निबटा ,चिपना,पपका,चिमका
हस्तशिल्पी ,श्वांता,पवेता,श्वेकी
अंतरमहाविद्यालयी ,सहचाना,परिचाना,पकचाना
तत्परता ,जीवनदारा,जीवराधारा,जीवस्धारा
स्थायीकरण ,जुटाब,जुड़ब,जुराए
बेची ,तिगुल, बगुने, बगुने
साझा ,पाया ,पाली ,पाणि 
परिचर्या ,ममाप्ति,सरप्ति,समायति
इलावा ,कैप ,गैसे ,कैप 
टोंका ,पंडाबी,पंडाबी,पंडिबी
प्रांगण ,नोटिरी,नोटती,नोटिरी
कीटों ,पट्टेबाजी,संट्ठाबाजी, अट्टेबाजी
पुनर्विकास ,पगायी,जलयी, कगायी
कंफेक्शनरी ,शंखधनों,शंखधक,मखधर
अष्टभुजा ,स्वेदीछासेवी,अवेच्छासेवी,स्वीच्छासेवी
सशक्तिकरण , बाभा, बाभा, बाभा
हानि ,कमागी, बमागी,पमागी
बंदियों ,नामांकनपत्व,नामांकनकत्र,नामांकनपत्री
लालमणि ,परोपकाल,परपकार,पहपकार
ज्वार , नाटें, नाटें, नाटें
दीप्तिमान ,छटा ,कृला ,मोला 
घडि़याल ,मानड,मानड,मानड
दूरगामी ,समाया ,समाया ,कताया 
प्रभास ,छापी ,छाती ,झींला 
राजावास ,डाले ,रेंला ,रेंला 
साख ,सर्चरित्र,सच्चरित्त, प्च्चरित्र
बिजलीकर्मी ,पमाओ,पमाओ,सहओ
झगड़ा ,नरपन,नहपति, मरपति
जबिक ,मनोकने,पहकने,पहकने
तलवे ,कार्वन्वयन,कार्मान्वयन, प्र्यान्वयन
मनोबल ,विश्वदेही,विश्वधाव,विश्वदेही
सत्र ,धूरी ,बम ,धूना 
प्रज्वलन ,कार्ही, सन्ही, सन्ही
टहलाने ,बनकाएं, अनवाएं,बनकाएं
पर्वतारोही ,बंदीरमुषकों,सदीरक्षकों,बंदीरतषकों
लटके ,इस्थात,उस्पात,इमापात
उपस्थति ,दूसवा,दूसवा,दूरिवा
कार्यकाल ,शिक्षासद्,सक्षाविद्,पक्षाविद्
योजनांतर्गत , पपत,चंपना,चंडित
तपस्थली , दुबया,दुधाया,दुनिक
भूदेव ,शॉरी ,बौआ ,होरी 
पुरुषोतम ,उलोकित,आलोवेत,आलोपैत
नादान ,खेसता, खेलेंता, खेलेंता
परिवर्तक ,पुरटि,उष्टि,पुर्टि
जुल्मी ,मधायको,पधायको,विद्यको
सोंच ,थाप ,झीने ,थानो 
गुस्साया ,सपुष्द,पपुर्द,सपुर्थी
अटका ,तिजोया,तिरंरी,तिरारी
लाइए ,उख्शो, कख्शो,बढ़ाशो
कोऑर्डीनेटर , सग्रज,अवरज,अनरज
सेविकाओं ,उकोच,संजोच,संगच
रौतारा ,शूर ,दिर ,ढैर 
भुलाना ,लश्कती,पश्कर,मश्कर
ग्रहण ,मवासियों,निर्सियों,पवासियों
वृद्धापेंशन ,अपसुलझे,अससुलझे,अनवालझे
उज्ज्वला ,सेनापथ,सेनाएंति,सेनाएंति
सुनती ,मर्करा,शहकरा,शर्कती
पर्वो , पहाई,उहाई,उहाई
उसपार ,गिरादे,गिनदे,गिद्रा
स्थानांतरण ,बहुतित,बदमत,बहुतित
करीना ,सैनिए,सैयक, सैकक
परिवेदना , ओढ़ान, ओढ़ान, ओढ़ान
लालची ,नगरपंचारित,नगरणाचायत,पगरपंचायत
दमाद ,बिगएं,उताएं,बिगएं
सुहास ,तामशाह,सनाशाह,तानाएंह
सामानों ,टटोक,टटोक,टटोक
त्रिशरण ,प्रतिकाञा,प्रेतिज्ञा,प्रतिज्य
गुलदार ,जनविरोह,जनगुरोधी,जनविरोग
नियमित ,तित ,दंग ,दंश 
सम्मानित ,अप्रसन्धिता,अप्रसहानता,अप्रसन्धिता
लालफीताशाही ,चमती,चमती,चमती
चिमनी ,सुश्तों,सुलरी,सुझारी
वामपंथी ,सुब्जिनी,सुब्हारी,सुब्जानी
लदवा ,बर्वारी, उनवारी,बनकरी
प्रीतम ,चमरासी,चपराज,चररासी
चिकनपॉक्स ,डीना ,मना ,कोना 
मुफ्त ,विशेषज्ञी,विद्षज्ञ,मशेषज्ञ
छिनकी ,न्यानी, उयारी,न्यानी
सजनी ,अपलापन,अकेश्पन,अपलापन
सैनी , कोहमा, कोहमा, कोहमा
मनाए ,शांतपाठ,शांतिपास,शांतिरोठ
समाजोपयोगी ,विचलिक,विचलिक,विस्लित
क्षीण ,दीपइंद्या,मपइंद्र,दीपइंजर
पढ़ाएगी , ढोलला,ढोकता, ढोलला
संवारेगा ,अनुशासनस्नता,उनुशासनहीनता,अनुशासमहीनता
वाटरप्रूफ ,जुड़स,जुड़स,जुटस
देखों ,राजबाजी,राजरग,उजबाग
चढ़ावे ,महत्रों,महत्री,मनोत्ता
युवक ,सद्रायवहार,उद्व्यवहार,उद्व्यवहार
विस्तारीकरण ,मममोर्चा,वामलार्चा,वाममोर्ण
दोष ,मंहवाता,मंत्वाता,पगवाता
लुटी ,पश्चिमोशरीरा,सश्चिमशरीरा,पश्चिमशरीज
चिह्नीत ,सरवाएं,सरवाएं,भण्वाएं
शीशी ,बैनाफ,बैठफ,बैखौटा
विश्वासी ,सर्वविधारण,सर्वसाधारत,सर्नसाधारण
रिफलिंग ,रिसा ,थोसा ,सीप 
रेगुलराइजेशन ,उरोक्ष,परोकाष,परोपिष
मिर्गी , अषुद्र,क्षेद्र,क्याद्र
हाथोंहाथ ,भट्या,भट्या,भट्या
बंदूक ,निभादा,निभादा,निरादा
खड़े ,उहायी,बहयी, पहायी
फलाहारी ,कुलदीबाक,कुलदीपति,कुलबपक
हाथीखाना , नाझा, नाझा, नाझा
बरना ,वृहस्पतिवाद,वृहशपतिवार,वृहत्पतिवार
विलम्ब ,लोकलुभावश,लोकड़भावन,लोकताभावन
कामेश ,छूटेंता, छूटेता,छूटेंता
रुपय ,सत्रहीन,नेत्यहीन,नेत्रहन
काठी ,निरंदार,मरंकार,निककार
काट ,उठारा,कभरा,उभले
स्वजन ,उखंडन,विकडन,पखंडन
पूस ,हंबती,हंबती, पसती
भारी ,ज्योतिर्थिग,ज्योतिर्थिग,जयोतिर्लिग
आडे़ ,शापी ,लिखे ,लिखी 
पीठाध्यक्ष ,बृहस्पतिधिर,बृहस्पतिवाद,बृहचापतिवार
प्रधानपति ,सलाएंगे,उलाएंगे,खिलाशगे
भींगे ,बुंश ,गेश ,कुटे 
चहारदीवारी ,प्यानी, उयाज,प्यानी
आरोह ,प्माजिकता,पमाजिकता,साम्जिकता
सजीं ,सिफारित,सिररिशी,सिफाकशी
भड़काने ,टीगी ,लेंगे ,टीगी 
नाई ,नीलगत,नीतिरोत,सतिगत
फुहारे ,आपश,आसाश,आसश
व्यवसायी ,पद्मराभ,पद्धिनाभ,पद्रनाभ
मारते ,पंहुल, कडौल,उडौल
तीक्ष्ण ,भण्पूर,भण्पूर,भटपूर
टॉप ,धौले ,धौले ,रीछ 
लोडिंग ,सक्ताकाश,मुक्तारश,मुक्तालिश
अभिनंदन ,सवियत्री,कविस्त्री,कवियस्री
तोहफे ,थलथपा,थपथक,थपथल
प्रसिद्धि ,लालवाआ,पलकुआ, अलकुआ
पूर्ति , उहरी, उहरी,लड़ारी
दाम ,उवृत,कवृत,पवृत
लावारिस ,लगल ,लड़न ,कगन 
प्रदुषण ,जुदाम,जुदार, जुल्ई
महादंगल ,परक्रागत,परपंरागल,परपंरार्त
