﻿valid,invalid1,invalid2,invalid3
उच्च ,रामट्र,राहट्र,राष्ट्ठे
साझीदार ,मआधार,उआधार,धुंआइर
हैण्डपम्प ,सरतेहाल,सूरवाहाल,सूरतेहार
महार्षि ,अंतरराचायीय,पतरराज्यीय,अंतरणाज्यीय
हटाने ,फरिश्म,फहश्ते,उरिश्ते
आनेवालों ,निकावाध,निभावाध,निर्शाध
वर्षापात ,लिफाट,पफ्ट,लिफ्तों
विषाक्त , बब्त,कब्त, बब्त
पुनर्जीवित ,धोकया, कबिया,धोकया
मुलाजिमों ,घटचक्कर,घनचक्ष्र,घनचक्रर
जुगाड़ ,संगड़त,संभाठित,संवाठित
वायुयान ,सीखेंट, बमेंट,सीटिट
शराबे ,मिटएं,मिर्एं, मिलएं
दोमुंहा ,इलादा,इराया,इलादा
महानुभाव ,उल्हात,उपफत,उपफत
लजीज ,कपतें,उरतें,कपतें
जांएगे , बमाएं,सीखेंएं,सीढि़एं
सुविधाविहीन ,मवारेगी,मवारेगी,संभारेगी
सेखुई ,जोड़मभरा,जोखिमर्रा,मखिमभरा
ब्रह्मज्ञानी ,उठाकती,उठाएंर,उठाकता
खुलवाते , अलोमीटर,किश्मीटर, अलोमीटर
संवददाता ,पतायीं,सतायीं,उतायीं
स्थिती ,ग्रंम,ग्राया,ग्राया
मटक ,कारतिजारी,कारस्जारी,काश्गुजारी
कैटवॉक ,बेशुमानों,उशुमार,बेशुचार
लटकाए ,जांट ,घोंप ,यट 
हीलाहवाली ,वचनबस्ध,वचहबद्ध,वचनदद्ध
विधानसभाध्यक्ष ,बैरीकेबास,बैरीकेवास,बैरीकेदास
बुद्धप्रिय ,जॉचा ,फंाचा ,फंाचा 
दधिचि ,फूंकेंने,फूंकेंने, फूंकेने
ज्ञानी ,मनवाकगे, अनवाएंगे,पनवाएंगे
धोबी ,पवीनीकरण,अवीनीकरण,पवीनीकरण
दुखाना , पस्बा, पस्बा, पस्बा
लायेगी ,फेरीवाने,फेलोवाले,फेरीराले
टाई ,जिये ,घूता ,ढ़ेता 
बटोरे ,प्रेणों,प्रेणों,प्रेणों
चराते ,साहूधान,साइधान,सावधार
भाइचारा ,गजपे,गर्पे,गजपे
वजीफे ,भ्राए,भ्राए,भ्राया
आस्थावान , पटाणा,खत्णा,खत्णा
समझदार ,उवकों, बवकों,उवकों
आपत्तिजनक ,भीमसेवी,भीमड़न,भीमसेवी
अक्ष ,कसएं,उथाएं,उथाएं
यातायात ,कुतन,कुतन,कुतन
नयका ,गायिन,सउन,गाथान
बरतें ,मजमासे,मनोलिसे,मजरसे
आजमाया ,एमबआइसी,एमओआइयों,एमओआइयां
लोकसेवक ,डरी ,निंटी ,जूटी 
छिटक ,वर्तय,वरिषीय,वसूषीय
महोगनी ,खंखी ,राजा ,हौखी 
पढ़ना ,मकलजाल, अकड़जाल,मकड़तोल
महासम्पर्क , किस्ण,किसण,किसण
संक्षिप्त ,ममरूप,रामरूपों,रामारूप
गुदगुदाने , अलिस्तां,उलिस्तां,गुलिहातां
लुटाया ,संचाष्ठी,संगोकठी,संगोष्य
प्रोविजन ,झटडा,झटडा,झलडा
पंचवर्षीय , पिछना, पिछना, पिछना
गुजरनेवाले ,लड़यी,लड़यी,पगायी
अनिर्वाण ,निष्न्तर,निरन्यर,निकन्तर
कुलवीर ,भगंधिर,भगंतुर,भगंदरी
अंतरजिला ,घेराबददी,घेराबन्ह,घेरातन्दी
दरभंगा ,विधाल, सशाल, सशाल
शिक्षिक ,नकदीकलाण,नकदीकरक,नकदीकरक
लालचवश ,गड़जन,गड़जन,गर्जय
खजाना ,हुलिके,हुलाके,हुलाके
आचमन ,उदेड़ा,सदेड़ा,खदेशा
अनुक्रमांक ,कमागा, पसेगा,कसेड़
डगमगाई ,थानेवारी,थानेहिरी,थाईदारी
ठूठ ,चमया,चमया,चमया
खामी ,घोत ,पांचों ,पांती 
हरने ,जगमगाएल,जबमगाएगी,जगमगाएप
सरगुण , कख्त, कख्त, कख्त
विडियोग्राफी ,बरनीयती,बदनीयर,बदनीयर
मिसाल ,दुग ,डॉआ ,दुख 
रखवाएं ,आह्निंन,उह्वान,मह्वान
झोंकने ,लोट्ठा,लोट्ठी,लोट्ठा
नक्सलियों ,एआएचएआइ,एनएचएलइ,एनएचएलइ
औसत ,मरामाणिक,प्रामान्क,प्रोमाणिक
आईएमटी ,अपछुए,अनछुओं, सनछुए
सहेली ,फोर ,फोर ,पूँर 
एटॉमिक ,रचेरे,उचेगी, कचेगी
बरामदा , छोडगे, छोडगे, छोडगे
मुहाने ,मण्डहय,मनोडलीय,मण्डलीयों
बकायादार ,माता ,मावे ,मारीं 
बालूघाट ,वनवर्मी,वनवर्मी,वनसुर्मी
ठिठके ,नेक ,गेंति ,नेह 
भराना ,पहस,पहस,पहस
पौत्र ,भौंरों ,भौंरा ,पैहे 
मसानी ,कौस्तिभ,कौस्तुति,कौस्तिभ
भरवाई ,पाँले ,चींले ,लेाले 
आरोपों , अकछेद,नककद,उकछेद
नीलाम्बर ,भोका ,भोका ,गैंका 
पंचायत ,धोबी ,धोती ,लूए 
बोझा ,याकी ,पुंकी ,याकी 
अलगाववादी ,अंगूनि,अंगूनि,अंगुनि
सादा ,जूठी ,धट ,टैंट 
मुख्यमंत्री ,मुढ़ी ,दंख ,जाख 
पारितोष ,रॉकेगा, ककेट,रॉकेगा
सहायिकाएं ,सांचे ,सांड़ों ,मंाई 
अंजाना ,आमंजरण,आरत्रण,आमंत्सण
सफाए ,नामोनियन,नामोथेशान, अमोनिशान
लेजर , सध्याय,पध्याय,अभियाय
लाईसेंस ,उल्लाता,चित्लाता,सल्लाता
रक्तरंजित ,रस्ये,रवैध,रवैरी
जनेश ,ताकि ,अॅाऊ ,अॅाऊ 
दुखना ,उर्दांत,दुर्शात,पर्दांत
अर्दली ,हरएगा,मटाएगा,मटाएगा
चखने ,उदकर्ष,उत्कर्थ,उत्रार्ष
लाइनमैन ,कुंभचिंर्णी,कुंभपार्णी,कुंभकर्मी
पूर्णचंद्र , सहलों, सहलों,काटलों
पाटने , उलनी,टावनी, उलनी
रीडर्स ,सार्वजनिधि,अर्वजनिक,सार्यजनिक
घटाकर ,प्रत्यनहील,प्रतियनशील,प्रत्यनगल
एकलौता ,महीये,महीये,महीये
पीढि़ ,दर्शनार्य,दर्शयार्थी,दर्शवार्थी
झूल , उहिये, उहिये,पकये
बंदकर ,बददूक,बन्होंक,उन्दूक
दिलाओ ,उरपन,तिरपर,तिलिपन
चनण , उट्टू, उट्टू,मिर्टू
मूलाधार ,खालें ,राले ,खाती 
संकल्पबद्ध ,भगोया, उईया,भट्या
अयोध्यापुरी ,खूंटी ,खूंटे ,सेंट 
रुकनी , ससीर, ससीर,नन्र
प्रतिलिपि ,उलनाए,उफसए,उफसए
लागी ,अंतरियां,अंतरियों,अंतरियों
साठगांठ , नाजें,कजें,कजें
रूपाली ,पभिषण,विपषण,विभिलाण
विशु ,क्रिशर,क्षुशर,क्षशर
शांतिदूत ,नमोनानुयण,नमोनारार्ण,नमोग्रायण
अंगूठी , पयल, पयल, पयल
तमंचा , प्च्छापूर्ण,इनछापूर्ण,सच्छापूर्ण
दरकती ,दीना ,ऊबी ,कना 
सप्तसरोवर ,मातवली,उतवर,मातवन
कमाए , अण्डहर,खण्टाहर,खण्डहक
दुरुस्त ,छात्रिए,छायाराए,छात्राना
सुनता , कहूजी,साहूत,सातजी
रसायनिक ,कघु,कघु, नाघु
सेंक ,ठसारने,ठगरने,उहरने
बांधना ,पलसाती, सलसाती,झुलझाती
खलील ,दिखड़ी,दिलाड़ी,दिलाड़ी
आर्शीवाद ,रैबीव,उबीज,रैबीव
संपति ,थैन ,मौके ,मौके 
अनुषंगी ,अप्नेयास्त्र,अग्नेयास्त्व,अग्रयास्त्र
हबीब ,सलपोशी,गुलकशी,गुलवाशी
उड़े ,हटाने ,हटई ,हटाया 
पार ,जायेई,जादुल,जायेई
बदरंग ,गहबी, परीबी,सरीबी
अख्तरी ,पमड़,उड़ाड़,उठाड़
व्यवस्थाओं ,मगिस्तान,रेगिस्ताल,रेडिस्तान
बीतीरात ,पराधिकारी,सराधिकारी,प्राधिपरी
निराशाजनक ,आवेदनकताता,उवेदनकर्ता,आवेदनकर्ति
जलनिकासी ,कहने ,सबने ,पहने 
पर्चो ,अपथिर,अपथिर,अपथिर
ग्वाले ,स्मारियां,पमारिका,स्थारिका
पुरातत्वविद् ,पंचायतीराओं,पंचायतीराव,पंचायतीराव
संपन्नता ,लौटीं ,लौट ,लौटीं 
सूजल , उशम,रेशक,रेवम
पीडि़ता ,अर्रियकर,अप्रियकार,अप्पयकर
करियाना ,शुभकातक,शुभाचिंतक, अभचिंतक
लक्कड़ ,क्षुयाएं,क्रियएं,क्रिश्एं
मनती ,सलाध्यक्ष,जिलाकायक्ष, प्लाध्यक्ष
प्रभार , उजाने, उजाने, उजाने
बोगी ,कुख्यान,उख्यात,कुरयात
अंसतोष , कपई, कपई, कपई
मुर्गी ,लूल्ते, लूटेते, लूटेते
गुजरेगी ,ठेल ,गंलों ,ईंलों 
ऐतिहासिक ,फटी ,फले ,हेटे 
पिछडे़ ,अपबंध,अवबंध,अनुबंदी
तानने ,उंर ,झेंर ,बैरी 
मरीज , छात्ना, छात्ना,छाएना
सांतवें ,शफासत,शफाकती, अफाकत
स्कूल ,पोस्रे, कखरे,पोखती
थोथे ,जुटाम,जुकार,उकाम
महकेगा ,हेर ,हेतू ,डिमा 
महामंडल ,जलाराज,जलाएम,जलाकम
अनुसूचि ,बाइसेजत,बाइज्जना,बाइज्वत
कुलसचिव ,पारिस्थितिथि,पारिवथितिकी,पारिस्थातिकी
किराएदार ,सेहसियस,प्ल्सियस,सेल्सिद्स
प्रभंजन ,ऐंठे ,ऐंठे ,नाठा 
कविगुरु , गवामा, गवामा, गवामा
जगनिवास ,जीविर,जीवंर,जीवंर
संशो ,सरामना,सर्हना,सहहना
जागे ,नृड़ा ,तड़ा ,खींड़ा 
कार्यनिर्वाही ,घपन,घड़िलों,घपना
क्षतविक्षत , ककली, ककली, ककली
मानदेय ,कियागर, अयागया, अयागया
स्थानीयता ,साखूं,नाखूं,कखूं
सुलझाने ,खिदर्तगार,सदमतगार,पदमतगार
तीर्थस्थल , गस्तों, गस्तों, गस्तों
होम्योपैथिक ,सृंजना, सृंजर, सृंजर
गुनाह ,संकल्स,संककप,उकल्प
महक ,प्रोमादेवी,प्रमादेवी,प्रेमानवी
सुयोग्य ,उताओं,सतारो, बतारो
व्यूह ,बेतहाल,बेतराशा,बेतराशा
सजाते ,बिठा ,फूकी ,टंकी 
उठेंगी , लोहिने,लोमने, लोहिने
रुपैया ,नियुक्षायां,नियुवतियां,निरीक्तियां
पढ़त ,उचीकूद,ऊंचीकूफी,ऊंचीदद
शादियां ,प्याती,प्याती, बरीती
भैया ,निकबिंत,निकबिंत,निर्बिंत
दूज ,उछैती,कछैती, बछैती
मिलनेवाली ,कगुनी,उगुनी,उगुनी
कीडे़ ,फहनना,उहराना,फरिराना
खामियां ,कार्यवाद,काश्यवाई,सर्यवाई
खुशबूदार , ससाया, ससाया, ससाया
गूजर , पगाली, पगाली, पगाली
रूलाया ,कार्वां,कानूवां, कायवां
छिनैती , जशमी,जशव, जशमी
शिकायतीपत्र ,बहुचषी,बहुचषी,बर्भाषी
सदुपयोग ,गंच ,धीच ,गांच 
भीगने ,कार्यप्लाणाली,कार्माप्रणाली,कार्यप्रांणाली
मंगलयान ,सर्रात्मक,सकरात्रिक,सकरात्मन
करिये ,पकणय,मरिणय,परिणव
प्रकाशक ,उषित,उषित,पषित
मुख्यातिथि ,नोरे ,माला ,घरे 
प्रतिभावान , पजर, पजर,कंजने
मालाकार ,मौैची ,कैंथा ,हची 
टाईफाइड ,विधायस्जी,पधायकजी,पधायकजी
भाइचारे ,प्रिबोधिनी,परबोधिनी,प्रोबोधिनी
राज्यवर्धन ,लौटागी,लौटेरों,लौटेरे
प्रबन्ध ,लोंगो ,लोंगो ,नूग 
ढकेला ,फाड़दा, बयदा,फावदा
महुअर ,हीता ,गीते ,झाता 
बुना ,घृति ,मतो ,घृति 
चौपाई ,खासधारक,खाताधाभाक,मताधारक
दोषी ,यूएनी,यूनार,यूनाया
बहलाया ,उमयिक,सामझाक,सामयित
सबलता ,मकड़ने,पकसाने,पकराने
गुस्सायी ,प्टेलर्स,रिटेलर्ण,मटेलर्स
चढ़ाए ,मसंगत,सुसंगना,सुधगत
तपस ,जगल ,जगना ,जमाती 
वेटरिनरी ,हैलीयत,पसियत,उसियत
पैना ,अंदवानी,अंगरुनी, पदरुनी
अनुयाई ,थिरण,थिरना, थिनक
आसामी ,जमनात्मक,दमस्त्मक,दमनारामक
पचने ,उनोदिता,पनोदिता,विनोदिल
सौंपने ,समवापसी,नामलापसी,नागवापसी
दबोचना ,चकिये,चढ़ात,चढ़ात
गजा ,डीबी ,पबी ,डीबी 
क्षयरोग ,कौल ,जूझा ,बौल 
सर्वपक्षीय , बफूंदी,सफूंदी, बफूंदी
घिर ,पहुंनावा,पहनाथ,पहुंनावा
विधानाचार्य ,नूगा ,मगा ,तीगा 
अंधड़ ,जीवरासाथी,जीवनगथी,जीवनवाथी
राब्ता ,सिखों ,सरी ,सिखों 
जुडीशियल ,पढ़ार ,पठाना ,पहर 
अतरी ,मरीधर,श्रीधनों,सरीधर
ब्यौरा ,धरप्रीत,पनप्रीत,धर्प्रीत
जमीर ,उडराए,पडराए,पडराए
पुख्ता ,सुंदते,सुंदना,सुंदना
