﻿valid,invalid1,invalid2,invalid3
अरूणाय ,पनोरंजनकर,मनोवैजनकर,पनोरंजनकर
ढंकने ,बिखेरेखा,मखेरेगा,बिखेरगा
शिरक्त ,अलगानंदा,अलकर्दा, प्लकनंदा
रेखा ,मोहिये, उहित, उहित
अंशु , बमगा,तरागा,तमते
डायलॉग ,मधुवाम,मधुरण,मधुरते
नरक , अमलावार,हमरवार,ममलावार
हिसाबी ,सजूदा,पजूदा,मौखिदा
शीघ्र ,पर्दायशीं,पर्दावशीं,पहदानशीं
योग्यताधारी ,बीमाण,बीमाण,बीरते
होलिका ,आर्याकता,सर्थिकता,आर्वकता
दाखिलों ,समुनिया,समुनिया,जयनिया
शकीना ,गिरोधी,गिरोसे,गिरोसे
नपे ,तहरकात,तहराकात,तहस्कात
सेल्समैन ,प्रदर्शनपरियों,प्रदर्शनमंरियों,प्रवर्शनकारियों
मंडलीय ,मरामीणों,ग्रासणों,ग्राकणों
लौटी ,प्रह्बद्ध,प्रतिबद्र,प्रदबद्ध
व्यक्तिगत , किस्नी, किस्नी, किस्नी
जुझारु ,खराजों, बनिजों,कनिजों
लगान ,उसेवा,ससेवा,गौसेरा
परीक्षित ,हार्नियों,हार्तया, मर्निया
बताएगी ,मरंमती,मरंमन,मरंमय
क्रंदन ,डालिती, सलती,डालिती
पुस्तैनी ,पदाधिकारियको,पदाधिकारियाको,परधिकारियोंको
शासक , सछकर,पूछतार, सछकर
सूत्रपात ,आनंटपुट,आक्टपुट,आउटभुट
राष्ट्रभाषा ,चढ़ाचा,चमती,समचा
आक्सीजन , अरधानाध्यापक, अरधानाध्यापक,उरधानाध्यापक
विशांत ,पमींदार,जमींदान,जमींदानों
ध्वाल ,क्रांगवीर,सरांतिवीर,क्रांसिवीर
टपकती ,सुनायर,सुनाकती,सुनातर
गुहारे ,शैलेगा,शैलेगा,शैलेगा
सहेजते ,लडलों,लडरों, लगकी
गणेशोत्सव ,सषाएं,भाषाद,भाषादों
दुहराया , बचीले,लचीय,लड़ाले
कुर्सी ,खीन ,कान ,पान 
मशीनें ,सांड़ ,सांझ ,सांड 
प्राप्त ,पिटादी,पिद्ध,पिद्धि
मंगलावार ,चटती,चटता, चढ़ाकी
नशेडि़यों ,डैमो ,जूमो ,नसों 
कर्मो ,साधुवाया, अधुवाद,साधुरद
अर्हता ,उरझाए,मुलाझाए,मुरदाए
जीवधारा ,बूंजे ,पूंजे ,सहा 
चिन्तित ,वानप्रस्ती,वानप्रबाथ,वानप्रस्था
बचित्तर , अर्खता,मूर्शाता,मूर्वता
जनता , नन्र, नन्र, नन्र
सुयोग ,मंडरियों,मंत्रायों,मंहरियों
पकती ,अस्ताटेंट,अस्सिकट, प्स्सिटेंट
उपनिदेशक ,हवाडी,हमडी,हड्या
बेवजह ,पुनननिरीक्षण,पुनननिरीक्षण,उर्ननिरीक्षण
जनशताब्दी ,प्राजेक्शन,प्रोग्क्शन,प्राजेक्शन
छावनी ,संवाषप्रद,संप्षप्रद,संतोषप्रीद
मंडराती ,हूदु ,कोंदु ,कंदु 
फेडरेशन ,महवासियों,रहवाएयों,रहवासित
पंक्ति ,महंना,मथाओं,महंना
बेचारे ,बरनेवाली,बनानेत्ली,बरनेवाली
वनस्थली ,हाहापाई,हाथापाल,हाथानई
राजकिरण ,औकाना, ककात,औकारा
मुख्यमार्ग ,दुघर्टवाएं,दुघर्टनामा,दुघर्टबॉएं
थैली ,सिद्देश्वश,सिद्देश्यर,सिद्धाश्वर
गोचर ,उश्वबंधुत्व,विश्वविधुत्व,उश्वबंधुत्व
मयूराक्षी ,स्वरणिका,स्मरवाका,स्मरणियों
जलधारा ,तकनीशिकान,तकनीशियम,तकनीतियन
टकराव ,जकालतख्त,अकालनख्त,अनुलतख्त
बहुल्य ,उर्यालयाध्यक्ष, अर्यालयाध्यक्ष,कार्यलयाध्यक्ष
देनेवालों ,जनसफोकार,जगसरोकार,जनसफोकार
सांचे ,धर्मपट्नी,धर्मरत्नी,धर्मपट्नी
सरप्रस्त ,उलमीदे,उपमीदे,उम्मीरी
आमलेट ,उमएं,सठाएं, बठाएं
पुरुषवादी ,परिरता,परिरता,पसाइता
सरैया ,सर्भकाल,गर्भराल,गर्भद्ल
चरम ,अस्पतालकर्य,अस्पताध्कर्मी,अस्पतालम्र्मी
अंकुरित ,सहयुग,सतकाग,सतयुओं
भूकम्प ,तृप्पे,कप्ति, बप्ति
लीची ,समने ,घुमला ,घुमती 
अभिप्रेरणा ,क्रियाटर्स,क्रिकेटर्ण,परिकेटर्स
रेलपथ ,चिपन,उह्न,उह्न
मनोहारी ,व्यमहारिकता,व्यवहारियोंता,व्यवहाधाकता
जैव ,रसोईटेर,रसोईघट,रणईघर
ठाकुरों ,पुर्द,पुतजा, पुष्जा
जरुर ,परिपतिर,परिपत्व,पहपत्र
पंचकोसीय ,तस्त्रे,उस्वीरे,तलावीरे
समितियों ,अनहोशी, सनहोनी,अभिहोनी
नजरें ,मर्जदा, अर्यादा,उर्यादा
वितर्क ,उहाका,उहाका,ठण्का
पूर्वानुमान , सजैविक,अभिविक,अजैविधि
पालिका ,मवतियां,युवरयां,पवतियां
छानने ,नवकीन,नमकीय,नवकीन
ऑर्गेनिक ,हार्डवेदिर,सर्डवेयर,हार्मवेयर
मनायेंगे ,कोतगार,मषागार,कोषाहार
अनुमंडलीय ,दीपों ,दीपों ,दीन 
बिसार ,इमावती,ममारती,ममारती
बेखौफ ,जलना ,उलते ,जलती 
पंचनामा ,पूर्णरूपण,पूर्मरूपेण,जर्णरूपेण
फास्टफूड ,घग्रार,घग्घट,उग्घर
खरोंच ,पत्तावली,पत्यावली,पत्रावना
बढ़ें ,पत्वर्तन,परावस्तन,परावर्तम
डोसा ,दिलझएं,दिलदाएं,दिखावाएं
पैंशन ,पहषद,परिषरों,मरिषद
कथाकार ,तकखाना,तहखास,तकखाना
फोटोग्राफर्स ,पगलदल,मंगलदन,मंगलादल
सरायवाला ,तंज ,तंज ,मोबू 
कलियुगी ,लाचात,लाचात,लाचात
पाद , प्हाप्रबन्धक,महाप्रबन्त्क,पहाप्रबन्धक
छूटे , बदय,हृदने, बदय
पसली ,बनलने,मदलने,उदलने
धोखेबाजी ,शिवस्यान,शिवराथान,शिवरथान
टिंडे ,घुदी ,जादी ,जादी 
आदी ,दिलझाद,सलशाद,दिलशाही
गुत्थम ,सथासंभव,यथासंवाव,यथासंभर
कब्जाए ,उस्तिक,आस्त्क,आस्त्क
कटवा , अरीतिलता,प्रीक्लता,मरीतिलता
वीडियोग्राफर ,अरोसे, अरोधी, अरोधी
भैय्या ,अर्शाय, सर्घ्य,मर्घ्य
लोकसंगीत ,थटी ,घोंटी ,दीटी 
संभल ,तिरमिलाए,सलमिलाए,सलमिलाए
डिपों ,चिकित्रीधिकारी,चिकित्साधिदरी,चिकित्रधिकारी
साफियाबाद ,शोकराभा,शोकलभा,शोककभा
हड़कंप , सपिस,वापियां,उपिस
भरायी ,आसाञा, बज्ञा,उज्ञा
मधुमंगल ,दृष्टिमाण,प्ष्टिकोण,दृष्टिकोप
चकेरी ,उचपाल,मचपाल, पचपाल
स्वल्पाहार ,प्माजसेवा,प्माजसेवा,सत्जसेवा
जनस्वाभिमान , वाहस, वाहस, वाहस
रीठा , साछा, साछा, साछा
डिग्रीधारक ,मरसाते,बरमाते,बरहते
आननफानन ,समागी,सजागी,सजेय
विद्याकर ,जनप्रतिनिक्यों,जनप्रतिपधियों,उनप्रतिनिधियों
खेलीं ,उयेगा,उयेगा,आयेय
सत्रीय ,समिनाया,समिदाया,पमितिया
प्रश्नकाल ,अल्यावृष्टि,अधिपवृष्टि,अल्पक्ष्टि
ऋषि ,अंपायरिंट,अंपापारिंग,सपायरिंग
ठगने ,उढ़वा,उढ़वा,उढ़वा
स्वीकारने ,उक्षु,चलाषु,चढ़ाषु
ठंडी ,पकसान,नुकसाया,नुककन
कार्मिक ,भूषा ,रौले ,भूतों 
खरीदीं ,बलाद ,सलाने ,सहद 
छोरी ,मूजे ,भांडा ,मूजे 
प्रज्जावलित ,उनसरों,उनसभा,उपसठ
भरेंगी , बमाता,पमाता,पमाता
करिश्मे ,बैरखी,बैठखी,बैशानी
गणित ,प्जनीतिक,राजनीलैंक,रामनीतिक
साध ,निष्ठिम,निष्ठम,निभाकाम
लिखता ,सखमली,मखमति,पखमली
ज्ञानशाला ,यूरी ,ताड़ी ,चंरी 
मधु ,अभिराहन,अधिराहन,अपस्हन
मानसूनी ,साखीं, बाखीं,बखीं
असली ,बिगुने,बिगुना,सगुल
चिंतामुक्त ,अमर ,सहर ,समने 
लाकर ,झींगुने,झींगुल,कगुर
बेंचना , सप्पे, सप्पे,चमपे
मचती ,पहचानकर्य,पहस्नकर्ता,पहचाधिकर्ता
मोहलत ,नंड़ा ,रोता ,गुड़ा 
घाटशिला ,वनकाज,वनवाज,वनदाज
खटखटाए ,सशावतार,दशावर्र,दशावरर
खरोंचे ,उड़ने ,फोड़ना ,फोड़के 
रूकेगी ,विस्हर,विस्हर,विराहर
हरेन्द्र ,नहादु,नगदु,कवेंदु
महाभियोग ,उधती, कधती,बंधर
लोकाचार ,दिलझाना,दिलकना,दिलझाना
सहारे ,दीनने, दीवाता,दीनते
चित्र , नाचस,नाइये,नाकास
सांस ,वेटलिसटिंग,वेटलफ्टिंग,वेटलियाटिंग
राइजोबियम ,पविष्कार,अविष्ठार,अधिष्कार
खाना ,सरातत्व,पुरातत्री,पुरामत्व
ताल्लुकात ,पैत्कारी,पैदाकारी,पैरोबारी
भौतिकता ,दिव्हीन,दिशाहीत,दिशालान
सलौनी ,उभरण,उभक्ती, सभरती
रामनरायन ,संस्र्षपूर्ण,संघर्षपूर्मी,संस्र्षपूर्ण
रौंद ,सदाचाल,उदाफल,मदाफल
उजड़ ,आशानुरूपी,आशानुमाप,आनंनुरूप
म्यान ,बाया ,फैया ,कैया 
खड्ग ,टरकाओं,टटोकाया,टककाया
गहराई , अडापानी,ठंडापाठ,ठंडापात
वनाधिकार ,हालती,हासिती, हादती
तख्ता ,तहसता,उरसता,तरमाता
शिथिलता ,टूटेरों,टूटेरों,टूटेरों
अभिव्यक्त ,सीमान्ट,सीमान्द,सीमान्द
निवासी ,लेंटती,लेंटते,लेंटते
शायरी ,बंदते,बंजागी,बंटागी
योगाभ्यास ,पशुगबाना,पशुगणवीं,पशुद्णना
लगानी , ककाए, ककाए,चुभए
भाल ,टिफिना, उकाना,टिकारा
नायाब ,पनबल,जनदाल,जलबल
तेजस्व , चुभई, चुभई, चुभई
समायोजक ,तेजस्वस्प,तेजस्वर्प,तेजस्वरूण
बहाना ,बता ,हेटे ,बयां 
वायुसेना ,मछ्वाव,सछ्वाई,सहवाव
मारा ,जंचलों,सगलों, कगलों
धानक्रय ,सैंल ,आंल ,आंल 
वैज्ञानिक ,चालएं, बहिएं,उहिएं
स्टीकर ,धनवर्थ,धनवर्म,धमावर्षा
विदायी , अरिभाषा,परिजषा,परिजषा
मित्रवत ,कमझा,पमझा,सबझा
हरियाणवीं ,गौमांडो,कमांस,गौसेस
मुचलका ,ज्योर्तिशीग,पयोर्तिलिंग,ज्योमीतिलिंग
रेलखंड ,पशिंगटन,वामगटन,वाशिंगटक
बांसी ,जियोग्राम,जिलाग्राफी,जियोग्राज
उग्रवादियों ,प्रेचारिणी,प्रतिरिणी,प्रेचारिणी
दवायें ,आश्एगा,आइचागा,आर्एगा
अन्तिम ,प्राशंसक,प्रोशंसक,प्रमसक
सोच ,श्रद्धांजय,श्रह्धांजली,अरद्धांजली
प्रखण्ड ,जीविती,जीतरा, पतती
लालसा ,राजनीतिलिंञों,राजनीकज्ञों,राजनीतिज्य
बालरूप , आपाली, आपाली, आपाली
कोट ,उपद्रोवी,उपद्धवी,मपद्रवी
लड़ने ,दूग्र,दूसध,दूल्ध
सूफियाना ,सेंट्टिल,सेंट्ठिल,पट्रल
दुस्साहसिक ,बाराल,बाराल,बालिल
लपटें ,हरिवाई,हलझई,हलझई
साया ,मध्लेदार,मसालेषर,मसालेटर
ध्यानाकर्षित ,सत्यावरही,सत्यावरही,समायाग्रही
अंशदान , बथाह,पथाह,सथाह
फीचर्स ,बंटाशें,पदिशें,बंदिब
पवनसुत ,स्वीनर,स्माकार,स्वीकाओं
कटि ,जरूरसामंद,सरूरतमंद,जरूरतगाद
आयुसीमा ,परख्यात,प्रिख्यात,प्रख्यास
तलाशने , आवानी, आवानी, आवानी
समझती , बीकना, बीकना, बीकना
पढ़नी ,उबूत,सुलत, पबूत
सतीत्व ,परिक्रूरता,पशुक्तिरता,पशुक्षेरता
पहूंचे ,तरकरी,तस्कता,तस्कते
समाती ,ब्लॉकस्तताय, प्लॉकस्तरीय,ब्लॉकलतरीय
आसमान ,नेस्तस्बूद,नेस्तस्बूद,नेस्तकाबूद
शत्रुहन ,बिठाटा,बिट्ठा,बिछटा
दूरदराज ,बहटे,बहटे,बहाटे
राइफलें ,मृत्तन्जय,मृत्युन्जलि,जत्युन्जय
बेचैन ,खड़े ,नौंपा ,ब्पा 
इमली , थूकर, थूकर, थूकर
प्रविष्ट ,बढ़ाक ,बहरा ,बहरी 
ऐंठे ,अनानाकार,अनाधिकारों,मनाधिकार
हाथोहाथ , उब्र, उब्र, उब्र
बीमारी ,उद्धी,सिमधी, कद्धी
सजगता , सढ़नी, सढ़नी, सढ़नी
पहुचाएं ,अनुसंधानल,अनुसंधारिक,अनुसंधारक
हीरेवाला ,अपकूल,पनुकूल, सनुकूल
बरसाई ,पूरन ,पूछेन ,बजन 
घंटिया ,सहकने, अहकने, अहकने
परिवर्तनकारी ,टूर्यामेंट,पर्नामेंट,टूर्नाशट
एकाकार ,सशीले,नशीष, बशीले
बचायी ,अनुपक्षण,अनुरसाषण,अर्रक्षण
मालिकाना ,यशर्थ,यमर्थ,यथार्स
अलगाववादियों ,ब्रह्मजीड,ब्रोंह्मकुंड,ब्रह्महड
शिक्षार्थी , वक्न, वक्न, वक्न
ख्याल , अर्रत,जुर्जत,जुर्वत
चस्का ,मृदवाड,मृदरड,मदभांड
ठोकर ,निर्ठावान,निष्ठाइन,प्ष्ठावान
संयत्र ,पछेगा, बछेगा,उछेगा
जनकवि ,तालाबड़ादी,तात्बन्दी,प्लाबन्दी
कामधेनू ,कवाल ,सबल ,समल 
