﻿valid,invalid1,invalid2,invalid3
छूरी ,अर्यावरणविद,पर्यावरवाविद,पर्यावकणविद
इतंजार ,पमाता,पमाता,पमाता
सर्वाग ,उत्सान,उत्तह,उत्सान
पट्टा ,वात्समय,वाकसल्य,वात्सल्ला
बेगाना , पजवान,नौकवान,नौजरन
रूझान ,सीटिने, सीढि़ने, सीढि़ने
झूमने ,इंद्रियर,इंटीरिक्र,इंसारियर
तजुर्बेकार ,रोड़ेटिक,रोमांडक,रोमांडोक
छौंक ,कार्मक्रमाधिकारी,उर्यक्रमाधिकारी,विर्यक्रमाधिकारी
घूरा ,पएनटी,सीएनर,सीएनती
बजट ,दहदा,दवादा, उरिंदा
मैकेनिकल ,मजेक्शन,रिपूक्शन,रिस्क्शन
पुकारता ,सताइयां,समइस,सरइस
पत्तल ,इन्वर्टन,इन्वर्मिर,इस्वर्टर
फैलानी ,अकस्मानों,अनुस्मात,अकस्तात
बहुएं ,काव्पोरेशन,कार्वरेशन,कार्पोरेसिन
सहजनी ,कम्रनेंट,कमपोनेंट,कम्पोर्ट
चीड़ , बहुँचे, बहुँचे, बहुँचे
क्षेत्रीय ,लौंना ,लौंना ,नींना 
यशवन्त ,कुशते,कुत्रों,कुत्रों
बदतर ,सारंटी,सारंटी,साड़िगी
बुझानी ,स्वाकारते,स्वीभरते,स्वीकारक
कुदृष्टि ,मरहवां,परहवां,बारदावां
नीति ,आसाट, उहट, उहट
दिलावर ,ईंटों ,ईंटें ,धुटे 
मुफ्ती ,महआरों,मछुआत,मछुड़रों
फैलनी ,समाचाने,समाचाने,समाचाने
भेदने ,शरान,शक्न,उगुन
भराई ,पमछा,गरछा,कमछा
इकरार ,स्वायवात,स्वायकात,पवायत्त
उलझी ,विद्यार्यिनी,विद्यादातानी,विद्रदायिनी
संघवाल ,गैरक्जिर,गैरहापार,गैरहाजिले
आयुवर्ग ,पकटा, बलटा,पकटा
ठिठकी , कद्य,कद्धि, कद्य
धर्म ,दमशाई,दर्तई,दर्शाही
षष्टी ,मवनदान,पवनदान,पवनदान
तार ,प्रेसवार्मी,प्रेसवादिता,प्रेसवार्य
शस्त्रधारक ,व्यायाहारिकता,व्यावहारिकर,सयावहारिकता
सहायतार्थ ,सोफे ,टंचा ,सोचे 
पारलौकिक ,सलाएत,उलामत,सममत
भण्डार , खर्न,खनता, खर्न
लिखवाई ,अपरौली,अतकाली, अनुरौली
व्यक्तियों , हटाका, हटाका, हटाका
प्रवीन ,सभनीय,शोभवय, अभनीय
स्तन ,पुननमतगणना,पुननमतगणना,पुर्नमस्गणना
लंबरदार ,गैरजिलामेदाराना,गैरस्म्मेदाराना,गैरह्म्मेदाराना
नशाबंदी ,उतौर,बतौड़ा,उतौर
नौकरशाही ,ताकील,पकीद,ककीद
भिगोने ,कचोबीता,कचोटरों,कचोटरों
गुरुवाणी , लुहाया,लुटिका,लुटियों
उपलब्धि , बपूर,पपूर,पपूर
कौशल ,आग्रण,आग्गिह,आग्रते
प्रवाचक ,बताई ,बहाई ,बढ़ाई 
नाज ,डला ,डरी ,डले 
वृद्धा , उराज, उराज, उराज
वेदमित्र ,कहूंं,नाहूंं,बहूंं
खरीदी ,नवें ,नवें ,ब्ये 
अंगवस्त्र ,गौरवमन,गौरवमक,गौरवमक
मुख्यध्यापिका , नाढ, नाढ, नाढ
बहानेबाजी ,सबिनेट,सबिनेट,पबिनेट
तराश ,हिबे ,डूबीं ,हिबे 
निकाह ,सुधजन,सुधजन, उरजन
खुबसूरत ,आत्रएं,आममाएं,आत्रिएं
बन्धक ,लोगों ,लोगाें ,लोटा 
चकली ,सर्भावना,सदभावती,सदयवना
चखा ,मुंडू ,डोंडी ,डोंडी 
लाएं ,मठुरती, अठुरती,मठुरती
धंसे ,खैके ,चूहों ,खैके 
चहेती ,कलाशे,सलाशे,पलाशे
खुलेगी ,धनशाई,पराशाई,धड़शाई
टिकेश्वर ,बंदूना, कधना, कधना
मरम्मतीकरण ,अत्कृष्टता,उत्मष्टता,जत्कृष्टता
करारे ,सरझेगी,पमझेगी,उमझेगी
सांकृतिक ,उगी ,उगी ,उडे़ 
धुंधली ,कृचा ,कृचा ,कृचा 
घेरा ,पसूलकर,वसूमिकर,वन्लकर
सुनाते ,दूंडे ,गुंडों ,तीडे 
सुरताल , पंहुक,पंचते,पंडिक
जनाना ,उनोगी,उनोगी,बनोखे
टहलें ,वेंटीग्टर,प्टीलेटर,प्टीलेटर
संलेखना , अरयोगशाला,प्रयोगशाह,प्रयोगशाही
कुबूली ,अनुवान, सनुमान,मनुमान
बरगलाकर ,पप्तसती,सप्तसकों,सप्तसकों
चुराये ,संभक्ते,संचालते,संभरते
प्रंसग ,जगरबत्ती,अगरबद्ती,अगवबत्ती
बढे़ ,महायत,सहाकत,सहाकत
शुभकारी ,कयिकी, बयिकी,कयिकी
उद्यानिकी ,आजमाइयों,आजयइश,आत्माइश
चिक्की ,पहरेसिर,पहरेटर,पहरेशर
सहस्त्र ,युला ,सुधा ,युला 
छींटें ,परस्त्मा,परमान्मा,परक्त्मा
ध्वजाधारी ,कस्बानिसी,कस्बारिसी,सस्बावासी
वृहद ,सामषात्,साक्षाली,साक्षाली
जागरुक , कजेगी, कजेगी,उजेगी
छत्रधारी ,ताराजुब,तारजुब,ताज्जिब
यज्ञ ,सरमानी,सरमानों,सरहया
विकेटों ,सगतनी,पगतनी,भुगमनी
झांकें ,पेंसिट,उमेंट,पेंमेंगे
नवसृजित ,चित्रणाटधाम,चित्रकूटधान,चित्रसटधाम
धंसने , उटकता, उटकता,भरकता
रिश्ता ,सप्ताक्भर,सप्ताक्भर,सप्रेहभर
भांजी ,अभिरिचित,अपरिचिका,अपरिक्त
विश्वगुरु , असदीक,तसलिक,तसदीय
बांज ,प्रजापद,प्रजापन,प्रक्पत
व्रत ,मुंज ,नज ,झींज 
निर्वासन ,पयौरे,उयौरे,ब्यौता
मिट्ठु ,समवत्र,सत्वत्र,सर्यत्र
गृहजनपद , मित्य, मित्य, मित्य
छड़ ,पूँलें ,जिलें ,बोझा 
मृदुला ,तब्बाल,तब्बाल,उब्दील
सूचीबद्ध , कगीना,उगीना,भगीचे
दागा ,पाईं ,नींन ,धंन 
मैगजीन ,निष्क्षरता,निरह्षरता,निरक्षरम
सियार ,लिन ,लिन ,खूबी 
गौरवमयी ,छुट्वाने,छुट्वाने,छुड़वार
रात्री , घड़िना, घड़िना, घड़िना
चलित ,लिखावली,सखावट,लिखाकट
असम्मान ,बुद्धिकृता,बुद्धिपता,बुद्यामता
शिशुपाल ,फरली,फरली,फरली
धड़ल्ले ,मचकेंगे,सचकेंगे,हिदाकेंगे
टकरायी ,प्रतिवेगता,सरतियोगता,सरतियोगता
लिखा ,दरें ,दबा ,चूबी 
वसुधा ,उलाएं,बुर्एं,बुद्एं
रुकमनी ,दौड़ी ,दौड़े ,झौंडे़ 
पुनर्वासन ,पगजों,पगजों,कानूजों
नियमितीकरण ,साड़ी ,मैंधो ,बोधो 
प्रतिभागिता ,नोचे ,औंच ,येच 
दहेजलोभी ,पंचकल्यापिक,पंचकलयाणक,पंचकल्याधीक
स्वंयसेवी ,गोंने ,रोता ,जूने 
बंटे ,लुभावली,लुभावर,लुभासनी
मलाल ,थरे ,थरे ,धरा 
दौरान , कगु, कगु, कगु
षष्ठी ,ममान्य,सरन्य,समायय
निपटाए ,संवेरामपुर,संग्रालपुर,संग्रेमपुर
बढ़ानी ,प्रांबंध,प्रबंदी,प्लाबंध
रथी ,उनेंगे,पनेंगे,बहगे
घटनाएं , उसाना,फंसार,फंसार
बंसत ,तात्कालीस,तात्यालीन,तात्यलीन
सज्जनों ,सनना ,छीनता ,बनना 
फूलपत्ती , ताकका, ताकका, ताकका
अखंड , कूल्ना, कूल्ना, कूल्ना
अधिकारिक ,फिसरमंद,फिक्रदाद,फिरोरमंद
बोये ,ग्रूष,उरूप,ग्लाप
जादूगरी ,प्रमाय,मरणय,प्रणयों
इकलौते , सढ़ाव,उढ़ाव,चमव
नहलाकर ,एसाइनकाट,एमइनमेंट, प्साइनमेंट
असमानता ,कन्यादारी,कन्यात्न,कन्यादारी
अलंकरण ,बुराए,बुराए,बुराए
खत्री ,विपषिका,विभीषियों,विभीषियों
उम्रभर ,कार्मति,कार्मय,उर्मस
अभिमन्यु ,कूदे ,मेंट ,कोंट 
रोकती ,घेह ,शाक ,धह 
सनसनी ,ऐंड़ी ,साफा ,सैंड़ी 
गलेगी , पनान,स्नाया, पनान
वरण ,एबीघाम,एक्एम,एबीवाम
वन्दना ,यकीनर,यकीनता, अकीनन
रंगबहादुर ,अवलील,पश्लील,अनुलील
साजों , खरीकी,खराकी,खर्की
हैडपंपों ,नियुक्ष,नियुक्षा,निकाक्त
जीवनदायनी ,पसिस्टेंट,अभिस्टेंट,असिस्टेंसी
भेट ,जलाएनी,उलावनी,पलावनी
पूर्वी , प्रबपति,अरमपति,अरक्पति
टटोलना ,हुनवामंद,हुनवामंद,हुनरमंडी
अदब , घुसेना, घुसेना, घुसेना
परिक्रमार्थी ,बरस्ट्ठा,बरकशीठा,बरककठा
प्रामाणिकता ,मार्मशीट,मार्कशील,मार्कशीष
पाताल ,शिले ,घीले ,शैली 
चढ़ती ,मुकाइला,सकाबला,मुकाबड़ी
पुस्तिकाएं ,विवाष,विधाष,विधाष
दीवानगी ,लिंगड़द,लिंगड़द,पगभेद
रंगना , प्हसमन्वयक,अहसमन्वयक,सहरामन्वयक
तिलकोत्सव ,प्त्रधार,सूत्रपार,सूररधार
जेठानी ,सजेंसी,पजेंगी,सजेंडा
ढैला ,कर्यवीर,प्र्मवीर,कर्मवीय
ढूढ़े ,विशेश्रर,विशेश्वन,विशेश्वती
संकट ,शक्कता,शक्कती,शक्कने
बननी ,दिनकती,दिनकार,दिनकता
दलो ,कुटीले,उटीर,कुटीले
क्षत्रिय ,सींप ,ताशे ,रैप 
अभिनव , कखला, कखला, कखला
सुलझाया , बईबी,उईबी,कईबी
कंप्युटर ,प्रेमानंदा,सरेमानंद,मरेमानंद
हींग ,परीदता,मरीदता,खर्दता
महारूद्र ,किदा ,गेंहूं ,गेंदें 
देवीमय ,सटा ,सबों ,जॉजी 
नाकारा ,चाती ,भोंती ,बीवी 
पैकर्स ,बहुप्द्देशीय,बहुउद्धशीय,बहुउद्याशीय
सर्वशक्तिमान ,मुखाड़ेफत,मुखानुफत,मुखालब्त
लहलहाएगी ,दुर्लता,दुर्लना,दुर्जभ
व्यासमुनि , दुबरू, दुबरू, दुबरू
पहाड़ी ,सहवेश,मर्वेश,सर्जश
फहराएगी ,मुक्दें,मुराए, सरादें
पुष्पवर्षा ,जोक ,ऊंक ,ढ़ाक 
पर्वतारोहण ,प्रतिक्षेलय,प्रतिष्षालय,प्रह्क्षालय
पलटने ,धांमी ,भूत ,जौमी 
आश्वस्त ,उफती,हांफड़ा,हांफन
करवाती ,प्रस्रोध,प्रतियाध,प्रतियाध
खिलेंगे ,घबराज,घड़िराता,घड़िराता
जलवा ,समीपरार्ती,सम्पवर्ती,समीपरार्ती
टखने ,बारिल,बारिल,बारिल
देरशाम ,स्वरोमेगार,स्वरोस्गार,पवरोजगार
हाड़ ,नोंटा ,गांटा ,नोंटा 
पितृत्व ,संक्षति,संक्षिति,संक्टति
तनदेही ,प्रेममूलति,सरेममूर्ति,प्रेरमूर्ति
गिरा ,उर्दुल,शास्दुल,शार्तल
पहनेंगे ,भण्भरा,भण्भरा,सरभरा
कर्तव्यनिष्ठ ,यौने ,रुने ,खांने 
़कानूनी ,मैक्लोजिगंज,मैक्लोडगंधा,मैक्षिडगंज
करू , झोंकड़ी,झोंपना,झोंपना
उत्पात ,जनकदुलाप,जनकल्लारी,जनकदुलाएं
सुरजीत ,उपटाया,पपटाया,सपटाया
उलंघन ,कठाएं, बठाएं,सठाएं
जलाने ,सिगाया, सिगाना,सिगाने
सरपंच ,हैटी ,बॉटी ,बॉटी 
छीनीं ,बाधारों,बाराएं,सधाएं
चेकें ,मधीक्षण,सधीक्षण,अधीक्शण
विपणन ,सरिणिता,परियता,पहुंणिता
चचेरा ,घरवाना,घड़िवाली,घरकली
मैचों ,महासरों,सहासर,महाड़िर
तरंग ,कालबजारी,कालाबजाम,सलाबजारी
उपाध्याक्ष ,मानवट,मानपता,मारवता
मनसूबे , साघा, साघा, साघा
बेसहारों ,मिन्रण, अश्रण,मिश्रते
कार्यपालक ,लोकामित्र,सकमित्र,लोकमित्री
जमीनें ,नोरों ,नोरों ,शेष 
अध्यापक ,मुद्ल, मुर्ल, मुर्ल
विडंबना ,सुविदार,सुवितीर,सुलचार
दोगुने , चीखनी, चीखनी, चीखनी
ठहाके ,चुभनु,चुन्य,चुन्य
बाले ,प्रज्ज्वरूत,प्राज्ज्वलित,प्रेज्ज्वलित
दोहराए ,चिंहिनी, उहित,चिंहिनी
पनघट ,मरगाह,दरदाह,दरहह
उठेगा ,जनसुषधि,सनऔषधि,जनऔषणों
अफसरों ,पलाएंगी,मलाएंगी,पिलाकगी
अचंभे ,कात ,बुरे ,ऊँत 
एजेंट ,मरुभक्ति,गुनभक्ति,प्रुभक्ति
नातेदार , उराठी,महीठी, उराठी
संविदाकर्मी ,तर्कवाल,तर्याशील,तत्कशील
वर्गों , बपों, बपों, बपों
मंगला ,नीलात,नीयरी,नीतित
छूकर ,पथप्रदाश,पथप्राकाश,पथप्रकाओं
आनाकानी , बलिद, बलिद,सलिद
बहुविकल्पीय ,रचाकता,रचाकता,रचालर
धृति ,गर्मानों,गड़माया,गर्वया
स्वतंत्रता ,सतकाने,सतरार,सतकाओं
कूढ़े ,मंगाली ,मंहली ,मंगने 
एकल ,दाखिव,दानती,दानती
कच्चा ,उरहाल,उरहाल,सरहारों
मकैनिकल ,हुमी ,तंमी ,हारी 
नश्वर ,कराचार,उदाचार,कराचार
