﻿valid,invalid1,invalid2,invalid3
शत्रुधन ,सिद्धान्थ,सिद्यर्थ,सिलेधार्थ
बुलंदी , कख्या, कख्या,मुर्या
जडे़ ,खेलेंत, उलत,खेमत
शुष्क ,सलाहरिर,सलाधिकार,सलाहकाओं
महके ,तबरू,तबरू, तपला
लूटने ,महकज,महकज,मनोफूज
फलन ,पचांयर,पचांयर,पहयत
मिलेंगी ,मार्हत,मातहरी,मालहत
बेताबी ,मरशिक्षु,प्रवाक्षु,प्रशिक्त
टीके ,तैफ ,जीफ ,हांका 
नशेबाज ,पैथोलोजिस्ती,पैथोलोकीस्ट,पैथोलोजिस्था
प्रविष्टि ,पीछाकते,पीछाड़र,पीड़िकर
संस्थाओ ,पूछीं ,चाँजे ,टैजे 
चमरा ,डसा ,शंसा ,घसा 
टिकट ,काराटर, अउंटर,काराटर
वाचन ,उगालो,उछाड़,उगालो
सोचने ,सर्वासिण, अर्वागीण,सर्वागीत
निदेशालय ,रोहिये,रोहिये, रोमांन
फेंकवा ,खरीची,खत्ची,खदेची
फैनी ,निखलाता,निकरता,निभारता
कमानी , असिखिया,मसिखिया,नौसिखिला
मोक्षधाम , अलाशता,तस्शता, अलाशता
कसकर ,अभिहताएं,अर्हताल, प्र्हताएं
सप्तर्षि ,भुक्तभोज,भुक्तभोर,मक्तभोगी
भागम ,बांटेंनी,बांटेनी,बांटेनी
जिम्मा ,मिलओ,मिर्ओ, उटाओ
जायजा ,अगा ,दूंगी ,देंगा 
वैज्ञानिकों , उलूस,जूझस,जूझस
प्रीत ,नगीलो, कगीना,पगीना
खद्यान्न ,मैथिर,मैथिर,मैथियों
दुर्भर ,कमा ,डंमी ,चिमी 
छिप , सटारा,उटारा, सटारा
जूता , सलती, सलती, सलती
प्रैक्टिस , बवेशी,सवेशी, बवेशी
अग्निशामक ,स्टूरे,स्टूरे,स्टूरे
इमारतें ,उलकुंड,जमाकुंड,जयकुंड
चित्रपट ,प्लाएं,प्लाएं, प्रांन
सिद्धियां ,विमानपूत्तन,विमानपत्रिन,विमानपत्रन
कर्तव्यबोध ,अंगयारी,अंधिरारी,अंधिवरी
भंडरा , चालाएं, चालाएं, चालाएं
विक्रेता ,पपटमार,झपरामार,झपटदेर
दादू ,सेवांश,कवांए,सवांए
चकोरी ,गुरूजय,गुस्जन,गुरूआन
दैहिक ,सुर्द,सुर्द,सुर्म
प्रतिवर्ष , प्जनोपरांत,पूजनापरांत,जजनोपरांत
जयहिन्द , प्सलकर,फिसलब्र,फिसलकता
हिरण , पिछनी, पिछनी, पिछनी
घुमाना ,सछतांछ,पूंछड़छ,पूंछतांग
उंची ,दांपटाय,मपत्य,दांपत्र
जुटाना ,रुस्एगी,रुपएगी,रुखएगी
अनुज्ञापन ,गन्तवाय, अन्तव्य,गन्यव्य
दंडवत ,उश्ती,उश्ती, सश्ती
दशरथी ,अपदाजा,अन्द्जा,पन्दाजा
उद्धेश्य , कजता, कजता,पजता
आयतें ,तरैस,तरैक,तड़या
गाढ़ ,डोंद ,डोंद ,भोंद 
पंचर ,सार ,नीेर ,बॉर 
शूर , बछी,नाछी,नाछी
शिल्पोत्सव ,दत ,पीपा ,पीठों 
खामोशी ,अंजारों,अंजाई, पजान
सदमा ,कर्बारी,उरोबारी,करोपिरी
दराज , उहरी, उहरी, उहरी
मोटरे ,उनाओं, कनाओं,उनाओं
करमुक्त ,मायायम,मानयम,पध्यम
पकौड़ी ,रूस्वाया,उकवाया,रूकलया
मिठुन ,काउंसग,सउंटिंग,कारटिंग
कुटे , उहरा,चेष्रा, उहरा
रुकवाई ,भ्रुचि,भ्रुखी,भ्रुचि
दूकान ,अभिलेय,अभियोय, सभिजय
दबाए ,बेमती, बेतुन, बेतुन
चूम ,विचाल, विधाल,विचाल
फंसना ,महुंचेगा,महुंचेगा,पकचेगा
पसंद ,शुद्याता,शुभेधता,शुभेधता
सहगामी ,सम्रपत्र,ताम्रसात्र,अम्रपत्र
सिस्टमेटिक ,उठाकगे,उठाइगे,उलएंगे
त्यागो ,फरिराटे,फर्शाटे,फर्मिटे
मेजबान ,सोख्स,सोचेता,सोख्या
बोई ,परुति,परुति,करुति
भिक्षुणी ,कन्याज,मन्नौज,कन्द्ज
घुसने ,उल्लाना,चित्लाना, सल्लाना
अप्रिय ,उपासत,उपाकना,उन्सना
आर्शीवचन ,निर्रकर,निखड़कर,निस्रकर
पीठ ,बहुचानी,बर्रानी,बहुमुनी
खडंजे ,सैन्ही,सैयय,सैलाय
व्यस्क ,गोड़ाना,गोष्ना,गोड़ाना
आत्मन , बएं, बएं, बएं
बराबरी ,चुनौतीपूर्मी,चुनौतीवार्ण,चुनौतीपूज्ण
मिटाया , उरेक, उरेक,हरेनों
अमृत ,अंतगर्थ,अंतगर्मी,सतगर्त
निराशा ,दोहराज,दोहराज,दोस्राना
जलना , अभकने,भभक्ने,पभकने
वेशधारी ,पर्घटना,सर्घटना,दुर्याटना
पद्मलोचन ,मंगलहाय,मंगलब्य,मंगलामय
चरितार्थ ,मार्नीयों,माननीति,माननीश
तुला ,वोवी ,हृावी ,चौंवी 
कर्फ्यू , गहडी, गहडी, गहडी
मायने ,मुक्र,मुद्के,मुहाके
दिनभर ,महायम,मध्येम, सध्यम
बखेड़ा ,श्वेया,श्वाया,श्वांया
पदस्थापित ,स्वगित,स्थरात,पथगित
इंटरलाक ,गोसंरक्ष्ण,गोसंरक्षरों,गोसंरक्षता
विकेटकीपर ,वर्गड़ाटर,वर्गमीपर,पर्गमीटर
छुटे ,बिखती, बिखना, बिखना
शिकागो ,जयदाखिलाफी,वाष्दाखिलाफी,वानदाखिलाफी
हवायें , कफना,दफल,दफल
टूरिज्म ,कविधा,पवियों, बवियों
जुटना ,सचिकर,सचित्री, मचित्र
क्रीड़ा ,सरीबों,सहखे,सरीबों
जलाशय ,पलदो,पकदो, सर्दो
यत्न ,आजजित,मयेाजित,आयेाजिमों
नियुक्ति ,लतियां, बतिका,उतिका
महाकवि ,वैर ,वैध ,पांन 
व्यावसायीकरण ,हलाहन,उलाहल,हलाएल
सहजना , कताए, कताए, कताए
बढ़ाया ,गैरसरकाश,सरसरकारी,गैरतिरकारी
डीडीआर , असीबा, असीबा, असीबा
पंक्षी ,प्वाहिताएं,विवाहितैएं,सवाहिताएं
भागे ,सरिचय, अरिचय,परिचने
आवै ,लेंने ,तास ,लेंने 
नुक्सान ,भेला ,छोला ,हिंला 
उद्योगपति ,उहयेाग, अहयेाग,समयेाग
परिवीक्षा ,खांक ,रेक ,खांक 
नयाब ,सदाकदा,यशकदा,यदाचादा
वेषभूषा ,उपदंडाधिकाओं, प्पदंडाधिकारी,पपदंडाधिकारी
अनंग ,कतिरोय,कतिपत,कतिपति
नजराना , उर्त,पहत,पहत
प्रत्यर्पण ,समेराने,समेन्ने,समेटरों
स्टेपलाइजर ,मोहचेबंदी,प्र्चेबंदी,मोमचेबंदी
समझिए ,तांत ,ऐत ,रागों 
दरिद्र ,झुठसाया,झुलसान,मलसाया
बढ़ती ,स्नेहिशों,स्वहिल,स्नेहिशों
पूर्वोत्तर ,धमझाने,उमकने,धनकने
मोक्षदायिनी ,विमां ,हिमां ,मेमां 
मौलिक ,उपाती,उपाती,उपाती
पिलाएगी ,प्राजधिकी,प्राचाधिकी,प्रावैधियो
रखकर ,प्षमताएं,विषपूताएं,विषत्ताएं
आकलन ,पूर्शाक,सर्वक,पूर्शाक
खिंची ,सर्वोतर,समवोतम,सम्वोतम
मानवों ,मांजा ,मांगा ,सांगे 
विवाद ,लायें ,लाया ,छाईं 
पोशी , अहनने,पकनने,पहकने
आक्रोश ,पतवे,फर्वे,फरवे
सल्तनत ,उसाहार,मालहार,मासाइर
प्रोटीनयुक्त ,बदहवाले,बदहवाला, अदहवास
दण्डी , मात्य, मात्य,मात्तों
जिलेदार ,नौवीं ,झोवे ,नौवां 
दुव्यर्वहार ,बटने ,पढ़ाने ,पटते 
सेवासदन ,पर्मामीटर,थर्वमीटर,थर्मामीटमी
जताएं ,कलाई ,जलाने ,पलाई 
भट्ठी ,असलहाधानों,ससलहाधारी,असहिहाधारी
गदगद ,टैंकना, टैंकने, टैंकने
डांटते ,सहारथी,मनरथी,सहारथी
समृद्धिशाली ,सपेंगे,सौम्गे,सौगागे
मामले ,उलाब,तड़ब,तड़ब
भ्रष्टाचार , पमला, पमला, पमला
पैखाना ,बीआरियों,बीनरियों,बीमावयों
वर्गीय ,बारिती,बाराया,बाराए
फेकें ,विशेयाधन,विद्याधक,विस्याधन
धावक ,सीलबंधों,उलबंद,सीलकद
चुलबुल ,अफीमर्ठी,अभिमकोठी,सफीमकोठी
शोहदा ,अनुस्तीर्ण,अनुत्तीराण,अनुत्रर्ण
चिट्ठा ,जस्वीकार्य,अस्टकार्य, प्स्वीकार्य
नजाकत ,घटनाक्रत,घटनारारम,अटनाक्रम
बहाती ,कारतिवश,कारणमाश,कारणधाश
लोचन ,जिंए ,कंए ,तुए 
अभिलेखों ,न्यावाक,सयायिक,उयायिक
अहिरावण , बर्या,मौसया,मौजूया
लोभी ,सुलहनाओं,प्लहनामे,सुलवानामे
रखी ,ट्रांसर्फामक,ट्रांसफॉफामर, प्रांसर्फामर
बोधि ,विकाती,विनने,विराती
बच्चा , उन्त, उन्त, उन्त
चील , सुलरी, सुलरी, सुलरी
ढांचे ,मस्तिष्टों,मस्तुष्क,मस्तिकाक
सुनिये , वादने,वादते,वादते
लेटलतीफ , नाधू,कधू, नाधू
अपमान ,पइटीओ,सइटीओ,आमटीओ
गंभीरता ,कैमिकर,कैरोकल,समिकल
शुद्धि ,विधाषी,विराषी,कदुषी
गौरवान्वित ,लाभदायर,लाभचिंयक,लाभययक
कार्यदायी , कुचते, कुचते, कुचते
दूरदर्शन ,कव्वार,मव्वाल,कव्यांल
तनमय ,आश्जना,आजजना,आयोजल
पुरवारी ,उहुच,पंचच, कहुच
वॉर्डन ,तेख ,खींख ,भूमि 
बेरोजगार ,संसानी,संबंर, संजोर
फैसले ,पथरीन,उथरीले,पथरीन
अंगारा ,निर्दलीन, अर्दलीय,मर्दलीय
अचंभा ,पैत ,रीठा ,दांत 
सवार , पहदा, पहदा,पढ़ादा
शिष्टमंडल ,टोटते,टोटते,टोकके
सलीके ,गठबन्त्न,गणबन्धन,गठबद्धन
कुमिते ,गोलों ,धृरा ,विरा 
ट्रॉली ,नाशमी,नालिक,नाशमी
अध्यात्मिक , अनियान,बनिष्न,बनायान
उड़ता ,सून ,सूख ,फांबे 
जलराशि , चुभई, चुभई, चुभई
सेमीनार , मचामी,मम्हें,महीमी
लीडिंग ,न्यारधीश,न्यापाधीश,प्यायधीश
श्रेयस्कर ,घोंवा ,घोंवा ,ठावा 
शिकंजे ,अषतिपूरक,क्षमापूरक,क्षतिर्रक
ईंख ,शैवानी,शैलाया,शैलेनी
संक्रमक , नयरी, नयरी, नयरी
चखना ,अद्धस्तर,युद्धशतर,युद्धस्तम
एकाएक ,शक्णागत,शरणामत,शरवागत
पीलापन ,संकटमोचल,पकटमोचक,संकटनचक
उपचारधीन ,आपगी,उऊंगी,आपगी
अनुवांशिक ,पदघोषक,उत्घोषक,उपघोषक
चीखकर ,आभाया, बभार, बभार
अमृति ,निगानेबानी,निगाहमनी,निगाहगानी
दृष्टि ,पूंछा ,जुछे ,चाँछे 
शातिपूर्ण , घुसेता, घुसेता, घुसेता
पर्यटकीय ,इरकद,मरसाद,इससाद
मलिन ,पकंप, बकंज, बकंज
श्रेष्ठता , पलायें,उलायें, पलायें
जलती ,प्राप्रिक,प्राप्रेक,सराप्तांक
विद्यालय ,मरखाने,उरखाने,कारकने
शुभी ,रोशट,रोबोल,रोशट
विधार्थी ,बंसीवाने,उटवाने,मटवाने
पूछिए ,महराती,ठसाराती,ठहलाती
प्रांजुल ,आश्थिक,उर्थिक,आर्वक
गांठे ,अष्टांत,अष्टग,अष्ठग
खेतीबाड़ी ,फुसहाने,फुसमने,फुसमने
इजाफा ,एनदूसरे,सकदूसरे,सकदूसरे
जाग ,सपचिपी,चिपचिमी,उपचिपी
हौंसला ,परलाप,उरलाप,प्रलाते
रचेगा ,उगटे,कगटे,रौंगता
आरम्भ ,नीयली, नीतिली,नीचने
रेडिएशन ,सदस्ताता,पदस्यता,सहस्यता
मु़कदमा ,स्दा ,टूदा ,खुलें 
अनुपालन ,धरावही,धराशाला,उराशाही
खिलखिला ,हत्याकन,हत्यालर,हत्राकर
जल्द ,मर्देश,मर्देश, अर्देश
रामआधार ,नाबाड़िड,नाबार्थ,नागर्ड
विक्रेताओं ,चाहिगे,चाहिगे,चाहेंदी
समानता ,पमादा, बमादा,कमादा
प्राचार्या ,टैक्ररर,टैक्षारर,टैक्ट्रम
औषधि ,उढ़ार,उढ़ार, सढ़ार
बिछवा ,मटवाकर,हटवासिर, अटवाकर
तौले ,त्रिचावन,त्रैभवन,त्रिभकान
केंद्रपोषित ,नंरी ,मालों ,मामू 
छल्ला ,ताबूली,ताबूला, पबूत
भरवाईं ,पनुश्री,अपश्री,अनुवारी
अर्की ,उतलता,उपलता,उन्लता
सरिये ,साड़िन, कधन, कधन
लज्जा ,परएं,सढ़ाएं,सढ़ाएं
कतराई ,अभ्यात्थी,अनुयार्थी,अभ्यार्य
कंकाल ,पुनर्ववन,पुष्र्जीवन,सनर्जीवन
छाते ,छुड़भैया,उटभैया,छुड़भैया
सहभाग ,आढ़ना,आढ़नी,आढ़नी
स्मृद्धि ,रिश्वन,रिक्वत,रिश्वली
