﻿valid,invalid1,invalid2,invalid3
बहुउपयोगी ,कटजाया,सब्जाया,पब्जाया
सुपाच्य ,पाचकों, सलकों, सलकों
सकूंगा ,पगातर,मगातर,लगातरी
शैलकुमारी ,कुंडपंनी,सडलिनी,कुंडरानी
बजाती ,उफ्ती,दफ्ज,दफ्ता
सम्बंध ,पजरुल,मजरुप,पजरुल
नव्य ,पठती, कठती, कठती
प्रवक्ताओं ,बदबूदारों,बदबूदान,बरबूदार
चाव ,चरित्रहीत,चक्त्रहीन,चरिवारहीन
सुनेंगे ,कलदागी,उलयुगी,कलझगी
बायें ,द्रहत,द्ववित,द्ववित
नकलें , रंगोत, रंगोत, रंगोत
गवांने ,भाग्यवाती,भाग्यवना,मग्यवती
सदा , अहाकाल,महाड़िल,उहाकाल
कुचलने ,तपचा,तलाचा,कमाचा
गोला ,ब्यौना,ब्रांना, उयाना
कसूरी ,दरलान, उहलान,दहनान
इतिश्री ,पेशरारी,पेशकाओं,पेशरूरी
गनमैन ,आद्याता,आद्रते,आमरता
दुलार ,ममचमाते,पमचमाते,चमलामाते
घेंघा ,श्रदाधा,श्रीद्धा,श्रकधा
मौजमस्ती ,पहालेखा,मजलेखा,महालेगी
आतिशी , उगड़ा,भंडाड़ा,भंगना
कामचोरी , सष्ठमी,अनुठमी,उष्ठमी
रूपन ,वृहवि,उद्वि,वृद्र
हस्तांतरित ,सुधरवार,सुधरदाने,सुधरहने
आत्मा ,अक्टय,अनषय,अनषय
सीधा ,पलचे,पढ़ाचे,पढ़ाचे
छज्जा , कबती,डूबेंती,डूबरू
ज्ञानो ,अमकाता,अपरता, पमरता
घटने , पगूर, पगूर,लंबिर
योजनायें ,श्यामप्रकारी,श्यामप्रकारी,श्यामप्राकाश
गुच्छे ,पवाओं,पवाओं,सेवाब
सरौता ,प्रणाएं,प्रवाम,सरणाम
बदसूरत ,मस्मरण,संस्महण,संस्तारण
उपाय ,अशुद्रोता,मशुद्धता,अनुद्धता
वार्ताकार ,छात्रसन,छात्रसव,प्त्रसभा
जटिलताएं ,पखाई, कखाई, कखाई
शूटर ,खांली ,लाेली ,धली 
बजनी ,जीर ,लेर ,लेर 
दागी ,जनसचिएं,जनसराएं,जनसराएं
सौंपता ,पजब ,गहब ,कजब 
याददाश्त ,मायगे,मायगे, कनेंगे
अभ्युदय , ककूली,पकूली,स्टाली
निडर ,साड़िसी, उहसी, उहसी
बामन ,भाग्यमिन,भावयवान,सग्यवान
केंद्र ,जन्देकुंडली,जन्मकुंडप,जन्मसडली
जीभ , चक्त, चक्त, चक्त
डीईआइ ,विश्रामागृह,विश्रामपुह,विद्रामगृह
धानक ,उवेचनाधिकारी,विवेचस्धिकारी,विधाचनाधिकारी
उत्तरों ,न्यायतर्ति,न्यूयमूर्ति,न्यायमूर्ण
लडूंगा ,पैथालोजिकट,पैथालोजिस्था,जथालोजिस्ट
जानेंगे ,नयावान,नयारिन,नवपन
मानकों ,जमाराज,जमाराज,जगकज
परंपराओं , बनिकों,सैलाकों,पनिकों
गाड़ी ,लुभाएफ, अभाएगा,लुभाएफ
बोलियां ,मराबखोरी,मराबखोरी,शरायोखोरी
गुमशुदा , कखती,पखती, कखती
अनभिज्ञ ,घुसेप,घुसप,घुटप
गुरूर ,सांस ,सांस ,भंईं 
बिताए ,विलम्भत,विलमाबित,पलम्बित
मारें ,हरमोधयम,अरमोनियम,हरक्नियम
विश्वमोहिनी ,गढ़ ,ठंधे ,ठंधे 
पृष्ठ ,पश्वरंजन,जश्वरंजन,विद्वरंजन
अनुकंपा ,सर्गमन,निर्गमयी,पर्गमन
विश्वबंधु ,सलवाने,बुलझाने,बुरावाने
सवेरे ,भंिट्टरों,भंिट्टर,भंिट्टने
वेदिका ,रसीमी,रचामी,रचामी
केन्द्राध्यक्ष ,कलझ,उलना,उपझ
दौड़ने ,फिजिमकार,फिल्हाकार,फिल्लेकार
मनोचिकित्सा , प्वार्थपूर्ति,स्वर्थपूर्ति,स्वार्थपूर्मी
कामचलाऊ ,सर्द ,समट ,समाट 
तबले ,तिरर,तिकोर,तिरंर
विज्ञानदेव ,तख्याया,मख्तिया, सख्तिया
शुरूआत ,फीडग,पडिंग,फीसग
बेहाली ,अस्वाभावित,अस्वारविक,अस्वाभाविका
अघोरी ,कलपुकाजे,करपुर्जे,कथापुर्जे
सीटीपी ,मौण ,मौसी ,मौते 
गुप्तचर ,आट ,मिंट ,मिंट 
गाना ,पोंक ,सींक ,फैंका 
संवेदनशील ,सुविधाजहक,सुविष्जनक,सुविधाविनक
आवश्यकतानुसार ,सिरों ,सिम ,छेख 
खटोला ,गौर ,गूड़ ,गौण 
इकट्ठे , धर्ई,धन्ई,धन्ई
नन्दा ,पुनसनिधारण,पुनर्निकेरण,पुरार्निधारण
प्रदूषणकारी , कधारे, कधारे, कधारे
रसीले ,वेतनवृद्र,वेतर्वृद्धि,वेतनकाद्धि
देखनी ,गुजना ,उजरा ,गुदरा 
खंडेलवाल ,बैंट ,बाईं ,बाक 
नीलगायों ,रामट्रभक्त,राष्ट्रभक्षा,राज्ट्रभक्त
देहि ,इंडिर,इंडिर, इंतेर
साधने ,पकता ,उलता ,परता 
अहीर ,मझारूपन,जुझारूपद,जुझारूपथ
आईबीएम ,चित्रहला,चित्रहला,सत्रकला
गुजारिश ,बीमासी,बीसीबा,बीमासी
पदमश्री ,महाव्रक,मतव्रत,महासरत
परिचालन ,लगकाई,लटरिई,लक्काई
रिसाव ,गिटाया,गिटाने, गिलार
आलीशान , उहता, उहता, उहता
श्रीकृष्णनगर ,पीठाईश, अठाधीश,पीठाधीन
दौड़े ,गिरेंस,गिनगे,गिनागे
फंसती , उसाना, उसाना, उसाना
कोठे , उचने, उचने, उचने
पक्षधर , बवफा,बेगाफा,बेतुफा
खुलें ,सवच्छंद,मवच्छंद, अवच्छंद
हथियाना ,जनपदहर,जनपदहर,अनपदवार
बेबसी ,कोशिलें,कपलें,सपलें
पैथोलोजी ,करुणाहुय,मरुणामय,करुषामय
पहुचने ,सूही ,मांही ,देवों 
बल्ब ,कमाप,कराप,कमाप
फूटेगा ,साबिश,साबियों,साबिश
कलाकार ,हस्तांतरीण,हस्तांतरकों,हस्तांतरम
बहिष्कार , प्सलमान,मुसमामान,मुसमामान
दुर्लभतम ,दुर्दल,दुर्तशा,मर्दशा
डूबेगी ,निपते,पपटे,निराटे
संबंधित , भट्न,भजरा,भजरा
खोटा , प्णमान्य,गणसान्य,गणनीन्य
चौकीदारी ,घंटी ,घंटो ,घंटी 
आबरू , ककाया, ककाया,उकाया
जनसमस्या ,दवियों,दहशें,दविक
बैठाएं ,क्रूआता,क्रूद्ता,क्षुरता
हारे ,पशवीर, सशवीर,देशवीरे
कास्मेटिक , अवधोई,पवधोई,पांडिधोई
सौंपती ,घंटाभवों,घंटाएर,घंटाधार
अनुपाल ,करदानों,करदानों,कलादाता
तरना ,संवेदल,मवेदन,मवेदन
असाक्षर ,पमस, बमस,पमस
रहस्यमयी , धातुक, धातुक, धातुक
सांझी ,रोमांयो,रोपयो, बगियो
आंतक ,सतख,बढ़ाख,बहख
क्रय ,परिजलि, अतांजलि,परिजलि
पुष्टाहार ,मस्तव,वास्थाव,वार्तव
ऋषियों , बंधई,बंजाई, बंधई
लोहे , कडारी, कडारी,पडारी
अनसुईया ,उलेंगे,उलेंगे, बलेंगे
सुल्तानी ,शुरुद्त,शुभआत,शुरुस्त
कुलेश्वर , अनाशाही,तानाएही,पनाशाही
असामयिक ,ब्लाहम,ब्लैहम,ब्रदाम
कनस्तर ,स्टाति, बमृति,कमृति
दहले ,सणवता,गुरुवता,पणवता
मदिरालय ,ढ़ोपा ,लिपा ,आपा 
जुड़ेंगे ,स्वाहिथ,स्वीरथ,स्वारते
शरदोत्सव ,बिगये,उछाये, कछाये
दर्प ,प्लाणति, अरणति,प्रेणति
ऊबी ,गंडाये,गंवाला,गंवाला
गिनाई ,प्रतिर्र्ति,परतिपूर्ति, अरतिपूर्ति
कर्म , हादना, हादना, हादना
राज्यमार्ग ,बारकना,बारादाना,बागदाना
सहती ,उमाख्या,कमाख्तों,कलाख्या
बंट्टा ,जांट ,मॉट ,घृट 
दिव्यता ,कगतू, बगतू,पगतू
छुरा ,पपायुक्त,उपायुक्ष,उपापाक्त
माखन ,इंसलाक्टर,इंसपेक्टमी, प्सपेक्टर
सनोली ,भौतिई,भौचई,भौतिई
मनाती , ध्वंन, ध्वंन, ध्वंन
रुष्ट , नाटें, नाटें, नाटें
परखना ,अफेयन,अफेयत,उफेयर
फलाहार ,समाचे,तपचे,तमाना
क्रियाकर्म ,दूनी ,दूज ,रजा 
एकत्र ,पार्जात,उरिजात,पारिवात
एलोपैथ ,उहेंगी,उहेंगी,कपगी
छानते ,विरूआव,विकद्व,विद्द्व
विकासशील ,मथियाने,हथिरने,हथियात
लड़ी ,सुरक्षेत्मक,सुरक्षेत्मक, प्रक्षात्मक
पुरस्कार ,निकयत,महायत,पहायत
प्राकृत , अलीबॉल,वारबॉल,वासबॉल
आस्था ,रीरे ,खामी ,खाल 
विघ्नहर्ता ,मुद्य,मुक्रा, उद्रा
शिवालयों ,डंप ,फूप ,कीप 
सेवानिवृत्त ,ड्यूटीरक,पयूटीरत,ड्यूटीरण
चादर ,मोहिक ,मोहरी ,मोहिक 
स्पष्ट , पलगम,बलदाम,बलझम
आशीर्वचन ,सश्क,पश्क, बश्क
नकारना ,रिझायू,रिवायू,उव्यू
जूडिशियल ,लीची ,चास ,चारा 
विभागध्यक्ष ,जीवंनी,जीवंनी,जीवंनी
अंतर्राज्यीय ,अभिकलें,उटकलें, सटकलें
अनुयायी ,बढ़ानी ,बतानी ,उनानी 
बहदुरी ,शुभांरने, अभांरभ,शुभांरते
मनाते ,उचाने, सचाने,खिंचार
मनमाना ,झोंकते ,ककनी ,पकनी 
खुजली ,रिती ,आटे ,रिती 
खटखटाएगी ,पनूनगो,सनूनगो,कारानगो
सतनारायण ,हांफ ,सोकी ,हांडी 
सहमे ,अखाज,अखाज,अखाज
जनसेवा ,गगवाचुंबी,गर्नचुंबी,मगनचुंबी
निरूपमा ,अर्याध्यक्ष,कार्यावयक्ष,कार्याध्यक्ति
अनाथालयों ,बहे ,लोरा ,हारा 
प्रमंडल ,उशाएं,आसएं,आपएं
छानबीन ,पमिनी, बमिनी,उमिनी
मर्दो ,स्कैनत,उकैनर,उकैनर
बायोमीट्रिक ,भड़नीत,भरनीत,भवरत
निर्देशानुसार ,चैध ,ब्ध ,ब्ध 
नाचना ,मुसतियार,मुख्तिभार,मुख्तिभार
अवामी ,द्वेण,द्रोसा,द्वेण
जुड़ाव ,अंधेने,अंगुने,अंजारों
जुड़वाने , अदसुलूकी,मदसुलूकी,बदर्लूकी
बेलघाट , बमता, बमता,घूमेता
बुनियाद ,उखती,उखती,देखेती
मिरगी ,पेंखा ,पंडे ,पंखें 
दामन ,तड़त्,तलात्,तरत्
गोलीमार ,अवर्नना,अवमानत,अवमान्ना
शर्मिंदा ,ठहन,ठगरे,ठण्रे
मंगाए , पमल, पमल, पमल
उपमण्डलाधीश , बषण,पषण,सषण
दोस्ती ,अवधस्शोर,अवधहशोर,पवधकिशोर
क्षार ,फलें ,मिंलें ,नापी 
छप्परदार ,दुल्हडी,दुपहैंडी,दुल्लिडी
उच्चस्तर ,कामराप,ममरूप,कामझाप
चोखा ,मदबुद्धि,मंडबुद्धि,मंदबुद्र
महरून ,मोटे ,मोह ,मोटे 
निकालेंगी ,सचेगी,उचेगी,सचेगी
अमिषा ,जंगता,जंतुले,जंचले
शर्तें ,सपपरियोजना, प्पपरियोजना,उच्परियोजना
संधान ,महीए,महीए, कचाए
कारक ,भयजय,मयजदा,भयजनों
कंपकपी ,लहुलुहाड़,लहुलुहाड़,लहुलुहाड़े
परिहारी ,जनांदोलय,जनांदोहिन,जनांदोलता
एचआइवी ,ऊंट ,ऊंटों ,ऊंट 
सशरीर ,बांहों ,बांछें ,बांहों 
खगोलीय ,कुद ,छैद ,जिद 
बरबाद ,वसायक्त,वसायुद्त,ससायुक्त
हड्डियों ,उटते ,सटना ,पटते 
अरमान , नगाद, नगाद,नकते
बेचू ,पठुरा,ठिठुन,उठुरा
कराएंगी ,कत्रो,कत्रो,मित्य
सन्देश ,सातब, बहिब,साड़िब
वादविवाद ,असरूद्ध,अधिरूद्ध,अवरूद्धि
वोल्टेज ,गंभीया,गंवाब,गंभीया
पूर्वाह्न ,संगमगामरी,संगमरस्री,संगमगामरी
प्रहार ,टिप्कर, अककर,टिप्कर
अलहाज ,विजयगण,सजयगढ़,विजरगढ़
सहित ,अनुवाचीन,अर्वाचीय,अपवाचीन
मुसलिम ,भोतु ,ईतु ,भौंतु 
वैदिक , झीनती,झीनता,झीनता
मेंबरशिप , अलाशना,उलाशना,तकशना
दुर्गविजय ,सढ़ाती, कढ़ाती,सढ़ाती
घोषित ,पुष्खे, उरखे, उरखे
वैद्यता ,हंसमुल,पसमुखी,हंसहाखी
सादी ,सगिक,कगिक,सगिक
रिक्शा ,सछाया,सछाया,सछाया
नांद ,चौमुखापुर,चौमुश्पुल,चौड़ीखापुल
बजती ,बुद्धरानी,मद्धराज,बुद्धरानी
आयकरदाता ,जीवनचरया,जीवनिचर्या,जीवनचर्ति
खोएं ,कृतवाञ,सतज्ञ,उतज्ञ
जिंदगानी ,संवर्भ,मदर्भ,मदर्भ
भगवान ,सापें,सापें,सापें
प्रगट , अनवजाति,मालवजाति,मानवस्ति
जनजागरण ,अटाना ,कमाना ,करना 
दुस्साहस ,कताड़ा,सताड़ा, बताड़ा
