﻿valid,invalid1,invalid2,invalid3
उतराई ,न्यानी, उयारा, उयारा
रिफाइंड , छूटेने,छूटेंने, छूटेने
अप्रत्यक्ष ,ज्फा ,सोनी ,सोना 
टमाटर ,चलरे,चढ़ारे,चलरे
बिखेरने ,कखियो, बखियो,रसीयो
सूरज ,सपीएलआर,सपीएलआर,डीपीएलब्र
अवतारी ,सोमा ,फेने ,सोचे 
विदेशी , बमू, बमू, बमू
भेजीं , उटकते,भटपते,भगकते
खटकता , प्नतंत्र,जनसुत्र,जनतंगेर
विद्याभवन ,हिमारती,हितयती,हिमारती
पशुचिकित्साधिकारी ,ग्रंग,उरंथि,करंथि
लेगा ,रोजरर्रा,सजमर्रा,रोजरर्रा
शोधपरक ,पमीरों, बमीरों, बमीरों
मोर्चा ,प्रेमपूर्ताक,प्रेमपूर्थिक,परेमपूर्वक
बच्चेदानी ,क्षेत्ररपेषक,क्षेत्ररणषक,क्रूत्ररक्षक
नाबाद ,सेवाशर्ण,सेवारर्त,सेल्शर्त
तिलमिला ,उकवाने,बिलवाने,बिकलने
दाखिला ,मजीशियन,फिजीशिवान,फिजीनियन
रौंदता ,रेस्मंत्री,रेलमंदिरी,रेलगात्री
निधन ,आयक्कार, अयताकार,आयवकार
नागरिक ,ढेले ,फँले ,जडे़ 
प्रपात , अखाकार,लेनकार, अखाकार
नसीबा ,मंडबा,उसूबा,मंसूड़े
कांग्रेसियों ,परेषनी,सरेशानी,पहुंशानी
घोटकर ,बढ़ासे, बहासे, बहासे
तहत , उराह, उराह, उराह
भरम ,निपजित,नियोतित,नियोजियां
संगमरमर ,पहसंघ,पकसंघ,मरिसंघ
पिटवा , पढ़ाली, पढ़ाली, पढ़ाली
दुर्गम ,पमाये,जलये,जलये
निराशावादी ,संगठनाकर्ता,संगठनाकर्ता,संगठनपर्ता
निपटाते , कघर,पघर,सुघले
चमन ,बंधे ,ख़ुदा ,ख़ुदा 
भेल ,वंड़ो ,छोटी ,धृड़ो 
मिथक ,अनुपर्गी,अनुपयोति,अनुपकगी
नवयौवन ,भिड़ेठी, सट्ठी,भिगोठी
नाले ,हूरी ,लोंरी ,पौधे 
जलप्रपात ,मध्यवतता,मध्यस्मता,मध्यस्तन
कार्यानुभव ,झककरा,झरझोरा,झकरारा
अदाकारा ,दलहरे,दशक्रे, अशहरे
दौराला ,बहागा, कढ़ेगा,बहगा
हत्या ,परियटक,पहयटक,परियटक
छूट ,जुताएं, जुल्ई,जुताओं
फहराने ,ओलास्ष्टि,प्लावृष्टि,प्लावृष्टि
नक्सली ,प्स्तिवक, अस्तिवक,वास्तिमाक
आवेग ,उजाम,अंधेम,अंधेम
परिश्रमी ,उखरेंगे,बिखकगे,बिखरेंसों
वेल्डन , साढ़ीं,कढ़ीं,नाढ़ीं
कुचलता ,कशारों,उशारों,पशारों
संवरता ,पस्तम,रूपांतम,रूस्त्म
उपस्वास्थ्य ,उमाना ,समाने ,कमाना 
भौजी ,बुर्ट, कलट,बुराट
उपेक्षित ,इंद्लाबी,इंककबी, अकलाबी
अल्पाहार ,पसकने,ससकने,सिरकने
पिसाई ,सतारें,सतारें,कपरें
सेल्यूट ,ब्लाह्माचारिणी,ब्रमामाचारिणी,ब्रह्माचार्णी
अपदस्थ ,कलेगी,बोलेख,कलेगी
कमाती ,अखाज, बजीज, बजीज
गोदभराई , प्सरदार,असरपार,असरपार
तैयारियाँ ,सरीक्षिका,निरीकेषिका,सरीक्षिका
गवां ,दीपोघकाल,दीर्याकाल,दीर्मकाल
नहाय ,कालेबंल,कालेखल,कालेबंल
जलपुरुष ,खयानर,खयानर,खयानन
उक्ति ,कमडेन्ट,कलाडेन्ट,करडेन्ट
होजरी ,पिटओ,उलाओ,पिसओ
मूली ,रक्तस्ताओं,रजितदाताओं,रक्तरताओं
सचेतक ,दलों ,दही ,पिशा 
खटका ,सुंश ,कोख ,रंश 
खंबा ,कूढ़े ,कूचों ,लूंदा 
अपराजित ,पघर,बेघने,बेघले
सिमटे ,हिंदुत्र,हिंदुत्री,सदुत्व
वज्र ,उभूति,उभूति,सभूति
डसा ,उयमित,संस्मित,संचामित
खट्टा , अश्किलें,मुश्वलें,सश्किलें
पढ़ायें ,येगी ,छेगी ,योगी 
चयन ,यधी ,लंधी ,डैधी 
खबर ,शक्थ,शहीथ,पपथ
चंद्रकेतु ,पवाशक्ति,युगेशक्ति,युवाशस्ति
सघनता ,वस्टस्थिति,वस्तुस्थाति,वनातुस्थिति
सैल ,गोलाखधंधा,गोलखधंधा,गोरस्धंधा
रिहा ,करातान,कप्ताओं,कप्रिन
खोयी ,पिछता ,पिस्से ,पिलाता 
हेलीपैड ,मंडलस्वरीय,मंडलस्वरीय,मंडलनातरीय
विषेशज्ञ ,लवनीति,लहनीश,लगानीश
झंड ,यदुमति,यथापति,उदुपति
खर्चीला ,रस्ने, उचने,रसीने
निर्भय ,सौंलू ,घोट ,भौंलू 
दोषारोपण ,मानओं,मारओं,मानओं
घिनौनी ,समवतन,हमवरन,हमवर्न
विभव ,मनमीरी,मनकात,मनकत
क्रिकेटर ,रिफंगों,रिक्ड,रिसड
बलिहार ,सलकण,धूलकती,धूलदाण
परखेंगे ,उकिब,पकिब,शाकियों
उपमा , घड़िने, घड़िने, घड़िने
मिटाना ,अनुहिष्णु,अनुहिष्णु,असहिताणु
सीखते ,रघुराल,रणकुल,रघुकुशी
दिव्यकांत ,मेलाध्यकाष,मेलाध्याक्ष,अलाध्यक्ष
सींचते ,मायाफत,मार्तत, अर्फत
झोंका ,मारपीढ़ी, अरपीट,मानपीट
कारागार ,पडराया, अडराया,मंडबाया
गलतबयानी ,एयसीलेटर,एक्षालेटर,एक्सीटोटर
ससुर ,ज्ना ,मौैना ,बौरी 
कटता ,कमिक, बमिक,पमिक
कोमलता ,मच्चारण, प्च्चारण,उच्छेरण
धुंआ ,सचिकर,उचिकर,रुचिकने
पिसने , पमाया,घुसेया,घुसया
तहसीलदार ,क्षेत्रीशजन, प्षेत्रीयजन,क्षेत्रीयजरों
नारों , बएं, बएं, बएं
नीलगिरी ,उदृढ़ता,मदृढ़ता,सुधाढ़ता
पडे़ ,कूट ,झोद ,झोद 
अंधेरा , अखबिरी,मुद्बिरी,मुखबित
परिवारजन ,पचहमतर,परहत्तर,पचनात्तर
पार्टटाइम ,शंच ,अंच ,छुच 
मिटाने ,अधारात्मक,सुधारात्रिक,सधारात्मक
पेशा ,कपाएं,छिनएं,छिलएं
संग्रहण ,कलुगू,तेजागू,सलुगू
हत्याएं ,चोए ,झीए ,ढाई 
भाईदूज , ससले, ससले, ससले
कुर्बान ,लोके ,मौतों ,जेके 
कवक , हमती, हमती, हमती
रहीे ,प्रौद्योलोक,प्रेद्योगिक,जरौद्योगिक
धुम्रपान ,रोषस्वरूण,अषस्वरूप,रोषस्वरूण
आँधी , अखलाए,सखलाए,सखलाए
बक्शा ,अपलहे,असलते,मसलहे
प्रगणक ,सुधार्म,सुखर्म,सुकसाम
अनैतिक ,पहत,पहत,पहत
नंबरों ,मादा ,तथे ,चींथे 
व्रज ,कठायम,कठाएंत, अठायत
नागरिकता ,कामस्वेल्थ,कामरवेल्थ,कामनवेशिथ
फेरी ,अरामसमाज,ग्रामपमाज,ग्रामसमाला
जलाकर , उलाने, उलाने,सिक्ने
पूजास्थल , प्षमायाचना,क्षमातचना,क्षमागचना
डेरा ,निर्धड़ाता,निर्यानता,निष्धनता
मूंग ,उंल ,तालु ,ताला 
पकवानों , बपे, बपे, बपे
बातचीत ,खोखती,खोखती,खोलेंती
चढ़ने ,प्म्पन्न,पम्पन्न,सम्मेन्न
चक्रवात ,पमाबंदी,पमाबंदी,जमाबंद
नवें , झोंपना, झोंपना, झोंपना
घिसने ,हटखएगा,मटवाएगा,पटवाएगा
निर्धारित ,कठभेरा,पठघरा,पठघरा
कारावास ,प्रयुक्तों,प्रयुद्त,प्रयुद्त
पीड़ा ,प्पालधाम,गोपालधान,गोपापाधाम
हीमोग्लोबिन ,खिसड़ी,खिलौड़ी,खिसड़ी
दस्त ,ढहरे,ढहरे,ढहरे
लड़खड़ा ,दोंखा ,ढीखा ,कौंखा 
सरपट ,सुखधाए,पविधाए,सुवितीए
बचता ,थकावली,थकायट, अकावट
गूंजीं ,उपेदिषा,उपेक्त,उपेटषा
बुलन्द ,प्हूलियतें,सहलियतें,सहलियतें
शकी ,निभावगे,निभालगे,निपयेंगे
अजन्मा ,नींटे ,थूटे ,छींटें 
नजारे ,चुभव,उभती,कभती
मालन ,बैलहना,बैलहना,बैरवाना
नक्सलवाद ,पीड़िने,पीडि़ने,पीड़िने
असहाय ,मेन्र,मेधार,मेन्र
सलौनिया ,कधु, नाधु,कधु
हरगिज ,बिखेरेज,पखेरेगी, अखेरेगी
करूण , हलनी, हलनी, हलनी
शास्त्रीय ,रंट ,भूंट ,घीट 
तथ्यपरक ,उटीक,सटीर,सटीर
शोधन ,गुदरीं,गुहारीं,गुलारीं
साहिबजादे ,उगर्भशास्त्र,भूगर्थशास्त्र,भूगर्वेशास्त्र
दुबके ,खींधी ,टॉधी ,आंतें 
सुरंगें ,अगुने,उगुवा,अखावा
अधिप्राप्ति , उरारा, उरारा, उरारा
धागे ,सर्तकाता,सर्तरता,सर्तवाता
चुनेगा ,कम्पतियों,कम्पकयों,कम्पर्यों
दीनबंधू ,शूरमार,शूरमार,शूरवीरे
दावे ,धनघट,सनघटा, अनघटा
विवेचक ,फूंके ,घकी ,घकी 
शाल ,पद्यमियों,उद्यवायों,उद्धिमियों
फूलन ,दर्ब, उवाब, उवाब
हमउम्र ,एमएमच्स,एक्एमएस,एमयमएस
धाराएं ,उजोना,संबंना,उजोना
प्रेरणादायक ,पिंदे ,लाने ,दूदे 
कर्षण ,कौतुष्ल,पतुहल,पतुहल
नम्र ,हौही ,लॉही ,चींही 
तंत्रिका ,सुलक्रण,सुलबषण,सुसंक्षण
तपोनिष्ठ ,उत्येंगे,उठाकगे,उठाधीगे
दिखावे , पालिरी, पालिरी, पालिरी
अंकगणित ,उवाओं, कवाओं, कवाओं
अविवाहित ,इस्तीस,इस्तीय,उस्तीफा
बसेड़ा ,बालता ,पलक ,बलक 
जूझना ,मधनहीन,सधनहीन,सधनहीन
प्रचवन , उबाब, उबाब, उबाब
हिदायतें ,लोपी ,लोपी ,छारा 
बाजीगरी ,बेवती, सचती,बेगाती
सौंपना ,साइक्ष,मपेक्ष,सापेक्त
कसें ,प्रहलाप,प्रहगाद,प्रहरिद
कडे़ ,तोड़ेंफा,पहफा, बहफा
पुरावशेष ,मजबल,महाबड़ी,महाड़िल
भूविज्ञान , उठारा,उड़ारा, उठारा
दफ्तर , प्रमहंसाश्रम,परधाहंसाश्रम,मरमहंसाश्रम
पनपे ,रौंगने,रौंदर,रौंगने
तोहमत ,अस्वीणति,मस्वीकृति,सस्वीकृति
सावधानी ,लॉलीसप,लॉलीबाप,लॉलीसप
कहर ,मचनार्थ,सूचनालथ,सूचनालथ
दिवाने ,सजयोत्सव,विजरत्सव,विजयोग्सव
हरियाचक ,उलाक ,बलाक ,बलाक 
मांगों ,निरपेन्ष,निरपेशिष,निस्पेक्ष
टेरी ,दुर्मग्य,दुर्भाग्न,दुर्भाग्न
संजीवन ,सग्यशाली,भाषयशाली,भाग्यस्ली
तुलना ,शम्पों, शक्मा,शरामा
पदाधिकारीगण ,अयमपूर्वक,नियवपूर्वक,नियमप्र्वक
लुढ़का ,उमसन,सेमड़न,पमसन
दाब ,झपजाते,मपटते,उपटते
बंदूकधारी , नेत्ले,नेवक,नेवरों
कंपकंपी ,मरणाष्न्न,मधुणासन्न,मरणामून्न
मंझौली , सानें, सानें, सानें
लुटेरा ,बहुतराय,बसंसराय,बसंस्राय
ज्ञातव्य ,बहऩे,उढऩे,सढऩे
रूपेण ,मरवाट, सरघट,मरघरा
खंदावली ,अस्पयोलों,अस्थातालों,अस्पयोलों
चुकता , नालिक, नालिक, नालिक
दरकार ,सुधागा,उनेगा,उनेगा
उपरोक्त ,बिगारेगी,पखरेगी,पखरेगी
प्रभादेवी ,इंस्पेक्टमी,इंस्टक्टरी,इंस्त्क्टरी
गुस्साए ,धैर्यमर्वक,धैर्वपूर्वक,धैर्यपूर्ताक
समाधन ,बॉती ,खेलें ,खेद 
संक्रामक ,उटकीं,चटता,चढ़ाकीं
लूटमार ,बरतकों,बदतता,बरवाता
मांगो ,पकानों,सकानों,दुबनों
आयत ,सीमेटट,उमेन्ट, अमेन्ट
गुंडों ,निकजला,निर्शाला,निपजला
बचाव ,गुटना,गुर्के,गुर्के
हृदयविदारक ,अड्डों ,अमीडा ,उड्डा 
भीड़ ,मेड़रमा,मेजरमा,मेहलामा
शुभ्र , अप्यूटर,कंप्लेटर,प्प्यूटर
जुटाएगा ,बरवाता,बनसता,मरसता
दौड़ ,वीरा ,डिंणा ,जाणा 
झेलता ,जीवित्पुत्तका,पवित्पुत्रिका,जीविधापुत्रिका
शशी ,इमाकार, पनकार,इककार
कोफ्ता ,दबंधी,दबंध,दबंध
सानिध्य ,मरशिक्षणरत,प्रशिक्षणवित,प्रधाक्षणरत
असंतोष ,दिहाषा,दिक्ष, दिखाषा
मंत्रों ,करांश,सारांशु, बरांश
मुस्कान ,कबली ,समली ,सड़ली 
जख्म ,धोरी ,फंारी ,मतो 
फर्ज ,रान ,मैमो ,नांन 
जवाबदेही , अराशने,उराशने,मराशने
फांकती ,कार्यवाले,कार्यवासी,प्र्यवाही
राष्ट्रधर्म ,जलवारोत,पलस्रोत,जन्स्रोत
बोल ,निषेधारञा,निकधाज्ञा,निषेधाभाञा
धोया ,लाईरी,लाटना,लाटती
जनहानि ,संवस्ने,संस्रने,संवजने
ठेकेदारी ,श्रद्वाला,श्रतिवालु,श्याद्वालु
बटाने , ककिंग,उकिंग,बैंगग
भुगत ,जैम ,भीगी ,भीगे 
