﻿valid,invalid1,invalid2,invalid3
अलापते ,पफूद,कफूद,सफूद
जि़ला ,मवासीय, सवासीय,आश्सीय
अग्नि , उलना, उलना, उलना
हरिजन , बमाओ,पमाओ, बमाओ
खगौल ,शिकट,शिष्टि,शिकाट
तले , उहिल,साड़िल,साड़िल
दौड़ाने ,कहानीकाओं,कर्नीकार,पहानीकार
दगा ,बिठा ,बिलों ,लाेके 
अन्तर्राज्यीय ,फंाढ़ा ,फंाढ़ा ,चलें 
संस्करण ,कझली,कझली, बझली
हटवा , प्रइरादतन,गैरइरादस्न,गैरइराशतन
घंटी ,ढोते ,ढोई ,जि़री 
जानेमाने , हटाकी, हटाकी, हटाकी
कंगना ,हरिश्र,हरिहवें,हड़हर
टैक्सि ,महजिदों,महाजिदों,मस्तदों
पर्सनेलिटी ,मध्मर्जी,मतमर्जी,मनमहजी
बखान ,पजाएंगे,पजाएंगे,समएंगे
पत्राचार , पलहम,मलवाम,मलझाम
लोकधारा ,उगगुरु,योगड़रु,योगगुल
मशाल , चमण, चमण, चमण
कृत्रिम , चीरण, चीरण, चीरण
नापा ,मरमिक,क्रमिला,क्रवाक
खरीदा , प्इकोलॉजिस्ट,साइकोच्जिस्ट,अइकोलॉजिस्ट
जताएंगे ,सिखाटी,सिकुटी,सिकुटी
सर्किट ,सुधाली,सुलली, सतली
सरपंची ,पतंगतिज,पर्गबाज,मतंगबाज
स्थानीयवासी ,अकदिवसीय,एकदिवहीय,एकरावसीय
कुतुबखाना ,अधिभावक,अभिरंवक,अभिभागीक
फंसेगी ,मर्थकर,तीमाथकर,तीर्थहीर
घरवाले , बरोच,उरोच,परोच
नीरस ,सहखा,सरीबों,सजाखा
उम्मीदवारों ,खांनी ,पैरों ,गूनी 
घटती ,लची ,भिंची ,लची 
जीवाश्म ,जनवाभा,उनसभा,जनसरों
सूती ,परीक्रिर्थी,परीक्षार्य, अरीक्षार्थी
पसारा ,राजरनीवासी,राजधानीखेसी,राजरनीवासी
ओढ़नी ,उदे्श्म,उपश्य,उदे्श्मे
खोटे , पर्माता,गर्शाता,गर्तता
बंबू ,गृहल्ज्ञान,गृहलज्ञान,गृहविवाञान
ठेका ,जनगीरों, अनगीत,जनगीय
भाषायी ,उत्चीकरण,उच्चीकरकों,सच्चीकरण
किल्लत ,नित्रों,नित्रों,नित्रों
धनउगाही ,खरीली, सटोली,खत्ली
तरसना ,बरगति, उरगला,बदगला
ठण्डी ,ढोंके ,टूके ,बैंडों 
गुरमुखी ,उदलनी,बदकनी, सदलनी
निशान ,नशेलाया,पहलाया,नजलाया
सप्तम ,मणसागर,मणसागर,गुणधागर
ऐंठ ,उलास्ट,उलास्ट,उलास्ट
जस्सी ,पुष्टराज,सष्पराज,पुष्पर्ज
बसना ,बांटेरों,बांटगी, उटेगी
जन्मशती ,छठें ,छठें ,टेंठी 
सीलन ,पदित,सदित,पदित
मिन्नत ,पुनसजन्म,पुनर्वन्म,पुनर्जनाम
भरें ,अरुड़,अरुखी,अरुड़
जताएगी ,पपराधमुक्त,अपप्धमुक्त,अपप्धमुक्त
असंभव , अकटक,एलटक,एकाटक
पुनरूद्धार ,अभियांत्मकी,अभियांत्सकी,अभिप्त्रिकी
नोड्यूज ,पुर्नशीठन,जर्नगठन,पुर्वगठन
पश्चिमी ,लटपती,लटरिती,लक्कती
सरपरस्त , प्त्तरदायित्व,उत्यरदायित्व,उत्मरदायित्व
स्विफट ,निर्मर्ता,निर्मराता,निरीमलता
गदर ,ममाऊंनी,समाऊंनी,कुलऊंनी
सलोना ,मटपटी,चलापटी,पटपटी
बोधी ,विश्षज्ञता,विशेषपूञता,विशेषज्यीता
लिखाई ,मुख्यअतियां,मुख्यअड्थि, प्ख्यअतिथि
भूतबंगला ,श्वांरी,उवांस,पवांस
शिवलोचन , सलती,झेलेंती, सलती
सपरिवार ,ऊंचा ,ऊंट ,ऊंज 
जलाया , बवम्,नन्म्,नगाम्
अस्पताल ,मनबोले, अनबोध,उनबोध
किंकर्तव्यविमूढ़ ,सर्वोपय,प्र्वोदय, अर्वोदय
संभावित ,पीरवाना,पीरदाना,पीरखानों
रोपणी ,कामयानों,कालायाब,कालायाब
बिरहा ,खिलेती, पलाती, पलाती
अस्वस्थता , बरेगी,मारेनों,मालिगी
हैजे ,रिश्ज, बवाज,रिवाला
सुक्ष्म ,चालों ,दूकू ,चाचा 
सबल ,परफॉर्शस,सरफॉर्मेंस,जरफॉर्मेंस
शिवाय ,लोंटा ,लोंटा ,रोटा 
नहला ,विरंटी,विरंटी,उरंची
सजग ,योग्यताभिसार,अग्यतानुसार,सग्यतानुसार
दुरंतो ,बताता ,पनता ,उनता 
शराब ,शेये ,सोच ,शंये 
रंगरोगन ,अटार ,बटार ,पटार 
किफायती ,भुवी ,भुला ,रांजा 
पेरशानी ,खूई ,फुंई ,बारी 
छापे ,मानयाह्न,माध्यह्न,माध्याह्नं
इजाद ,छोडि़या,छोडि़ता,कडि़ए
अधिभार ,सर्पन्नता,सम्पन्विता,समापन्नता
कमिश्नर ,फूटे ,फूला ,फूटा 
मिनिस्ट्रीयल , सानीं, सानीं,नानीं
हकीकत ,विचाति,विचाति,विचाति
प्यारी ,राज्ल,राखाने,राखाए
शीट्स ,उफनई,मफनाई,उतनाई
अस्मत ,नवजने,मवाजने,नवालने
बेतुका ,दराना, उरारे,दहरे
सोचनी ,ढैंति ,फाति ,गधों 
चकनाचूर , कखाने, कखाने, कखाने
बिकाउ ,जरखंडवासी,परखंडवासी,प्रखंडवास
पनपेगा ,सल्डिंगें,बिल्हागें,पल्डिंगें
खटास ,सवर्रक,उद्र्रक,उवर्षक
रवांई ,उराभरा,उराभरा,सराभरा
सर्वनाश ,सर्वधनुम,सर्वस्र्म,सर्वधकुंम
गैरमौजूदगी ,निकात्ति,निकात्ति,निकात्ति
डराती ,दायत,दाहित,दाहित
कहानी ,परांति,परांति,परठा
खोदना ,लगरों,लगरों,लगरों
शिवेंदु ,रुहेलखण्य,रुहेलकण्ड,अहेलखण्ड
दफनाए ,सषण,भाषकों,पषण
रखवालों , अक्षारत,शिक्षारम,शिक्षारता
चराकर , दीपनी,दीर्नी,दीजिनी
वन्यप्राणी ,उढ़ीवादी,सढ़ीवादी,रूढ़ीवाने
बटाईदारों ,विरालांग, अकलांग,उकलांग
पनपने ,विचाती,विचाती,विचाती
छीनकर ,बुझावाए,उलवाए,बुरावाए
राजदार ,गवारू,गर्रू, पबरू
अंधियारे ,गुरुदरषिणा,गुरुषोक्षिणा,गुरुदक्षणा
हिले , तर्म, तर्म,तर्य
टिंका ,पक्कय,पक्कय,पक्कय
पशुपतिनाथ ,संकल्ग्रस्त,संकटग्रकात,संकटग्रास्त
भूमिपूजन ,दुखया,दुधाया,दुखया
निर्देशन ,मुंडालों,मुंसिरी,मुंसिरी
हरिनाम ,ककलें, बकलें,पकलें
क्रुद्ध ,गिट्टित,गिट्टिक,गिट्टित
टांके ,बेराजगाया,बेराजगान,बेराजकर
खोले , उहाव, उहाव, उहाव
सुखनाथ ,भवहरण,भट्हरण,भयकेरण
पुनरोत्थान ,लांली ,वसा ,धौंली 
निणार्यक ,सुनई ,सुनाया ,सुनाने 
मंडावली ,अरोहिताभिषेक,पुरोहिताभिमाक,पुनहिताभिषेक
छिन्नमस्तिके ,रोजरार,सजगार,रोजमार
रक्तस्राव ,तरणताओं,तरणताएं,तमाणताल
चुकाते ,निगना,निभाला,निगना
प्रार्थिनी ,बेर ,झोला ,एला 
वाद ,पढ़ानि,पढ़ानि,पकनि
सगा ,बरहगी,बरवागी,बनातेगी
छटांक , सछाल,उछाड़, सछाल
दुलीचंद ,जीतो ,सए ,लौंए 
वन्दे ,त्ठ ,होने ,हुठ 
प्रधानाध्यापिका ,खत्ई,खर्ई,खत्ई
खिंचवाने ,सौदाद्र,सौभाद्र,ममेंद्र
भूलना ,पश्रना,मश्मीना,उश्मीना
रमता ,आत्मसक्षार्थ,आत्मररषार्थ,आश्मरक्षार्थ
दिखाए ,देस ,बाढ़ ,लौस 
लडे़ंगे ,दौैराना,दौैराना, दौैराई
बख्स ,प्मावेशन,समावेशर,समायोशन
वाईपास ,नौकयन,नौकायम,नौजयन
चांद ,उझने,बुद्ने,पझने
गढ्डे , उलना,फूहना, उलना
बुलावा ,बचाकने, सचाकर,बचारर
बीतने ,अभियात,अभियात,अनजीत
पारितोषिक ,अंगों ,अंडे ,अंग 
खट्टर ,फैरे ,हीरों ,हीरा 
छपी ,पहरायी,दोहकयी,दोपरायी
ताल्लुक ,घोड़िने,घोषिने,घोषिने
गोता , युक्ध,युद्रा,युद्रा
बुनना ,पमूक,अमूह, बमूक
स्टैच्यू , असवाई,रुसमई,रुकावाई
तबर्रुक ,लगती ,लड़ती ,लगती 
निकहत , चालारी, चालारी,चाहिरी
अवैधानिक ,पलवश,भूलवट,भूतवश
परतंत्र ,जुटरी, बआरी, बआरी
ज्वालागंज ,क्षरय,क्षम्प,क्षहय
चाहत ,पक्टरों,डाक्षरों,डायटरों
झुग्गी ,हिंदू ,गॉदु ,हिंदू 
तख्ते ,नाढे़,नाढे़,नाढे़
डायलिसिस ,विज्ञापथ,विश्ञापनों,विज्ञापिनों
मुलजिम ,पेजों ,फौटी ,यटी 
सुलझा ,रैणा ,ढणा ,ढणा 
लाभार्थीपरक , बथी, बथी, बथी
आवारागर्दी ,बरहते,बनतते,मरतते
रिन्युअल ,अधिवेयन,अधिवेशक,पधिवेशन
दून , सरिय,वसूय,उरिय
निपटें ,सूर्खोर,सूचखोर,सूदर्र
सेंटाक्लाज ,बताना ,बढ़ाते ,सढ़ाना 
नवकुमार ,छींटे ,भैंक ,रैंक 
महात्म्य ,व्याख्वाता,व्यायायाता,व्यायायाता
उकसाते ,काबिलेतारीयों,कायलेतारीफ,काबिलेतानिफ
आरोग्यता ,चटओर,सहुओर,चलओर
सम्मनित ,वास्साविक,वास्तरक,वास्तव्क
धुलाई ,गतिभाश्य,सर्भाश्य,गर्वाश्य
आदर्श ,जवाहरित,जवाहराने,जवाहराने
पुष्पमाला ,पर्यकनस्थल,पर्यटनकथल,पर्यतानस्थल
खुशाल ,घासमंदी,घासलडी,घासमडी
सांख्यिकी ,सक्षिकाएं,शिक्षिकार,शिक्तिकाएं
पपीता ,तड़किता,मड़पता,उड़पता
परमोधर्म ,द्वारचारी,द्वारपार,द्वारचाय
सम्भवत ,ध्वजारोहट,पवजारोहण,ध्वजागहण
निरोगी ,पचारोपरांत,विचारोपट्त,विचारपरांत
वेतन ,श्याद्धासुमन,अरद्धासुमन,परद्धासुमन
बनवाएगी ,बताई ,जलई ,कताई 
भालू ,ज्वात्स्ना,ज्ञात्स्ना,ज्योत्रना
खोए , भोज्न, भोज्न, भोज्न
चटनी ,सुजारों,उजाता,उजाता
लगाएगी , शासर, शासर, शासर
वर्तिका ,ध्वजसेहक,ध्वजसेहक,ध्वनिवाहक
अपशिष्ट ,शिल्लीकला,शिष्पकला,शिवपकला
लागा ,सहरगिता,सहभागिक,सहभागिरी
डाकिये ,जदेशमंत्री,विशिशमंत्री,विदेशयात्री
अदा ,सरुषों,पुर्षों,उरुषों
कनिष्ठा ,नगदु,नवादु, कन्दु
रूखैयार ,टेनने, टेडने,टेबिने
रोग ,सुखदेशी,सुखरई,उखदेई
सत्संगी ,किताती, सश्ती, सश्ती
फेक ,टाई ,बोले ,फुंले 
आकाशगंगा ,कीटवाशी,कीटपशी,कीटनाएं
धसकने ,अनुदेदाक,अनुष्शक,अनुदेसिक
गुच्छा , कजनू,मचानू,मचानू
कुठाराघात , पढ़ाला,पल्हे,पल्हे
आद्य ,बुद्के,बुद्के,बुर्म
ध्येय ,सढ़ावे,सढ़ावे,सढ़ावे
आयटम , अर्यवेक्षण,पर्मवेक्षण,पर्नवेक्षण
मंथन ,संजोल,कभाल,संजोल
बुराइयां ,वीरवाई,वीरवाया,वीरहर
चबूतरों ,ममउचित,ममउचित,रामउटत
जीवनदर्शन , बवक, बवक, बवक
निर्धारक ,अनवनी,अनवनी,मशवनी
वृक्षासन ,बदजुमनी,बदजुबाज,बहजुबानी
निर्मल ,घराकों,घपकों,घराकों
गिरीशपति ,निराए, सराश, सराश
शोधार्थी ,शरान,शरान, शक्न
शीर्षस्थ ,बलाई ,चरई ,बलाई 
पद्वति ,हल्फनाएं,हल्फदामा,हत्फनामा
गृहरक्षा ,अज्ञकर्ता,यज्ञाकर्ता,यज्ञकलाता
छलकाने ,चीटा ,आँटा ,चांदी 
प्रतिघंटा , विवाता,विचाता, विवाता
सीएसआर ,कनवाटी,करापटी,मनपटी
रियलटी ,असयक्त, प्व्यक्त,अपयक्त
लपटे ,याल ,औैल ,हींल 
समझाने ,भूंज ,भूंज ,भूंज 
सीवेज ,रखयी,रखयी,रखयी
झांसी , बखाड़ा,उड़ाड़ा,उखाया
वेतनादि ,रूसा ,शैंसा ,तैसे 
परांठे ,बहरा ,बनान ,बनान 
निर्माणी ,वार ,वेट ,रेट 
मुनि ,शैवानी,शैशल,शैवाला
आलोचना ,विपरस्पेशियलिटी,सुपमस्पेशियलिटी,सुपरर्पेशियलिटी
कुशन ,बटक ,कटक ,लटना 
आलेख ,संकुशत,संकुड़त,संकुचिमी
पूर्णवासी ,इंद्धिय,इंद्रिक,इंद्धिय
लेफ्टिनेंट , ठूंसर, ठूंसर, ठूंसर
मारेंगे ,उदवरता,मर्वरता,मर्वरता
रजा ,मिटे ,कैले ,नंले 
नींबू ,किराती ,किराए ,किसना 
गुलदाउदी ,मंत्रीपन,मंत्रीपण,मंडरीपद
दोनो , बाभा, बाभा, बाभा
बच्चन ,नचिकेतता,प्चिकेतन,नजकेतन
शरद ,मजयरियां,मनोबूरियां,मजबूरिक
आईसक्रीम ,स्थिप,कतूप, बतूप
