﻿valid,invalid1,invalid2,invalid3
दावेदार ,चिकित्र,सकित्सा,चिन्त्सा
तिलंगा ,सज्मी,नहामी,सज्मी
काना ,भाबले, भाषर, भाषर
अखाड़ा ,जन्रदस्ती,जबरदशती,जबरक्स्ती
चकरघट्टा ,शैयरी, बयद,शैशद
मृदंग ,वीरा ,जीभ ,धृरा 
भिडे़ ,उलेगी,फैलेर,फैलेर
आसना ,अंधाहीन,मतहीन,मतहीन
लक्षित ,अनरफी,असमफी,अनरफी
जाला ,जिम्पूर्ति,जिलापूर्य,जिलाबार्ति
भावुकता ,विशेषवाञों,विचाषज्ञों,विचाषज्ञों
आशापूर्णी ,औचिकाय,औषत्य,पचित्य
पंचकुंडीय ,पहलाया,टपलाया, अहलाया
मानवरहित ,शरणानंथी,शरस्र्थी,शरणामथी
मांगी ,मनुचर,अनुसूर,पनुचर
वितरक ,पवांग,उवांग, बवांग
प्रबधंक ,रसनेवाली,रहनेत्ली,रहरावाली
अनुसंशा , सटियां,बेतुयां,बेचायां
असर ,भुवश,भुनाश,भुवश
संगठन ,बत्य, बत्रों,बत्य
पूज्य ,सौन्नर्य,सौन्दर्ण,सौन्दर्थ
समीति ,दक्षिणांचलों,दहेषिणांचल,पक्षिणांचल
प्रबन्धक ,संग्रीहलय,संदेराहलय,संवेराहलय
पराग ,लगाराती,लक्राती,लटराती
लेना ,कदड़ी,कदड़ी,गुदते
पर्यटननगरी ,वसूणन,वर्णव,सर्णन
छपना ,रोशव, रोमांन, रोमांन
खिलाएगा ,खुशक्न,खुन्मन,खुशमत
ग्वार ,सदोई,उदोई,सदोई
अनुराग ,रहयन,रखयन,रसोयन
तरुवर ,महंकार,अहंतोर,अहंतोर
पूनम ,कलशनत्रा,कलगायात्रा,कलकयात्रा
चिढ़ा ,हाईचाल,हाईचाल,सलचाल
पसंदीदा ,चिंतामती,चिंगामन,उतामन
कांटेक्ट ,निलेर,निलेर,निलेर
स्नेह ,मजदाना,मर्दार,मजदाना
सोचिए ,हटए ,उटाए ,बटाए 
त्यागें ,सढने,ढूंढस,सढने
श्लोकोच्चारण ,निर्मिया,निर्शात,निपमित
उलझाने ,सक्षरों,सहषम,सर्षम
लुत्फ ,पदस्युत,सदच्युत,पदच्युषा
चित्तरंजन ,हृदयाघाटों,हृदलघात,हृदयाघालु
घुसे ,व्यानी,व्रपी, बयापी
ठसक ,लेाथा ,थोड़ी ,हाेथा 
बलवान ,अभिवृद्या,अभिभाद्धि,अभिवृद्रों
झूमा ,भूधाल,भूदेल, भूलेल
दुलारे ,उखवार,लेखलार,लेखवाई
समहर्ता ,अधिववितागण, प्धिवक्तागण,अधिवक्तागत
अनिमेष ,छटा ,छटा ,छटा 
नियाबत ,मगलराज,जंगनराज,सगलराज
भंडाफोड़ ,सड़ानें, कड़ानें, कड़ानें
अहमियत ,नकाराममक,नकारात्सक,नकारावमक
झुकता ,कूंखा ,कूंखा ,धूंखा 
दरख्वास्त ,नवाकाना,मनकाना,नवाकाना
महरूफ ,समाग्या,समारिरी,उमाग्री
प्रकारेण ,हिम ,ढ़ात ,युत 
चटका ,तरमाया, अरसाया,उरसाया
ढली ,हली ,साढू ,साले 
आजतक ,कटडर,कटडर, अलेंडर
बजरिए ,रद्रा,रखद,रचाद
माहेश्वर ,दोहराज,दोहराज,दोसराने
मोटरें ,भूंटा ,भूंटा ,फुटा 
निभायेगा ,सवासीगण,निरीसीगण,निवालागण
अधिगृहण ,गणतत्रता,गणक्त्रता,गड़तंत्रता
झपट्टा ,मांल ,ऋल ,मौैल 
मकरसंक्रांति ,मैसी ,पोत ,भूंसी 
बहा ,प्रामोकरणों,प्राध्करणों,प्राधिकरत
तबदील ,सर्यम्,सहयम्,सत्राम्
मंत्रीमंडल ,अनियंमिताएं,अनियमित्एं,अनियतताएं
दानपात्र ,नाढे़, बाढे़,नाढे़
लेमन ,कनक ,मानते ,सनक 
जिम्मेदाराना ,मरेषित,प्रेवात, अरेषित
प्रजापित ,नवनियमाण, प्वनिर्माण,नवर्र्माण
इष्ट , पीड़िल,पीड़िल,पीडि़ल
नवीकरण ,पगवाना,भगकना,भगमना
तड़प ,सखाध्यक्ष,शाखाग्यक्ष,अखाध्यक्ष
वृत्तांत , अरवाई,कलावाई,कलावाई
ठण्डे ,मटाएंगे,जुड़एंगे,जुटाएगे
हुनर ,शाघी ,घोंपा ,चिंघी 
ईदगाह ,वत्सभा,वरिसला,सत्सला
संस्थायें ,लोकगाई,लोकलथा,लोकोगाथा
प्राथमिकता ,विरेंद्व,विरेंद्व,विरेंद्ध
पंजीकृत ,शैलो ,भूंलो ,धीलो 
एकरुपता ,कसए,कसए, उहिए
ताकतवर ,उगतार,जगतान,जयतार
जीवनवृत्त ,रौगे ,फाँगे ,फाँगे 
तुषार ,तहजीवी,पहजीब,महजीब
घूसखोरी ,टपजाता, अपकता,टटोकता
सर्वेक्षक ,वायलियों,वायकान,वायलिया
निर्भिकता ,दूरकष,मरभाष,दूधभाष
आइए ,अन्तकों,अन्तकों,अभितर
लिखित ,स्वास्थ्यकर्धक,स्वास्थ्यवर्ताक, अवास्थ्यवर्धक
बुरादा , सलती, सलती, सलती
अक्ल ,लंबाट, कगोट,लंबाट
गिनाए , पगम, पगम,उगाम
चुकाएं ,दमशाने,मर्शाने,दर्तने
तारिक ,फटकाकते,सटकारते,फहकारते
बढ़त ,पस्में,रसीमें,रचामें
राष्ट्रवंदना ,सर्वहाम्मति,सर्वसम्मर,सर्यसम्मति
अचार ,चढ़ाऩे, कढऩे,चरऩे
सन्यासी ,प्रकव,प्रसरों,प्रसरों
बलराज , उलूस,जलूम,जतास
छेदक ,प्ख्यतया,मुख्यस्या,प्ख्यतया
अनियमितता ,व्लाया,व्लाई,व्लाने
षड़यंत्र , कशिंदे,बारिदे,उशिंदे
भेजेंगे , अहराने,लहराज,लटराने
संतोषगढ़ ,तुफाये, कफानी,तुफाये
पूर्णाहूति , बएंगी,आसगी, बएंगी
खुशियां ,ढहाकी, ढलाकी,ढकेकी
कामचोर ,प्रधानाचार्ति,प्रक्नाचार्य,प्रधानात्र्य
कमर ,चढ़ीं ,चने ,चढ़ीं 
छलने ,मग्निपथ,अधिनिपथ,पग्निपथ
ग्रामप्रधान ,लड़म, कगाम,पगाम
जानवर ,फैक्ष्र,उक्टर,फैलाटर
पटवारियों ,बैककग,सकलॉग,सकलॉग
नावें ,जत्तों,जत्तों,पत्थों
खम्भा ,मॉडे ,चौडे ,कुंडे 
मंगलमयी ,फैलेंने, उलाने, उलाने
पाल ,अद्रतीकरण,अप्यतीकरण,अपयतीकरण
ग्राफ ,कालीमेंट्टी,कालीग्ट्टी,सलीपट्टी
कागज ,मम्प्यूटरीकृत,उम्प्यूटरीकृत,कम्प्रटरीकृत
स्कीइंग ,खेसी ,दारी ,दानों 
विद्या ,नृत्यांचना,नृत्यांगण,नृत्रागना
स्टेशन , बछी,नाछी, बछी
स्फूर्त ,प्रोकाम,मरोगाम,प्रोहम
चौमुखा ,सथुनी, कथुनी, कथुनी
महीप ,रहावर,रहायन,रहावट
झुके , कखना,सूत्ना,सूत्ना
लुभा ,गत्रों, गजते,गत्रों
खेत ,ठप्रा,ठहन,ठप्रा
अखरोट ,पृच्वी,पृथ्यों,पृथ्या
शुद्धीकरण , बपरों,डंपन,डंपन
उपदान , पकये, पकये, पकये
अवेहलना ,बेचें ,डीटे ,बेचें 
महाबली ,गंगेश्वन,सगेश्वरी,सगेश्वरी
वसूलेगी , प्म्प्रेक्षण,सम्प्रेक्टण,सम्प्रेक्षरों
बाबु ,उचते, कचते, कचते
घुमाव ,कंटेभर, अटेनर,कंटेस्र
कामना ,छबीरी,छर्जी,छल्री
उपकर ,धड़वती,धनकती,धनवाती
इर्दगिर्द ,वित्तविहीत,विशितविहीन,विश्तविहीन
धूप , ककता, ककता, ककता
निर्यातकों ,बरतकों,बदतन, सरतन
बांटे ,कानूदी,उलिंदी,पलिंदी
महापंचायत ,द्वीन,द्वेप,द्वेप
इंसानियत ,सीआइएसचिफ,सीआइएक्एफ,सीआइड्सएफ
बहाएं ,पाक्षियों,पाक्टक,पाक्ष्क
मीनारों ,करातरी,उबूतरी,कबूदारी
पाठशालाएं ,देवगे,देवगे, बखेंगे
संयम , प्लमहल,मलमहल,जलमगाल
खर्च ,अपरिंटेंडेंट,जपरिंटेंडेंट,सुपसंटेंडेंट
दबोचा ,मनुभूति, सनुभूति,अनुराति
रिपुंजय ,प्रारक,प्रेवाक,प्रारक
समयावधि , अरदेसी,परदेवी,परदासी
महापुरूष ,पुरुषार्ण,सरुषार्थ,सरुषार्थ
भारीपन ,खम्हें,खराभे,खरीभे
गुणनिधि ,निकाकत,निजाकती,निजाकता
बिलखता ,गोदी ,गोते ,एद 
बिखेरेंगे ,कार्कल्प, अयाकल्प,कार्कल्प
सुपुत्र ,प्ष्कासन,निष्कासकों,पष्कासन
वक्तव्य ,बहयी, सढ़ायी,बहयी
आपातकालीन ,हलओ,हलओ, उटाओ
कुलीन ,दीपवान,दीपटान,दीक्दान
भाई ,लड़शा,लगशा,लड़ाशा
कछुआ ,सर्तगत,अंर्तकात,अंकतगत
मिस्ड ,अव्वग्रस्त,अभावग्रधात,अभावग्रकात
उर्वरक ,हिस्ती, हिलासा, हिलासा
रिश्ते ,सामातवादी,ममंतवादी,पमंतवादी
झंकार , सानें, सानें, सानें
आंकने ,प्ग्राहक,प्ग्राहक,संग्राहट
बढ़ाएंगे ,सल्मिकी,बाल्मित,बाल्मित
बुनने ,खैढ़ी ,घूंढ़ी ,दौढ़ी 
मनगढ़त ,प्रस्बिंब,प्रितिबिंब,प्रतिनिब
गिरफ्तार ,टोली ,लंल ,खेल 
सहालग ,सहारूताप्राप्त,सर्यताप्राप्त,सहारूताप्राप्त
आवेदनकारी ,तंध ,पैध ,जि़ध 
मनवाया ,घपत,सटित, बटित
टिकता ,वर्लते,मसूलते, असूलते
अभिप्राय ,मभासद, अभासद,सभालद
क्रियाशीलता ,अपयता,अपयता,अपवाश
सिन्नी ,दुग ,पूँखी ,दुख 
यौवन ,तामबाना,तानाबाड़ी,ताराबाना
जनतांत्रिक , नाढ़, नाढ़, नाढ़
निरस्त ,सामायिका,सामावक,सामायित
मुख्याध्यापिका ,पॉलिहान,पॉलिस्न,मलिथीन
सुस्ताते ,मैपरी,मैपरी,मैपरी
प्रशान्त ,प्कगायक,लोकागायक,लोकरयक
सज्जन ,पवादों,विरादों, बवादों
गर्भवती ,लडे़ ,लड़ें ,लड़ी 
लीटर ,गिरयी,गिनयी,उनायी
जुटेंगे ,जगदंगिका,पगदंबिका,जगदंबित
जलपरी ,कसड़ी,कमाड़ी, पबाड़ी
परिचयपत्र ,चाहिने,चाहिने, चादने
सराहनीय ,कृतार्स,कृतार्थी,कृतावथ
प्रतिभागियो ,त्यावाना,त्रुगना,त्यौगना
तपस्यारत ,फिक्त,फिक्ष,फिक्त
पैगम्बर ,अनावधाण,अनानरण,अनावनाण
छींकने ,शिना ,शिना ,कोरे 
पहन ,अनौपचारिय,जनौपचारिक,अनौतीचारिक
मियाद ,कांटा ,कांपी ,लेंड 
मंगवाना , बाष, बाष, बाष
अधमरा ,रौग ,रौग ,मौैग 
उलटी ,कष्टिदायक,कर्टदायक,कष्टरयक
मोंगरी ,उपप्रधानपत्री,उपररधानमंत्री,उपप्रधानकात्री
कटोरे ,उपलब्बी,उपलहाधी,उत्लब्धी
सुपुत्री ,लांगा ,नूगा ,गंदी 
विहीन ,अध्यपित,मध्यापित,अध्यापियों
मनोवैज्ञानिक ,अनुस्सनिक,अनुप्सनिक,अभिशासनिक
आनेवाली ,हेपेकॉप्टर,हेलिकॉप्रिर,अलिकॉप्टर
असंतुष्ट , बाभ, बाभ, बाभ
परिणाम , प्ख्त्यार,मुख्त्यास,मुख्ययार
मीट ,सोली ,थूली ,खिला 
शीशपाल ,उमया,उमया, कड़ाया
गाढ़े ,चना ,डेंका ,नेका 
व्यापारियों , प्म्बोधित,सम्बोधियों,सर्बोधित
नवजन्मी ,निर्न्ध,निबटाध,निकन्ध
पैमाने ,कामकाओं,कार्काज,समकाज
शासकीय ,पष्प्रभावी,निष्प्रेभावी,अष्प्रभावी
पिटी ,मत्रयजीवी,महास्यजीवी,मधुस्यजीवी
कृपाण ,अमुद्रतल,समुद्रदाल,समुद्धतल
भगाएं ,पवस्थित,अवस्तत,अवर्थित
जबाव ,गतिमपानी,प्रमपानी,गरमपात
बटोर ,स्थासंत्य,पथापत्य,स्थावात्य
ख्वाहिशमंद , महीती, महीती, महीती
धमाकेदार ,करडिंग,उमाडिंग,कमावग
सहशिक्षा ,सौंदर्यकरम,सौंदर्यकरक, प्दर्यकरण
भरोसे ,अटते ,बटल ,अर्ल 
पूर्ववत ,अनुसरान,अफररान,अभिसरान
अतिसंवेदन ,सत्जहित,समाजहिया,समाजहियों
नजराने ,बोतरो,बोलोरी,बोलोरें
ऊर्जामंत्री ,गोलिना, सढ़ना, सढ़ना
पिसी , अरांगना,वीरांजना,वीरांरना
पीना ,बेजुबाजी,सजुबानों,बेजुबारी
व्यख्यान ,देवशनण,देवोशरण,देवनरण
बॉलीवुड ,सिसकटी,सिसकटी,सिखाकटी
झुलस ,पुरोकित,पुकाकित,पुर्कित
छबिला ,पकचानी,पहरानी,महचानी
बेचने ,खोखगा,खोखगा,उलेगा
चिकना ,सुफड़े,सुफड़े,सुफड़े
भस्म ,सुनरने,सुधर्ने,सुधर्ने
बरुण ,पंरतिरागत,पंचापरागत,पंरपक्गत
फटकारा ,दुपट्री,दुपट्स,दुहट्टे
निर्माणकार्य ,चिमके,चिराके, बपके
जूझा ,संबंय,संवाय,कघीय
सरवाइकल ,वीकेंय,वीर्म,वीकेंय
मुक्की ,मर्मशिला,धर्मर्ला,धर्वशिला
मरवाने ,बसंतरलीन,बसंतकलीन,बसंतकालिन
हिचक ,विधाख,विमुली, बमुख
लाठियां ,पहश,पढ़ाश,पढ़ाश
मिलाप , सक्षांत,मक्षांत,दीवाषांत
