﻿valid,invalid1,invalid2,invalid3
जरीब ,निर्धानिण,निर्धानिण,निस्धारण
चीरते ,बदहगाश,बदरवाश,बदहवाले
श्रेयश ,हीनकी,हीनते,हीनते
प्रक्षेत्र ,रफूचक्कता,रफूचशिकर,पफूचक्कर
जंची ,लाचाली, लाईली,लाडरों
गगन ,स्थारोजगारी,स्वरोजवरी,स्वरोजगान
सम्मेलन ,छठीं ,मोली ,छड़ें 
अधीक्षकों ,डिस्चार्थ,डिस्चार्ण,डिटचार्ज
परिभ्रमण ,पुनरोलिधार,पुनरोद्धाम,पुनरोद्धारी
प्रतिवादी ,भाषना,भाषना, उवना
क्रिसमस ,मख्यिकीय,पख्यिकीय,सांख्सिकीय
जुटायी ,बनकानी,बनकनी,बनकानी
ब्लूप्रिंट , पसमें, पसमें,कमामें
अंग्रेजी ,बाराक ,बालियां ,बालियों 
कपाल ,संस्लकों,संचालता,संवलकों
पेजयल ,ब्यौग,ब्यौग,ब्यौग
दोहराएगी ,मृतिल, बदुल,पदुल
बॉर्डर ,सटोरिक,सटोरिक,सटोलये
गुजरेंगे ,पुस्णेदु,पुरणेदु,पुरोणेदु
उत्पादनरत ,छापा ,डीले ,छाया 
दुष्प्रचार ,दोषों ,रैहा ,दोषों 
छुपाए ,खदेचे,खत्चे,खर्म
पटाखा ,रुखा ,थाखा ,शिशु 
शिक्षाधिकारी ,सीपीसीएस,सीपीसीएस,प्बीसीएस
फारिग ,समाझाती,उमझाती,समकाती
डाक्टरेट ,सुलदाने,सुधझने,मलझने
टीएमटी , कजमा,हाजना, कजमा
व्यंग्यात्मक ,उत्लते,मबलते, सबलते
तेज , कढ़ाने, कढ़ाने, कढ़ाने
नीम ,प्डलाइट,हेडलाकट,हेडलाहट
फिकवा , मृदुक,मृतरा, मृदुक
बनाम ,उरमाएं,फरकएं,फरहएं
अल्पायु ,अगछी,अनाछी,अगछी
बरसाने ,मपरवाह,बेमरवाह,बेपनावाह
अंचलाधिकारी ,अनानाकृत, प्नाधिकृत,अभिधिकृत
सूझी ,निर्वर्त्र,नित्वस्त्र,निष्वस्त्र
महासचिवों ,वसूगीज,मर्गीज,वरिगीज
ध्यानी , कनट,पनट,मिटाट
झकझोर ,प्रकाशोत्रव,उरकाशोत्सव,प्रोकाशोत्सव
हाजी ,भूलगालैया,भूस्भुलैया,भूलभुवया
अनुशासित ,परिमावत,पद्धवत,पद्मावन
संतरा ,सांप्रक्यिक,सांकृरदायिक,सांप्रसायिक
कूडे़दान ,जमानतीस,जगनतीय,जमानबाय
रखनी , अमझाए, अमझाए, अमझाए
नाचन ,कर्प्रिया,कनुप्रिक,कनुप्रीया
पडा ,खुलयी,खुलयी,खुदयी
बगावती ,लिड़े ,भैंड़े ,कली 
ठुमका ,प्रांरुप,प्रारुओं,प्रामप
चमेला , अवछंद,स्वजद,सवछंद
खुर्द ,दण्डमिय,दरडनीय,दण्डर्य
वनमाली ,इस्लीला,इहलीय,इस्लीला
चूहे ,इत्कावासी,पलाकावासी,इस्कावासी
क्लेरिकल ,शुरुरिया,शुभेरिया,शुक्ष्या
बांटो ,आलेबिन,आलेबंन,पलेखन
महानिरीक्षक , अदलावों,बदवावों,बनलावों
मिलीजुली ,अन्तव्ल,असतराल,अन्तरानी
वरिष्ठता , मिर्न, मिर्न, मिर्न
छपवाई ,खराचा,खर्म,खदेचा
संभालना ,छूआतर,पमंतर,पमंतर
हथियारबंद ,ढिबला, ढिलारी,ढिबल
उद्भव ,उरहर,प्रहन,प्रांहर
उकलाना , बएगी,लाचागी,लाईगी
छिड़क ,जगनगाती,जगमर्ती,मगमगाती
गल्ले ,औषधानिय,औषपूलय,औपधालय
मौखिक , दुकारा, दुकारा, दुकारा
मझले ,टिटा ,बौटा ,टिटा 
कांटेदार , उलाता, उलाता, उलाता
सड़क ,निशाई, बभाई,निशाई
बीमाकृत ,आचाएय,आचार्ण,आजर्य
पीडीएफ ,एखा ,एखा ,शौखा 
शामलात ,सुनध,सुनध,सुझाध
अनुषा ,सूफिना,सूफिना, सूत्ना
झगड़े ,गुनकना, अनगुना, अनगुना
उम्मीदें ,रिकॉर्स,रिश्र्ड,रिकॉर्ण
हाजरी , महंना, महंना, महंना
शमशान ,धर्का,धर्का,धन्का
प्रत्युश , अयव्स्था,व्यव्याथा,व्यक्स्था
ठनी ,मिरे ,पुंरे ,ढूरे 
पंख ,ट्रौती,ट्रौढ़,उरौला
सनुज ,सत्रि,राशिरि, बत्रि
रिफाकत ,जिजीविक,मजीविषा,जिप्विषा
गृहणियां ,पति ,पढ़ ,गैका 
निवार्चन ,पयकाट, सयकाट,मयकाट
पतंग ,प्रांयोग,प्रदाग,प्रदाग
अभाव ,उचती,उचती, सचती
सेवाएं ,लगमशील,लगनवाल,लड़नशील
मोहपाश , बढ़ासा, बढ़ासा, बढ़ासा
संवारा ,निकवत,निजावर, अजावत
बॉस्केटबाल ,एथलेबाक,एथलेटियां, प्थलेटिक
चित्रकारी , उहानी, उहानी,लुढ़नी
सुधराना ,परशांत,सरशांत, अरशांत
हिरण्य ,मुण्डर,मुण्डर,उण्डन
़कानून ,उजाजी,पजाजी,पजाजी
दोषमुक्त ,उरसूता,परसूता,प्रासूता
कालोनियों ,अभ्यर्म,सभ्यर्थी,अपयर्थी
आत्मदेव , दिवाब, दिवाब, दिवाब
बर्तन ,मठुरता,सठुरता,मठुरता
महगांव ,पराहते,समाहते,सरामते
पूर्वोतर ,छल्क,छल्क,छत्क
दानपेटी , अहराने,दुल्राने,दुहकने
रूढ़ ,धागे ,पीगे ,फैगे 
अंजानी ,डिये ,डिये ,खागा 
जुडो ,डाशी ,पीशी ,पीशी 
सेगमेंट ,विवेष,विचाकी,कवेकी
सहम ,जगमते,जयराते,जगलते
बिठाने ,अग्रेडियर,पग्रेडियर,बिल्रेडियर
टोपे ,खांढी ,ढूंढ़े ,ढूंढे 
वर्दमान ,अपनप्राशन,अन्नप्रात्न,अन्नवराशन
हमेशा ,चंकी ,चंगे ,रेंदा 
इकाइयां ,समष्णुता,समष्णुता,सत्ष्णुता
रविवार , पमला, पमला, पमला
झोंक , सटिका,वाटियों, सटिका
माणिक ,पंक्ष्या,पंचतिया, अक्तिया
मालिकों ,भूंध ,लूध ,बोझ 
वाहनी , सतुर,उतुर, सतुर
नवाने ,धूम्रपार,धूम्पापान,धूपरपान
पेठा ,रुद्धिक्ष,रुद्याक्ष,रुद्याक्ष
पिछलग्गू ,सभाध्यकष,सभाध्याक्ष,समध्यक्ष
निखारे ,दानचीनी,दानचीनी,दानचीनी
तीर्थनगरी ,ठीककक, अकठाक,सकठाक
गहलौत ,उतावसापन, प्तावलापन,उतावलावन
आयुर्वेद ,उहस,उहस,उहस
जंजीर ,पटिलता, अटिलता, अटिलता
वेतनमान ,ढलाया,ढहारा,ढहारा
कट्टर ,स्वंर्गलोक,स्वीर्गलोक, प्वर्गलोक
क्षति ,गैद ,मूंछों ,गौद 
मुदित , अश्वकप,विशेवकप,पश्वकप
कनीज ,वोची ,मोड़े ,खु़ची 
वृतांत , पहाने,उहाने, पहाने
टूटता ,जरियदर्शी,सरियदर्शी,जरियदर्शी
नापी ,व्यस्याता,व्रस्तता,मयस्तता
लाट ,क्यार्सी,क्वार्थी,क्वायसी
उबाल , अमजान,रमड़न,रखजान
छज्जे ,भण्ष्य,भवितीय,भटष्य
विषयवस्तु ,उवर्णजयंती,अवर्णजयंती,स्वर्णपयंती
केन्द्रित ,विधिसम्बत,विधिसम्बत,विधिसफोमत
खमियाजा ,सरतन,सवेतरी,सवेतक
सत्तारुढ़ ,बिरदानी,बिरयाओं,बिरयानों
संरचनात्मक ,अंतरिक्ति,अंतरियष,अंतरियष
पोलिटेक्निक ,आँया ,भिया ,आँया 
धोखाधडी , सटानी, सटानी, सटानी
बदबू ,साम्राज्यवार,पम्राज्यवाद,साम्राधयवाद
सुरक्षाबलों , कठियां, कठियां, कठियां
गिरफ्तारी ,विराचन,विस्चन,विवेलिन
बारे ,खगोड़ों, उगोल,खगोड़ों
लूटीं ,घूमेंतू,पमंतू,घूमंतों
पड़ोसियों ,बिल्वपट्र,पल्वपत्र,बिल्वस्त्र
रंगने ,जिलाउपातयक्ष,उलाउपाध्यक्ष,अलाउपाध्यक्ष
घनघनाने ,खोजो ,मैजी ,खोलें 
तबियत ,अर्यावरणविद्,पर्मवरणविद्, प्र्यावरणविद्
बच्चो ,पगामा,हंसामा,हंसामा
रेलबाजार ,पपित,सपित,रोपिस
मंसूबे ,पाठते,पाठते,पाठते
परिमाण ,सवागतम,स्वागबाम,मवागतम
भैंसे ,उकियां,उकियां,झावियां
मोक्ष ,करना ,सरवा ,करण 
वजन ,टशता,टशता,टशता
बंधवाई ,मंदाम,मंदाम, मंदाई
विभत्स ,आंतलनकारी,आंदोन्नकारी,आंदोपनकारी
नईमुल , सढ़ाई, सढ़ाई, सढ़ाई
बेवश ,ठोंए ,घेंए ,ठोंए 
कार्याधिकारी ,गवाढे,उढ्ढे, बढ्ढे
डांट ,मुहादा,मुहादा,मुहादा
डाल ,आपष,आसष,आपष
कांधे ,एलछिक,एच्छाक,सच्छिक
होम्योपैथ ,शैताएं,शैताएं,शैताओं
लाखो ,पढे़ ,बुता ,पढे़ 
मूल्याकंन ,उलरें,झाकिरें, कलरें
गुरुग्रंथ ,कब्जाधालुक,कब्जाधारम, प्ब्जाधारक
लाइफलाइन ,सर्यसम्मत,सर्वसदमत,सर्वसरोमत
शिवबारात ,मकालत,वर्लत,वस्लत
दुधारी , अखाय, अखाय, अखाय
ठोकरें ,बरकए,बर्साए,बरहए
तापीय ,भ्रमसशील,भ्रमणरेल,भ्रमणमुल
साल ,जनवदेश,जनसुदेश,जनसुदेश
उपसंस्थान ,भिगोषा,भिड़षा,भिड़ेषा
हैक्टेयर ,मदगुदाया,गुदयदाया,गुरूगुदाया
मोहमाया ,पमीज,तड़ज,तपज
उठायी ,मरवाम, सरहम,महहम
रिक्शाचालक ,कूच ,हीड़ा ,हीड़ा 
मुंहमांगी ,सचाया, कचाया, कचाया
रिपु ,शिल्सैनिक, अवसैनिक,शिवर्निक
भूखण्ड ,भूंपा ,भूंपा ,चाची 
सूरत , बवाए,गजए,गजए
जोरदार ,चढ़ीं ,फेने ,गंाने 
पेटीकोट , अधानसभा,विधानगभा,विद्नसभा
मानेगा , गायया,गाडि़ता,गाडि़ता
दुबारा ,मवाजाही,आजजाही,आर्जाही
पितृपक्ष ,पमिय, बमिय,पमिय
यूएस ,गोत्य,गोत्य,गोशार
फीसद , पचारी,लाचाई,लाचाई
दबेगा ,चढ़ा ,तांढा ,चना 
टेडीबियर ,ठीजो ,नोंजो ,घाजो 
प्रतिशोध , लड़ागे, लड़ागे, लड़ागे
कैफियत ,ब्सी ,फंसे ,फंसे 
करोड़पति ,डग्रामार,डग्गार्र,डग्गासर
मीठी ,दलाएं,दबालों,दबालों
उड़ा ,साइथक,साइथक, पर्थक
प्रीतपाल ,मायादंडों,उनदंडों,मानदाडों
धर्मान्तरण , प्रणपोषण,भरणपोलिण,भरणहषण
पढ़ती ,ठिलिना,ठिलिना,ठिकार
उदासीनता , बपो, बपो, बपो
प्रत्याशी ,गंवाला,गंवाब,गंधनी
निर्भरता ,अध्यनतित,अध्यनदेत,अध्यनकात
सुंदरीकरण ,एक्सागज,एक्साधज,एससाईज
आधिकारिक ,प्राकती,प्राप्पा,प्लाप्ती
पानीपत ,सन्ही,सन्ही,सन्ही
चुपके ,भैरना,भैय्वी,भैरना
भैरवा ,मूला ,कौला ,खेला 
तीतरी ,सठेंगी,सठेंगी,सठेंगी
पथरा , बमेश, बमेश, बमेश
गाड़े ,अत्रिपरिषद,मंत्रिजरिषद,सत्रिपरिषद
गरीबों ,आंवटरों,पवटन,आंवर्न
पोलियोमुक्त ,शल्हा,शहीय,शल्हे
संस्कारशाला ,कझेगी, बझेगी,पझेगी
एकत्व ,नीेच ,बीच ,डच 
भाग्योदय ,नगरक्काय,सगरनिकाय,नगरक्काय
स्केनिंग ,डिंख ,आँखों ,डिंख 
कर्तव्यपरायणता ,स्टोला, स्टोली, स्टोली
त्रिशूल ,समूली,समूली, पमूल
सूर्यमणी ,बुनपर,बुनकने,बुनकते
असाधारण ,पंचो ,पंचो ,पंखें 
महाकौशल ,हवागे,हमगे,हटेंड
नाकारात्मक ,निकवामे,निकरामे,सकम्मे
नवसंवत्सर ,जायती, जाएंती,जायती
कल्याण , कड़ेगा,लड़गा,लड़ागा
मलने ,पष्ठा,सष्ठा,निशाठा
नामाकंन ,गहनाती,गद्राती,उहराती
गुरुसेवक ,ससपोर्ट,मसपोर्ट,पारिपोर्ट
विदेश ,अधिवमेध,अनुवमेध,अधिवमेध
खलेगी ,पहतियातन,ऐतितियातन,ऐहरयातन
कंटीले ,प्रतिभाक्ष,प्रक्पक्ष,प्रतिर्क्ष
जीना ,टोड़ी ,ऊँप ,पुंप 
गणतंत्र ,पालिती,पालिती, सलती
छनकर ,मतृशोक,पितृशोभा,पितृभूक
राष्ट्रस्तरीय ,सर्माप्रिय,सर्वस्रिय,सर्माप्रिय
जमाती ,अर्यक्षीय, प्ध्यक्षीय,अर्यक्षीय
धैर्य ,जलझर,जलसाना, अलसार
उगानी ,कटने ,पिसने ,पिटाने 
झड़ी ,पमाती, बमाती,घुसेती
पलटन ,पालिसक्निक,पालिटेधानिक, प्लिटेक्निक
नार ,महाभरी,महभरी,महाभरी
कचहरी ,बढ़तिर,सढ़वार,बढ़खेर
आखरी ,ग्लाया,ग्लाई,ग्लाना
गिरजाघरों ,जलगाग्न,जलवाग्न,जलमाग्न
नचाया ,आयोमानी,आसकनी,आश्मानी
आइफोन ,अलबत्रों,अनुबत्ता,अलबत्रों
सर्टीफिकेट ,मरीददारी,सरीददारी,खण्ददारी
नंदादेवी , जिन्र,जिक्ष,जिक्के
निविदाएं , सजातो, सजातो, सजातो
