﻿valid,invalid1,invalid2,invalid3
पहंची ,खाद्यात्न,खाद्यादान,खाद्यान्त
हस्तियां ,पुर्नशीचार,जर्नविचार,पुर्यविचार
सफाई ,उगरूक,पगरूक,जागकक
वीरागना ,क्रीपधिकारी,क्रीड़ाधिकाओं,क्रीड़ाधिकारों
मालबाजार , बाखे, बाखे, बाखे
जोरी ,मरभाग,उरभाग,प्रभाषी
धुनें , सठरी,गररी, सठरी
दिव्येंदु ,उदघाटिन,उदघाटर,उपघाटन
संविदा ,सचाओ,उचाओ,बहओ
वीभत्स ,त्रिकोणासव,त्रैकोणासन,त्रिकोणासल
जलभर ,अनुसेरण,पनुकरण,अनुकवाण
संवरे ,थाईसर,थानसर,थानेसरों
मुजरिम ,महराया,फहनया,फहनया
दुखहरण ,खटीर,खदेमा,उटीमा
खरपतवार ,अकी ,टोंकी ,टोंकी 
दिव्या ,पवांस, कवांस,पवांस
उकसाने ,अनियाट,अनिवाट,अनिहाट
वेतनभोगी , अजरगंज,मेजमगंज,मेलारगंज
मुंगफली ,उलकृषि,उपनाषि,मपकृषि
झमन ,दुर्गंज,दुहगंध,दुर्तध
टालमटोल ,किवंटरों,किवंरिल,किरटल
पडी़ ,अनाबों,उरबों,अखाबों
दांत ,अरद्धांजलि,श्रद्धांजय, प्रद्धांजलि
पूर्वज ,ऐंटा ,लिख ,लिखो 
नियती ,जनसुरवाषा,जगसुरक्षा,जनसुरक्स
एकजुट ,पूची ,जांचे ,जांचें 
रासना , उठारी, उठारी, उठारी
खिल्ली ,मुआयता,मुरयना,मुआयर
वफादार ,तृप्पे,तृप्र,तृप्प
घेरना ,रिति ,रिस ,झोतू 
संघर्षो ,उहताशा,उहताशा,बेहनशा
स्वेत ,उढ़वाए,बढ़तिए, अढ़वाए
ऐनकें ,सलाहाशीर,सत्हाकार,सलाहाकाल
झटपट ,पढ़ासी,पढ़ासी,उरोसी
करायें ,भंडरियां,उडरिया,भंडरियां
सटकर ,ठोस ,पाँकी ,टैकी 
मालगाड़ी ,सरबंधन,प्रेबंधन,प्रबंधिन
सेबी ,पदूके,बंदिके,बंदूषी
होशियारी ,गर्दार,गद्धिर,गद्यर
जिम्मेवारी , अरलय,मरलय,प्रलने
जलसंचय ,पोस्सी,पोस्सी,पोस्सी
संकलन ,घपलेबानी,घपराबाजी,सपलेबाजी
भक्तियोग , पव्य, पव्य, पव्य
मुरझाई ,चममराई,चतुमराई,चरमर्ई
बनेंगी ,सद्धवीर,युद्धवीपों,युगधवीर
संधाली , फावने, फावने,फायने
बेंदी ,समरकास,समरकास,समर्कास
प्रोस्पेक्टस ,घूमला, पमती,घूमेंती
कन्याश्री ,छूटीं ,छूटीं ,भौंता 
सावरकर ,निहत्रों,निहत्री,निहनाथे
फरियादें , अयक्तिकी,व्यक्रकी,व्यवतिकी
आनेवाले ,रोजों ,तौते ,रोजी 
अवकाशप्राप्त ,अनुरुम,अनुयाप,अनुराप
दमनकारी ,उलयारे,उपयारे,सजियारे
पछियारी ,उफोले,उफोले,कफोले
मुहाना ,पलचा, पकचा,पढ़ाचा
रहोगे ,जीवार,सवाणु,उवाणु
ताजातरीन ,भगाति,भराति, कक्ति
दद्दा ,संजोकते,संजोकती,संजोकती
कानन ,मंत्य,मंचीले,मंचीली
दृढ़संकल्प ,पौष्ठक,पौष्टियों,पौराटिक
बिताएंगे ,अभिक्षिका, प्धीक्षिका,अधीनषिका
प्लाटर ,खोजो ,खोजें ,सेया 
पड़ता , अमावड़ा,जमायड़ा,समावड़ा
बरसना ,क्रत्रवार,क्षेत्रस्र, प्षेत्रवार
हटें , बाभि,साभि, बाभि
झगड़ ,बिघा ,बिघा ,बिछे 
अनुकूलता ,गडबासू,गडपंसू,गड़वासू
कलाई ,मुँरों ,टारों ,खीरा 
दोहराई ,भूमिनी,भूमिनी,पमिका
उन्नतिशील ,अलविधि,अलवित,अनुविदा
वाइब्रेशन ,मनिश्चतकालीन,अनुश्चतकालीन,पनिश्चतकालीन
पर्यावरण ,झाँसी ,झाँसी ,झाँसी 
डुबोने ,सिंतराज,उहराज,सिंहाराज
उत्सर्ग , सरातें,उरातें,उरातें
अतिथिगण ,पठी ,पठी ,जूड़े 
फिर ,मोड़चो,मोड़चो,मोटचो
आगन्तुकों , अरिजन,उरिजन,पहजन
फौरन , सगाया,लड़या, सगाया
झुरमुट , प्वच्छकार,स्वनिछकार,अवच्छकार
घोटाला ,मैंलू ,आदि ,आड़ा 
रुचि ,महायग,महायग,महायग
वीरा ,चुनौना, सनौती,चुनौली
संयोजन ,अनारकना,अनारदाता,अनारकना
पारखी ,परानख्वानी,कुरूनख्वानी,कुरानदवानी
उठवा ,वनबंद,उनबंधु,वनदाधु
उठाव ,लड्स,लड़ाडू,लड्स
मान्यवर ,डेखा ,सरे ,लाेखा 
लम्हा ,कास्सायूम,कालाट्यूम,सस्ट्यूम
कहो ,भुत ,घोंत ,माँत 
लालबत्ती ,अमीडे, उण्डे, उण्डे
फैसलों ,स्वीस्थय,स्वीस्थय,स्नास्थय
उखड़ा ,पलगों,परगों,पतंभ
गोपूजन ,इप ,कुढ़ ,कुयें 
भट्ठा ,ठंडालों,ठंडालों,ठंडालों
उपस्वास्थ ,प्रांदोष,उरदोष, अरदोष
पिण्डी ,बुलकरों,मनकरों,बुराकरों
अभद्रता ,उनिधि,कनिधि,सुलधि
प्रजनन ,सेनीयुरिटी,सेक्षारिटी,सेक्युरिक
भांडा ,शब्ददाश,शब्दकोल,शब्जेकोश
दीनानाथ ,मेढ़ ,ब्रु ,मेढ़ 
खिलानी ,उतीजी,भराजी,भगोजी
अज्ञानता ,जोता ,जोड़ा ,खश 
जताता ,बाह ,चारो ,चाहें 
खूशबू ,जरूआत,जरूरने,जरूद्त
सेवाभावी , उयाना, उयाना, उयाना
बंधुआ ,चुकाकी,चुस्तों,चुराकी
मुख्यमन्त्री ,उनोज, पनोज, पनोज
बोरियो ,मुठकड़,मुलाभेड़,मुठभेदों
श्रेणीबद्ध ,प्रांवास,प्रहस,प्रेवास
परदादी ,मजरारी,मजदूज,मजररी
क्लासेज ,किराजदार,किरायेदाता,किराचादार
चुनीं ,अठन्न,अठकनी,अठलानी
छोड़नी ,आनंर्षण,आकर्रण,आकल्षण
शोर ,पलखे,पढ़ाखे,पलखे
निवेशकों ,मंसा ,मंसा ,मंच 
कावा ,कनूठा,सनूठा, बनूठा
कमियों ,सड़दंग,हुड़वाग,हुड़कग
सांसद ,उषपान,विकपान,विपपान
भूरा ,फांदर, उदने,फांदर
विनम्रता ,मतगणनाकर्ण, प्तगणनाकर्मी,मरगणनाकर्मी
झासा ,पॉलीग्रेफ,पॉलीस्राफ,पॉलीलीराफ
रामराज ,धन्ली,धरौती, धर्ली
सर्वाेपरि ,रेंगने ,रेंगता ,रेंगने 
टपका ,वादिदे,वादिदे,वाचदे
बरकत ,तापू ,पुंपू ,खांपू 
मसाज ,सरवर्ती,दूरवरती,दूरवर्म
सम्मोहित ,तलबड़ार,तलबजार,तलबद्र
पटकी ,उजदार,फौजवार, सजदार
शौचक्रिया ,कराकगे, अराएंगे, अराएंगे
गवार ,रेजना,रेशर,रेजरा
अन्नाधिवास ,बभो,बभो,साभो
मुल्तानी ,गांनो ,गृनो ,गृनो 
उलझनें , फसटे, फसटे, फसटे
नीले ,योग्नाए,योजरिए,योजनाम
मुजाहिद ,गहमान,गद्मान,गतिरोन
पढ़ाए , साछा, साछा, साछा
खरगोश ,रंक ,रंक ,लैक 
स्वीकारना ,भज्र,भट्जी,भज्र
विलंबित ,उत्पतिन,उत्पयोन,उत्पन्ध
तरण ,बकना ,बहरा ,बकना 
लेखानुदान ,निशक्षता,निशक्षाता,निशभतता
मढ़ने ,उरोने,पिरोसे,पिरोध
प्रजेंटेशन , कगोना, कगोना,पगोना
बढ़ना ,नरसेतु,नरकना,नजसेना
लेाग ,हैवायोयत,हैवानिवेत,हैवालायत
छोडऩे ,रोशव, सशनी,रोशव
आने ,परिश्त,परिणिया,मरिणित
अनिश्चितता ,घीरा ,हुरा ,कोणों 
चुंगी ,पैना ,पैदा ,नीठ 
फुसला , ढोककी, ढोककी, ढोककी
बुझाती , पपार, पपार, पपार
मूकदर्शक ,झलझता,मलकता,झलझता
झरझरी ,कामयपालिका,कार्यपाहका,कार्यतलिका
विर्सजन ,पम्रगी,सामारगी,साम्रण
टकरा ,घबराधिट,घसीराहट,घबराज्ट
बुलाई ,हतोत्याहित,हरित्साहित,हतोत्रहित
बजानी ,बैलों ,नाठा ,बैरी 
मारपीटकर ,दयमंदी,दममंती,दलमंती
खुलवाया ,ताशे ,ताशे ,ताजे 
घंटो , पशल,उशल, पशल
फेकना ,जवेतपत्र,श्वेतस्त्र, प्वेतपत्र
कांस्टेबल ,रौंदकने, उदकर, उदकर
बिलबिलाए ,लालपाठ,लालझानी,लालझनी
चन्द ,कहावनी, अहासुनी,कहायनी
मजाक ,बरएंगी, अढ़ाएंगी,बदएंगी
उत्पादक ,रौंद ,कौंदे ,रौंदी 
खुमार ,मलदस्ता,गुलवास्ता,गुरुदस्ता
बूढे़ ,नवाचाने,सवाचारी,नवालरी
विद्यालंकार ,मापदंती,मापजाड,मापजाड
रोएं ,बनलेंगे,बदगागे, अदलेंगे
देहात ,डूबेले,सबेगा,पबेगा
शिक्षानगरी , बमाधि, बमाधि,पमाधि
आइवीआरआइ ,नशारपाल,नगरकल,नगरदाल
बनवाना ,मरकते,परकते,परकते
अर्ज ,चिराटी,चिराटी,चिराटी
सुदंर ,खेत ,ढुलें ,खेमे 
समसामयिक ,उपते,उमते,उमते
सिरफिरे ,संचार्को,संचालते,संभालको
घुंघरू ,उताओं,उताओं,उपरें
प्रतिष्ठाता ,गर्टे,गजटे,गर्टे
मयंक ,फाजे ,मरा ,श्जे 
लाभकारी ,सवाही,कवाही,उवाही
सेवित ,सर्भावपूर्ण,सद्भावर्र्ण, प्द्भावपूर्ण
परवाना ,बनसेंगे,बरहगे, अरसेंगे
दिलायें ,बोरिने, बोलिने,बोरिने
कालकाजी , उयत, उयत, उयत
मित्रता , बफूर,उफूर, बफूर
जलवायु ,नाइंसाल,नाइंतफी,नाइंसार
लोटपोट ,अध्यादाश,अध्यादेह,अध्यात्श
हिलते ,बौखकई,बौद्लाई,उखलाई
भाग ,नियमितिकगण,निरमितिकरण,नियमितिकरकों
विजयन ,पटोप,कटोप,स्थिप
समरसता , तेइए,तेइये, तेइए
रहस्योद्घाटन ,सलेंगी,खुशिगी,खुदगी
नेत्रदान ,पिताम्हर,पिताहबर,पताम्बर
बॉलीबॉल ,दोमंजियों,समंजिले,पमंजिले
गुरुवचन ,बूंदाबाजी,बूंदाबार,बूंदाबार
प्रारंभ ,किसे ,किसे ,येले 
चूमेगी ,सुलव,सुदेशों, बदेव
कैशबुक ,वीराए,वीडिन,वीडिन
सूचिका ,संजोल,उकूल, ककूल
अंकित ,त्रुटिनेंश,त्रुपवश,प्रुटिवश
उपेक्षापूर्ण ,अतिपुर,अतिवार,अतिसाना
नापना ,गौरक्षी,गौवंक्षा,गौवंक्षा
हर्जाने ,सतरकों,मतरकों,विपरकों
सूखती ,परपते,पनपर,पनकते
सामग्री ,घूमला,घूमेंना,घूमेंना
मोंटी ,बिखेरेंता,उखेरता,बिखेरेता
शान ,उत्तरभहिनी,उत्मरवाहिनी,उपेतरवाहिनी
वसूलती ,भट्ते,भट्ते,भट्ते
अंकिता ,संबंद्धन,संबंद्वाता,संबंद्धनों
अभियात्रिकी ,पदसलूकी,पदसलूकी,बर्सलूकी
यात्री ,पश्में,उश्में,चश्त
लिपिका ,रूकयें,रूढि़यें,रूकेयें
फोटोयुक्त ,अनुज्वहीन,अनुस्वहीन, प्नुभवहीन
शिकार ,वीरानन, अरानगी,वीरामगी
हिलोर , उठारा,उड़ारा,उड़ारा
उपखण्ड ,आध्यात्मिनी,आध्यान्मिक,आक्यात्मिक
रखवाला , अंगाल,अंचते, अंगाल
बीते ,उकरिंग,एंकवाग,पकरिंग
गारण्टी ,धीदी ,जोंदी ,जोंदी 
छूटकर ,सामंजमाय,सामंजगाय,सामंजस्ट
अप्रवासी ,यूत ,नुत ,नुत 
मजबूर ,मैमा ,भेमा ,मैमा 
कलुआ ,मौखिरे,मौसेड़,मौसेवा
मिजाज ,व्हाक्तित्व,व्यक्षेत्व,व्यक्तित्रों
भिजवाने ,शार्जद,शार्वद,शामिगिद
पंगा ,उत्रिरी,उलतरी,उत्रिरी
उदय ,सर्ताें,उर्ताें,उर्ताें
दहकती ,मृत्ताजंय,मृत्युजंलि, अत्युजंय
समेटे ,सेंदे ,सौदों ,हृादे 
रिहायसी ,गौशानिएं, अशालाएं,उशालाएं
शीर्षासन , सथली,उथड़े,उथड़े
वार्षिक ,मिलबवाले,मिलनेवार,मिलपवाले
पशुओ ,चुकारी,चुकारी,चुकारी
सुचेता ,निपक्तों,मशक्तों,निशर्तों
जवाब ,सटूट, बटूट, बटूट
रंजीश ,विराधिया,विरोसया,मरोधिया
आमजनों ,छुड़ाटी,छुड़ाटी,छुड़ाटी
भभूत ,लूंगे ,देही ,पगे 
दाखिले ,नतमस्मक,नतमस्मक,नतमपतक
मकरध्वज , रस्ना, रस्ना, रस्ना
फांद ,गुनी ,गुरू ,गुरू 
खौल ,गमकान,गद्गीन,गमकन
सत्तु ,बालों ,बारों ,नींबू 
कीलें ,उपटाप,मपटाप,उपटाप
असैनिक ,पकापति,लंकावति,लंकारति
मंदाकिनी ,छुड़छूत,छुड़छूत,पआछूत
करनेवाली ,अंत्यपर्क्षण,अंर्यपरीक्षण,अंत्मपरीक्षण
