﻿valid,invalid1,invalid2,invalid3
तुल्य ,बिछगे,बिकेंगें,बिकेंगें
शिविरों ,ढही ,कैका ,ढैका 
ज्योर्तिमय ,सुप्पति,सुनरीति,सुलरीति
रीपर ,शिक्तदान,शिवषादान,शिक्षादारों
वासगीत ,पर्मागर्मी,गर्मागर्ता,गर्मागर्ति
ऊपरी ,फंाजा ,खोने ,खोद 
चुटकुले ,फव्वाई,फटवारे,फहवारे
स्वर्णकार ,बड़पट,बड़बट,उड़कोट
जोगनी ,गड़पति,गड़पति,गणपन
फूलदार ,घिरा ,यौसे ,घिरा 
छीन ,पमानों,पमानों,उमानों
योग ,सद्राध्यक्ष,केंद्योध्यक्ष,केंद्राध्यवाष
वैष्णव ,गाँका ,खोली ,खोट 
अट्ठाइस ,द्विका,द्वियों,द्विका
संस्थान ,ढाली ,जोणी ,जोणी 
मानवेल ,कश ,छेश ,पेट 
औपचारिकतायें ,सावप्रदायिकता,उम्प्रदायिकता,पम्प्रदायिकता
शतदल ,किसाया, किताया, किताया
दण्ड ,कामो ,काव ,कामो 
खिसकता ,पमिक,सौगाक,उमिक
भूखी ,मलदायी,सलदायी,फहदायी
संप्रभुता ,निकनेबाजी,निशामुबाजी,निशालबाजी
ग्राहक ,बाईं ,बायां ,हौड़ी 
नांमाकन , बखाती,कखाती,उखाती
बालभवन ,मडिमेड,रेडियड,मडिमेड
मचाएगी ,सौंए ,गए ,बोड़ी 
पहुंचता , नाढ़े, नाढ़े, नाढ़े
संग्रहित ,हमलाइर,हरिलाकर,ममलाकर
पालम ,कराटेयर,मराटेकार,कराटेदार
सभ्रवाल ,अनभ्य,मसभ्य,अनभ्य
करण ,सल्यापर्ण,माल्सपर्ण,माल्यापट्ण
सुदृढीकरण ,सूचीयमुखी, अर्यमुखी,सूर्यमिखी
नलकूप ,उकलवा,निभालवा,निककवा
मारवाड़ी ,टकराज,टकसाई,उकराई
निभाया ,कपछा,कसछा, कमाछा
बांधें ,करंथों,ग्रंग, बरंथों
तीव्रगति , अत्पत्ति,उच्पत्ति,उत्रात्ति
खरीदें ,मतर्निया,कतर्थिया,कर्र्निया
बिखेरी ,जंगबंधु,जंगबंधु,सगबंदी
चुनिंदा ,हिचगचाते,हितकिचाते,मचकिचाते
पाली ,रेलइंजय,प्लइंजन,रेलमाजन
गहनों ,उठाड़ा,सजाड़ा,कजाड़ा
ग्रामोद्योग ,हमयारे,हत्रारे,हरियारे
निर्णायकों ,कपगी,कसेड़,कसेड़
चश्मदीद ,शुन ,शुन ,ठाठ 
सत्यापन , भाषना, भाषना, भाषना
जलाते ,अववस्थ्य,अस्वसाथ्य, प्स्वस्थ्य
दागे ,अदालर,अवकार,उदाकार
लागू ,नौसैहार,नौसिहार,मबहार
रफादफा ,गर्भीर,उम्भीर,गद्भीर
धागा ,ब्रह्मावर्ता,ब्रह्मावर्य,अरह्मावर्त
चहके ,उद्धि,उद्धि,बुर्धि
फाटक ,कतने ,अतर ,पतर 
आएगा ,पमयबद्धता,सर्यबद्धता,समयबद्योता
अंत्येष्टि ,कम्पीटिशकों,कम्पीटिशकों,कम्पीटिशकों
वैध ,तीक्षद,तीव्षण,तीक्षर
असहायों ,शावशी, बबाशी,पबाशी
बतियाने ,सिकुए,सिकुए,सिक्ए
नवोदित ,नजलैंड,नगालड,नजलैंड
भूअर्जन ,दीनलय,दीपाकय,दीपालना
दमकलकर्मी ,विस्लता,सशालता, अशालता
दबाया , अण्यकाल,पुण्यवाल,पुण्डकाल
चुनावकर्मी ,मन्दत,मनोनत,मजनत
लचीलापन , पाचते, पाचते, पाचते
मालूम ,शिक्ष्त, मक्षित, मक्षित
आंशिक ,आयस्र,पयकर,आयस्र
दादी ,उपिक, कपिक, कपिक
दंश , लगकी, लगकी, लगकी
कर्जदार ,परना ,पहरे ,पहरे 
रोकना ,मवावलंबी,स्वावधाबी,स्वावरबी
आवर्ती , अशानंद, अशानंद,सशानंद
मढ़ा ,जलेख,जलेख,जलेख
थाल ,निर्शाल,निर्शाल, सर्बल
आबोहवा ,सलते ,खौलती ,उलते 
चमकीले ,शंडी ,पिंक ,गांडी 
चाहतीं ,उर्जर,जमाजर,जर्वर
चट्टानी ,समयू,सहयू,समयू
समर्थकों ,अलविधाई,अनुविदाई,अभिविदाई
टाईल्स , अरस्थ,दूधस्थ,दूरवाथ
मृतप्राय , अरकर,धरकती,धरकती
समन्वयकों ,अभिभूमि,अभिलेत, सभिभूत
नथूनी , बाभ, बाभ, बाभ
सुन्न ,तिढ़ी ,बचीं ,बचीं 
ईनाम , तेजने, तेजने, तेजने
जनपदवासी ,कश्न, बश्न,जश्ती
केन्द्रीय ,त्गे ,डींगे ,डीगे 
सम्प्रेषण ,सटवाएं,हमवाएं, अटवाएं
मार्मिक ,सदस्यकाण,सर्स्यगण,सदस्थागण
सुपुर्देखाक , अआछूत,छूआयत,पआछूत
बघाट ,धोलो ,फड़ ,फलों 
दृष्टिदोष ,विरातियों,विकृतिका,विकृतिका
लवणीय ,मोल ,मोड़ों ,मोड़ों 
मुनीराज ,सचकिचा,मचकिचा,पचकिचा
तमगे ,कार्यकालिणी,पर्यकारिणी,जर्यकारिणी
अखरने ,उपटान,उपटान,उपजान
बागडोर ,खेतिरोर,खेमहर,खेमहर
सुमति ,समलीजामा,अमलीघमा,अमलीजादे
बनाइए ,तेजबन,तेरबल,तेजराल
तशरीफ ,मटनागश्ती,मटवगश्ती,मटरमुश्ती
अपंग ,व्यासल,व्याकुट,व्यापल
सम्मति ,गठबंधिन,सठबंधन,गठव्धन
समाजकल्याण ,सहयाफ्ता,सम्याफ्ता,मजायाफ्ता
फेंको ,छापनार,छापटार,मपकर
हूर , उलना, उलना, उलना
शहंशाह ,शहरीकलण,शहरीकरकों,शहरीपूरण
मोर्चे ,पजेंगे,पजेंगे,गूंजगे
हलक ,अगवाना,अगवाना,अगवाया
तर्कहीन ,मैनेश,मैपज,मैनेह
क्रोधित , पलबे, पलबे,सलबे
अलार्म ,नहस्पार,नहरपात, अहरपार
बौद्धिक ,चुनियदा,चुनिन्द,चुनियदा
भयभीत ,पबीव,उबीव,हवाव
चढ़ें ,तबाब,उबाह,तबाब
गोलियां ,तिलकर्री,तिलकधार,सलकधारी
निस्तारण ,उजेंगी,गूंजेंडा,गूंजेंसी
टहलकर ,पेंमेंदा,पेंचीले,पेंडिदा
खेद ,हेटा ,तीटा ,तांटा 
ऋणी ,अतिपिटड़ा,अपपिछड़ा,अतिशछड़ा
शाम ,मनपहा,उनमोहा,महमोहा
डॉक ,दंडिल,दंगने,दंगना
सरकारें ,पीडि़ना, पीड़िना, पीड़िना
परोसने ,चिकित्साधीक्षण,चिकित्सायीक्षक,चिकित्साधीक्षिक
तकरीरें ,गिलाती, कनती,गिलाती
शिक्षकों ,पेट्वाई,पशवाई,पेशवाना
लगें ,पहकेगी,महकेट,मनकेगी
परिवारवाले ,बताना ,उचाना ,अचाना 
घास ,सीधा ,सीख ,तिना 
कलेक्ट्री ,उड़ाग,उड़ाग,उपग
प्रद्युम्न ,त्वगा,त्रेगा,त्रुगा
नायिका ,आवेचक,आमदक,आवेचक
कृषक ,उतनाने, अफनाने,उफनाएं
पृच्छा ,जांघ ,जांघ ,जांचें 
पहरेदारी ,नैतिराता,नैतिवाता,नैतिकर
माशूका ,घबन्ई,घबटाई,घरराई
जगजीत ,रशीष,रशीष,सशीद
सूचक ,बेदखना,बेदकली,बेदकली
चीखता ,एसएदास,पसएएस,एसर्एस
नजला ,मंसा ,झंजा ,झंजा 
शलजम ,ढाए ,ढाली ,ढाणी 
फरारी ,निर्शान, पर्धन,निकधन
मकबूल , बराणि,प्रांणि,सराणि
प्रेरणास्रोत ,कवें,कवें,कवें
सेकेंड ,महासंगत,महासंगत,महासंगत
भड़का ,झेर ,लार ,भिंर 
दण्डित ,महडी,महीडी,महीडी
गुरबाणी ,खोमला,खोमती,खोखचे
कराटा ,अास ,थोस ,छिस 
फायदे ,खत्डा, खरीडा, खरीडा
वित्त ,प्रैक्टर,ट्रैक्षार,ट्रैक्षिर
व्यवस्थ ,जनधर,जनकान,जनकन
बैठकें ,सेवानियत्ति,सेवादवृत्ति,सेवानिवृत्री
मोटर ,विशोरी,विशोरी, सशोक
गाल ,रौनने,रौनने, रौद्क
आकाशवाणी ,घुससवार,मड़सवार,घुड़वावार
मंगाने ,अकीदतरीदों,अवदतमंदों,अवदतमंदों
रुबरु ,प्ली ,खुल ,खुर 
विदारक ,डकॅ ,योले ,डरी 
तान ,घीपा ,ऐपा ,छुए 
पेन्शन ,पगाती, कगाती,पगाती
खटमल ,गजभ,गवाभ,गहभ
आश्चर्यजनक ,सदर ,कमार ,करार 
भड़क ,सछने,पोलिने,सछने
भक्ता ,कॉज ,कॉपी ,नोफी 
टिक ,ईसा ,मैंरा ,ईटें 
कील , परीद,खदेद,खदेद
गाडे़ ,ममग्रता,समस्रता,समर्रता
पहलवान ,तारिण, तारीण,तालिण
दुहने ,निभाटता,मकटता,निकाटता
चोट ,कुल्कुरा, अरकुरा,कुचकुरा
संपादक ,सम्मनान,सम्बलेन,सम्मनान
सर्वेसर्वा , बलटा,उलना,उगाटा
निम्नतम , उठारे, उठारे, उठारे
सहभोज ,सणांक, बणांक,गुजक
तनुज , पपको,चिमको,चिराको
राजपत्रित ,रुदार्न,रुकयन,रुकयन
घिरती ,मूर्तिकाओं,मूसतिकार,प्र्तिकार
सजन ,टाति ,शैति ,कृत 
छायादार ,बौरी ,टआ ,मैंआ 
अभिशप्त ,सद्धिस्ट,बुद्यस्ट,बुद्यस्ट
बिन्दुधाम ,ककानें,दुबनें,दुखनें
टेके ,डेंज ,घुज ,भोली 
स्वास्ति , बमेंगे,थामेंट,थामेंट
सता , प्हुसंख्यक,बहुपख्यक,बहुसंख्यन
जोशीली ,उखाग्नि,मुकग्नि,मखाग्नि
ढांढस ,उकजन,लोटजन,मकजन
श्रोतागण ,घेराया,घेराया, घेरेव
खास ,उलदानों,उलकनों,उतझनों
शेषनाग ,सजाजे,पहेजे,पहेजे
जीन्स ,छुड़ाटे, छुड़ाटे,छुपाटे
सलामती , ओवने,ओणने,ओणने
सुगंध ,थानाध्यक्त,थानाध्याक्षों,थानाध्यक्त
बहिष्कृत ,बेरंटी,बेवग, बेचग
पालिस ,प्रोभारियों,प्रभागीयों,प्रोभारियों
खोखरी ,गुर्डों, सण्डों,गुलाडों
प्रतिद्वंद्विता ,भूलों ,भूले ,पेसा 
अज्ञातों ,पफरी,पफरी,पफरी
मुहल्लों , उईया,सूईन, उईया
अपंजीकृत ,उचते,रसीते,रसीते
लानेवाले ,मायओं,मारओं,मानओं
अनुकृति ,ढपी ,ढपी ,सौंधी 
झपट्टामार ,बड़ा ,ठोजा ,झंजा 
इफ्तकार ,मुँठ ,हीठ ,मुँठ 
गौवध ,सकना ,अकल ,समाल 
भाग्य ,दुत्रर, अत्कार,दुहकार
बेजान ,उपडे़,उपडे़,उठाडे़
दादागीरी ,कृचा ,ढांचों ,ढांक 
थानास्तर ,निर्मरोध,निर्यरोध,पर्विरोध
आपुर्ति ,चिमता,सढ़ाता,सढ़ाता
बुधवार ,परस्थापन,परिस्थापन,परस्थापन
निषेद्य ,बनायेट,बनातट,बनायेट
इश्तिहार ,नंचो ,पंथों ,पंजा 
अनसुनी ,शांड़ ,छिनी ,छिड़ी 
भिड़ी ,नवचेदान,नवरातन,नशाचेतन
चित्कार ,पगवाध्वज,भगरध्वज,भगवाध्वल
मैले ,आक्षिटोसिन,जक्सीटोसिन,आक्षिटोसिन
प्रतीक ,निपएंगी,निभालगी,उभाएंगी
इमानदार ,संकना, संजोरी, संजोरी
रजाई ,लगकथा,लघुशंथा,पघुकथा
मौकापरस्त ,औपधालयों,प्षधालयों,औघधालयों
मानुष ,धक्कामुत्की,धक्षामुक्की,पक्कामुक्की
धांधलेबाजी ,सुन्देरकांड,सुधादरकांड,सुन्दरबाड
कटीले ,डकाना,डण्र, डब्र
तकादा ,रेहकित,रेस्कित,रेलकित
बंधेगा ,सर्थोपेडिक,ऑक्थोपेडिक, प्र्थोपेडिक
सैन्यकर्मी ,दीप्षान्त,दीक्षान्य,दीर्षान्त
पुतले ,सष्ठि,गोड़ाठि,उष्ठि
सेंटीग्रेड ,सहस्त्वधारा, प्हस्त्रधारा,सहस्त्रधान
आत्मज्ञान ,मचालगे,मचारगे,मजएंगे
सीआइडी ,टिकेटिमाती,समटिमाती,टिमटिमारी
तील , पहतन,पत्रिन,पत्रिन
सुहागन ,धनोमशालाएं,धर्मशार्एं,धर्मशार्एं
मानवतावाद ,भुरकरी,भुरभुजी,भुलभुरी
ग्वाल ,स्थड,स्टेंगी,स्थाड
इक्ट्ठे ,तोपें ,तोड़े ,तोड़े 
हजूर ,पड़खानी, अड़खानी,छेड़खानों
नयाबाजार , गन्हें, गन्हें, गन्हें
बंदिश , जुटाम,जुड़म,जुड़म
पदक्षेप ,सुखरना, सधरना,सुधवाना
चुराकर ,गंभीरावस्थ,गंभीरात्स्था,गंभीरावस्ट
मुजरा ,सऑर्डिनेटर,कोऑर्थीनेटर,कोऑर्डिनेटम
जगाने ,उगड़गी,उगलगी,उललेगी
प्रगाढ़ ,फिल्याफेयर,फिल्यफेयर,फिल्मफेयत
भेदिया ,शहनाओं,शहनई,महनाई
पूर्वानुमति ,बालिदी,बावदी,बाजादी
कृमि ,सद्याचार,सद्धचार,प्द्विचार
सभागार ,उलवाएं,डरवाएं,डब्वाएं
कीमती ,उताओं,उताएं, उठारी
दिनरात , उयानी, उयानी, उयानी
विश्वनाथन , सानें, सानें, सानें
एम्बुलेंस ,भाषारीद,भाषारीद,भावावाद
