﻿valid,invalid1,invalid2,invalid3
गेंहूं ,नाठें,कठें,कठें
गुनाहों ,फुंकी ,रूंकी ,सिकी 
दिशाएं ,उसदों, बसदों,पसदों
लटकता ,मंडपंते,मंडराज,मंगराते
तनिष्क ,मरदर्शनकारी,प्रस्र्शनकारी,प्रदर्रानकारी
ज्ञानवर्धक ,उताएंली,उताएली,पतावली
ज्ञानस्थली ,फौर ,अॅार ,फौर 
परिक्षण ,त्रिस्चन,त्रिलोकिन,त्रुलोचन
अणु , उलत, उलत, उलत
मंदा ,सर्थसुलभ,सर्वर्लभ,सर्वसुलयों
विश्वरूप , टोकका, टोकका,टोटने
कसनी ,अपरसर,अग्रसकों,अभिरसर
तामेश्वर , सजादी, सजादी, सजादी
आध्यात्मिकता ,पनिच्छा,अभिच्छा,पनिच्छा
बेकार ,चुंड़ी ,टैड़ी ,ढ़ांड़ी 
श्रद्धालुगण ,लदा ,विदा ,लादा 
बुधानी ,किशोमिश,किशमित,किस्मिश
बाक्साइट ,पैमावी,पैरती,पैरती
मुक्तसर ,आत्मीला,आत्राय,आत्राय
दाड़ी ,उबटाने,उलरने,उबरण
भयानक , पम्मान, पम्मान, पम्मान
डरा , प्त्रिकीकरण,यांत्रिजकरण,यांत्रकीकरण
टिमटिमाते ,गद्जना,गर्जय,गड़जना
सरदार ,विपलषीगण,विपलषीगण,अपक्षीगण
कलश ,रोकसार,रोककते,रोकवार
वृद्धाश्रम ,सींचपार,सींचपाठ,सींचक्ल
लघुनाटिका ,वर्गकर्ष, प्र्गकक्ष,वर्गकक्ति
हेतु ,परत्ध्यक्ष,परमाध्यजष,परक्ध्यक्ष
लहराए ,पढ़ाती ,पढ़ाती ,पत्री 
पौष्टिकता ,उब्ध,लड़ाध,लगाध
ट्रासपोर्टिग ,सजारों,सजारों, उजाई
योगिता ,खोखे ,खोखा ,खोखे 
जच्चा , बयु, बयु, बयु
पांती ,शर्रु,शरारु,कत्रु
लुढ़की ,गौरवपूरण, प्रवपूर्ण,गौरवपूरण
रिपोर्टिग ,थर्य,थमेरा,थर्य
मणिभूषण ,इंजिनियता, अजिनियर,इंजियोयर
अंगरक्षक , लौटेंए,लौहाए,लौटेए
सुंदरकाड ,पपरवाह,लापस्वाह,लापनावाह
चिंह्नित ,ढ़ोते ,बिते ,मंते 
सर्वण ,तिलवाट, अलकुट,तिलकुल
आटोरिक्शा ,काश्तकाल,काश्लेकारी,काश्तररी
आइआइए ,प्रांवीण,प्रवीरों,प्रेवीण
पर्ची , सुलती, सुलती, सुलती
ठिठका ,अवनिहोत्र,सग्निहोत्र, प्ग्निहोत्र
द्वारपहरी ,खस्ताहालता,खस्ताहारित,खस्ताहालय
कृपया ,मदनीयत,बदस्यत,पदनीयत
मुहैय्या , अष्टिधर,सृष्पाधर,सष्टिधर
जलधर ,सशीली,उशीली, बशीली
रक्तदानी ,अहंशारी,पहंकारी, सहंकारी
मेजर ,प्रादुर्तव,प्रेदुर्भाव,प्रादुम्भाव
नमामि ,थाद ,भेटों ,भेटों 
बरसो ,रोटावेटल,रोटालिटर, अटावेटर
संभालेगी ,कलालापति,कमरपति,समलापति
लेहरा ,गलीय,गलीय, सलीचा
बचाइए ,ठेलों ,ठेल ,कोला 
पक्षी ,शीशष,शीर्म,शीर्जी
औषधिया ,ऋषि ,ऋणी ,घूतु 
चॉक ,सछाना,बिछाड़ा,पछाना
नगाड़ा , सहवे, सहवे,समवे
सौतेलेपन ,उधता,उधता,उधता
तार्किक ,कपगें,कमागें,परेगें
कानूनविद ,अपशासनहीन,पनुशासनहीन,अनुबंसनहीन
इतिहास ,सुसज्ञात,सुसज्वत,सुलज्जिात
विनिमय , मंत्ला, मंत्ला, मंत्ला
झपटी ,क्षेत्रांतमागत,क्षेत्रांतर्मित,क्षेत्रांतर्धत
प्रतिष्ठित ,रंगो ,घुज ,घुज 
लगना ,लगाकगा,लगायेता,लगयेगा
बुझाएंगे ,बिदते, बिताक,बिछक
साधते ,धनोपार्तान, प्नोपार्जन,धनोचिर्जन
अनन्त , पताएं,बहएं,बहएं
विरूपण ,पाक ,पावे ,पार 
भूगर्भ ,चौड़ाने,चौड़ाव,चौड़ाव
ऑटोरिक्शा , सगस्त,अभिस्त, सगस्त
दन्त ,पमाते, बमाते,उमाते
अच्छत ,भटवाए,परवाए,सरवाए
मोरनी ,उयराना,शास्राना,शामिराना
रिक्तता ,मुककने,मुलारने,मुककने
पयर्टन ,पजगारी,मजगारी,रेजरिरी
पधारेंगे ,कार्मदिवस,जर्यदिवस,कार्यदिवर
बर्बरता ,अपमानी,अवमानी, सभिमानी
महलदार ,साहबन्दे,साहबजारी,साहलजादे
स्वजातीय ,विराजल,विद्जते,मराजते
विवादास्पद ,नीबू ,एंल ,नीबू 
निर्भया ,मानवतावास,पनवतावादी,मानवस्वादी
छिनकर ,शेरकोड,शेरकोड,शेरकोले
छीटें ,सर्वदशय,सर्यदलीय,सम्वदलीय
सट्टे ,कैलकुलेटमी,सलकुलेटर,कैलकुलेशर
लोकसंस्कृति ,अनियोछुक,अनियछुक,अनिच्छिक
भुतही ,उकायत, सकायत,मकायत
टूटकर ,ऊयें ,खाईं ,खार 
लेटा ,उकेतिक,संभातिक,संवातिक
जर्सी , तारीने, तारीने, तारीने
रिहाइशी ,अनुसंरचना,अनुसंरचना,अवसंपचना
वाकपटुता ,संवाष्ठि,संवष्ठि,संगोकठि
डूबेंगे ,प्रेसन्न,प्रसवान,प्रेसन्न
योजनाओं ,मनोनुमाल,महानुकूल,पनोनुकूल
दुहराई ,कपतें, पहतें, पहतें
मक्का ,कृचा ,कृचा ,बड़ी 
खाद ,प्तृशक्ति,मातृशक्त,प्तृशक्ति
शातिर ,अपरानी,अपजाध,अपजाध
बनावटी , साघे,नाघे, साघे
कृतिवास ,अदल ,कदल ,कदल 
सलाम ,सविवातार,सर्स्तार,सविवातार
फासला ,निचन, निचना,निचन
खुर्दी ,क्रित्राधीन,क्रित्राधीन,क्षेत्यधीन
बांधेंगी ,अरो ,मूरो ,फौरो 
लॉलीपॉप ,बटे ,गिगा ,बहु 
टूटीं , मिर्ते, मिर्ते, मिर्ते
उल्टे ,उत्ररायण,उच्तरायण, प्त्तरायण
स्वाभिमानी ,जुलएगी,जुटाधागी,मटाएगी
पिलाता ,सर्वेंद्धि,सर्याद्र,सर्वेंद्ध
ठूंस ,उडै़या,कडै़या,पडै़या
सम्मानजनक ,पोलो ,पोछ ,पोत 
जलसंस्थान ,रामर्दन,प्मनंदन,रामस्दन
रोकटोक ,अपेटषाएं,असक्षाएं,मपेक्षाएं
हाईटैक ,तपफा,तपफा,उरफा
दबती ,जया ,सूंता ,जया 
पूर्णत ,मरदौश,फिनादौश,उरदौश
छिना ,उपिला,सपिला, बपिला
मुकदमों ,कजीरें,सजीरें, बजीरें
हंगामे ,उपचारपंच, प्पसरपंच,उपासरपंच
आयुर्वैदिक , अरतिनिधिमण्डल,विरतिनिधिमण्डल,प्रवनिधिमण्डल
चुनार ,विसंगम,विसंबति,विसंबति
सर्वभूतेषु , उहारा, उहारा, उहारा
हिमायत ,उत्साकर,प्कसाकर,उकसाहर
नकारा ,मधियारा,अंतयारा,अंधायारा
विकासकर्ता ,बादी ,बादी ,लुदी 
चंद्र ,स्वनांतरणाधीन,स्थानांतरणधीन, प्थानांतरणाधीन
बोतलबंद ,सर्स्याओ,पमस्याओ,पमस्याओ
ठुकराने ,एकाओए,उचओए,एक्ओए
जयमंगला ,दैवीन,दैहिय,दैहिय
सभायें ,अनुसरशाही,अफसोरशाही,अफसरस्ही
सुनाएगी ,रसनेवाले,रखनेवाद,रणनेवाले
कार्यकत्री ,नाटीं, साटीं, साटीं
ट्रासफार्मर , कक्शों,उक्शों,नगशों
तपोस्थली ,चनप्रीन, अनप्रीत,चनप्रेत
उच्चीकृत ,अनुनास,अनानाएं,अनानाई
परसों , उर्त, उर्त, उर्त
हितैशी ,नाटीं,नाटीं, साटीं
चक्रवार ,टालफाइड,सयफाइड,टायफाइयां
मेहरबानी ,खुदकुलों,खुदकुल,उदकुशी
पुरुषोत्ताम , सटरे, सटरे,उटरे
पहुंचाएं ,कमलाकल,कमर्कर,कर्लाकर
मिलकर ,राष्ठारध्वज,राष्ट्रमावज,राष्ट्रवावज
बकने ,औैठ ,औैठ ,औैठ 
गिरने , अहन्त,महन्द,महन्द
दिलवाई ,मदवाया,खुशवाया,खुदर्या
श्रीमद् ,निकावाची,निपवाची,निकावाची
सत्तापक्ष ,अपदुस,अब्जिस,अनुदुस
मंजे ,आंखो ,छंकी ,आंक 
गुनगुनाए ,प्रितिमास,प्रतियास,प्रतिमारी
सरंपच ,अतिक्रताणमुक्त,अनुक्रमणमुक्त,अतिक्रमणकाक्त
मांगपत्र ,कालाराज,काराराज,काराराज
घिसाई ,उनर्निर्माण,पुनर्थर्माण,पुनस्निर्माण
वातावरण ,पयून, बयून,पयून
वशीकरण ,बदस्वाने,बदलहाने,बदलताने
गुरुशरण , उलना, उलना, उलना
वैकुंठ ,सुंदना, सुंघारी,सुंदना
घुसिया ,रसायनकस्त्र,रसायटशास्त्र,रसायतशास्त्र
घुसपैठियों ,थामा ,गिना ,जौंना 
निखरेगा ,आंतरवादी,आंतकवासी,आंतकवार
फरमाइश ,कम्युनिष्ता,कम्युनिष्टि,कम्मेनिष्ट
बीतेगी ,फरवाने,फरवाने,फरवाने
रजिस्ट्रीकरण ,दिलएंगे,पलाएंगे,पलाएंगे
दुर्घटनाओं , धमाय,धन्हें,धन्हें
संरक्षा ,सठाना,सठाना,सठाना
ज्योतिसर ,यथाईथवादी, प्थार्थवादी,यथानांथवादी
कंपकंपाते ,विद्यात्यी,विस्यालयी,मद्यालयी
मुंहबोले ,स्मारीय,स्तराय,स्तकाय
मरने ,राष्ठारद्रोही,राष्ट्रद्रोत,राजट्रद्रोही
परिसंपत्ति ,प्रह्र्शक,प्रेदर्शक,सरदर्शक
आमजन ,उयम, बयम,काटम
लटकने ,सुझाले,उरीले,सुधाले
दुबका ,अवभाग,मनुभाग,अवभाग
फाड़े ,फलिए ,उलित ,सलित 
यज्ञोपवित ,उहणी,गृहरी,गृहर
समृद्ध ,धड़लना,धकेतना,धड़लना
बचाये ,पेध ,पेध ,मुंध 
स्वर्णपदक ,खांसले, पसते,खांसले
कवायदें ,सटपटाता,छटपटाव,छटरटाता
विंध्याचल ,खद ,खोएं ,खोलीं 
बर्दास्त ,पट्टिकार,पट्टिकाल,पट्ठाकाएं
मंगानी , पुष्रा,पुररा,पुकाया
गेटमैन ,सुंदरवार,सुंदयवाला,सुंदर्वाला
गुजरेगा ,उदचतम,उच्जतम,उच्चकम
बुझी ,बिछटी, बिताटी, बिताटी
विवरण , विचाग,विराए, विचाग
सत्रह ,सरूद्ध,सरूद्ध,विरूरध
समस्याएं ,टीम ,फैंले ,बंले 
जगतनारायण ,पूजकलंदर,सराकलंदर,पराकलंदर
छटे ,बरहगा,बरहगा,बरमागा
समतुल्य ,तसव्यार,तसमावुर, असव्वुर
भूस्खलन ,मरंटेड,गारंटेगी,गार्टेड
हरते ,सेमिभाव,सेवार्व,सेवाभाषा
घुमंतू ,हंरे ,तौरे ,पढ़ा 
उर्वर ,पड्डेबाजी,अधिडेबाजी,अड्डेन्जी
जगना ,वज्जसन,वन्रासन,वज्रात्न
मार्कण्डेय ,विविका,विकाध, बविध
मंत्रीगण ,सनबूझकर,सनबूझकर, प्नबूझकर
कथक ,श्रोतार,श्रोबाओं, अरोताओं
दस्तकारी ,परक्षाकर्मी,सुरक्षाकगमी,अरक्षाकर्मी
तरू , ककाने, ककाने, ककाने
अनुपूरक , अकोसला,ढकोसन,ढकोसन
उन्नीस , अन्दर्भ,सन्दर्य,मन्दर्भ
टटोला ,किंतों ,गीली ,पंतों 
सनोखर ,संविधारी,संविधारी,संवितीन
कोषाधिकारी ,चौंची ,खींच ,दोंची 
प्रतिक्रिया ,लूल्हे,लूटेहा, लूटहा
छुड़ाए ,अज्जिनी,अज्जिानी,उज्ञानी
अगुआई ,पशांक,पशांक,शशांति
बांटना ,पउड,कउड,लाडड
आतंक ,पमाद, बमाद, बमाद
सम्पत ,दस्तिक,दस्थाक,दर्तक
रोज ,परनाने, अहनाने, अहनाने
जगे ,उव्वारे,उव्वारे,सव्वारे
नपेंगे ,कथावाचरों,सथावाचन,कथाशीचन
महाभिषेक ,महाचला,मजचला,मनचना
हवालाती ,अधिवठापन,अधिष्टपन,अधिष्मपन
मिता ,निरुपर, अरुपम,निरुपत
सालाना ,पीड़िल,पीडि़ल,पीडि़ल
गोधन ,प्रतिनिधिक्त,प्रतिनियुक्षों,प्लेतिनियुक्त
बेलसंड ,पुदीयों, कदीना,पुदीयों
नटखट ,पैंतालीम,उतालीस, अतालीस
झेंप , कचेगी, कचेगी,उचेगी
पाणिग्रहण , मिर्ई, मिर्ई, मिर्ई
पंचमंदिर ,जलंदशहर,बुलंदशहन,बुलंदशहण
क्यूरेटर ,नगासा, बवासा,नहासा
बिखरती ,उपसंरमुख,उपरिरमुख,उपचारमुख
दुग्धाभिषेक ,समड़र,ममपार,सहपार
भावविभोर ,मुनवाय,मुनपय, अनष्य
मुक्ति ,निर्टना, अपटना,निपवाना
हाइक ,टोप ,देनी ,टोके 
पत्रक ,प्र्याेदय,सूरयाेदय,सूर्वादय
छापामारी ,असतधारी,अनुतधारी,पमृतधारी
अनदेखी ,विचाकाधीन,विवेकार्न,विवेकाधीशों
पतंजली , बगामी,सगामी,कगामी
भक्तिधाम ,माँश ,केश ,नाथी 
अभियुक्त ,इलाएं,इलाएं, इशाज
ऑलराउंडर , चित्नी, चित्नी, चित्नी
जनसंचार , पस्मित,अनमित,अस्तत
छटपटा ,पलझाते,पलझते,पलझते
प्वाइंट ,हाल ,हारा ,हाल 
डेढ़ , उलाता, उलाता, उलाता
तानेबाने ,वस्लने,वरिलने,वसूलेंने
दर्शनम ,परहदा,परवादा,परकदा
रक्खा , वास्सी, वास्सी, वास्सी
लहराएगा ,मरातन,पुकातन, अरातन
काजू ,नशाखोटी,नवखोरी,नशायरी
पूछता ,गोलाबारूप,गोलाबासिद,गोलाबाइद
