﻿valid,invalid1,invalid2,invalid3
प्रशिक्षणोपरांत ,एकडरों,एकलला,एकडऩे
पौरूष , भुवता, भुवता, भुवता
शास्वत ,मध्कामना,मनोरंमना,मनोविमना
जिताएंगे ,उफवाहे,अफवार,अनवाहे
छुट्टंी ,भत ,भूखा ,भूसी 
लपेट ,उतंल,उतंल,कतंल
डीआरटी ,टूटीं ,टीटा ,मीटा 
चित्रित ,सईचारे, अईचारे,भावाचारे
करवाएगी ,सहर ,सहरे ,बहना 
अठोली ,उठादा,उमते,उमते
जनन ,विजयदीदों,विशेयदीप,विचायदीप
संतुलित ,बायोजिक,उयोपिक,बायोपियो
अविलम्ब ,यथास्थिक,पथास्थिति,यमुस्थिति
जगाओ ,टिंति ,पदों ,फौति 
प्रमाणिक , बधीन,आधीचि,सधीन
परिभाषित ,निपलेगी,निकावगी,निकारगी
सुनसान ,पुकाया,पुकाया, पुष्री
आलाधिकारी , बवैरी,अवैया,पवैरी
निर्वतमान ,व्यंग्यवर,जयंग्यकार,व्यंगायकार
कहेंगे ,दिवायी,सलायी,सलायी
अर्धनग्न ,कदने ,कदते ,पदम 
ब्रज ,घोड़ी ,घृडे़ ,लडे़ 
गुणवत्तापरक , नाढ़, नाढ़, नाढ़
प्रबोध ,पताने ,उताने ,बताया 
श्रीविग्रह ,खिलता ,खिलेने ,खिलते 
वैबसाइट ,पर्यटरों,परियटन,पर्वटन
आमीन ,शिष्लक,पवालक,शिवार्क
सीमा ,खातामखास, असमखास,खासलखास
स्वान ,सौरतें,सौरतें,सौपेंतें
अभिव्यक्ति ,कालायकारी,प्र्यकारी,कार्यमारी
सूचारू ,अपते,अखाच,अपते
प्रदर्श ,मूंदगार,मूंदकती,मूंदर्र
दालमोठ ,बिजमाघर,बिजरघर, अजलीघर
ससंद , नाछ, नाछ, नाछ
जीवनरेखा , भगादी,भगोदी, भगादी
कंपनियां ,मध्वंसक,विध्यांसक,विध्वंसभा
जल्लाद ,मकुशल,सर्शल,सकुशर
तारीखें , अदेशकों,उदेशकों,निदेशने
बृजेश ,बूंई ,रागों ,मौैई 
नाको ,स्मानटफोन,स्वार्टफोन,स्मार्टबॉन
जलजमाव ,अज्ञानतावर,उज्ञानतावश,अपञानतावश
शालीनता ,बडे़ ,डेचे ,नांचे 
मानकार ,बढ़ें ,कैची ,बचें 
जंगल ,उलोवाट,उलोवाट,मलोवाट
श्रृंगार ,साप्ताहिम,साहताहिक,साप्ताहियों
दुखती ,फफूंल ,फफूंल ,कसल 
रेंगते ,दिहाक,कनांक,उनांक
रहमती ,चारती,चादण,चारती
भेजी ,भण्वाने, भटवाने,भरदाने
रतजगा ,उतभेद,मतभेरी, अतभेद
याज्ञनिक , चिपग,चिमग,चिमग
बंटेगी ,अंधेली,अंधेली,अंगुने
कनक , भट्र, भट्र, भट्र
पाना ,बंदी ,वीशी ,बंधे 
समझायी ,लगरायेगा,लहराधिगा,लहचायेगा
जामों ,उर्यावरणीय,पर्यावस्णीय,पर्यावस्णीय
जलाये ,प्रतिशमय,प्रकाप्मय,प्रक्शमय
बिमारी ,ठुकराज,ठुकसाया,पकराया
तरौली ,पौवी ,देर ,देर 
रती ,होनपरों,होनपरों,होनवारों
वार्डबंदी ,आधावृहीन,मधारहीन,आधारवान
बेदी ,विस्थाय,पस्मय,विस्थाय
मैदानी , रसीती,रत्य, रसीती
जन्म , पकलित,संकलिक,संकसात
प्रभाव ,सांठवाठ,सांठगाह,सांठकठ
अभेद्य ,कटरिनी, सटवानी,कर्वानी
अर्थिंग ,महाविद्वलय,मत्विद्यालय,महाविद्वंलय
गजराज ,पर्प्रेक्ष्य,परिसंरेक्ष्य,सरिप्रेक्ष्य
अनशनस्थल ,तंत्कू,कबाकू,उबाकू
आंग्ल ,मनिश्चित,अनिश्वत,अनिश्चिव
खानापूर्ति ,क्षेटल,क्विंटरों,क्याटल
नापकर ,आयोग्त,आमजित,आयोजियां
शायं , कदद, कदद, कदद
बस्ते ,सिकुए, बखाए,सिकुए
विशिष्टजन ,मनीटेशन,सेल्टेशन,सेनीटेबन
गुफाएं ,मॉरी ,दूतों ,दूनी 
बजेंगे ,अनुण्य,अनुण्य,अनुण्य
मजबूरी ,मोटरसइकिलें,मोटरसइकिलें,मोटरणाइकिलें
जायेगे ,आवचनात्मक,आलोरिनात्मक, प्लोचनात्मक
पेशेवर ,सस्कुराने,मुस्थाराने,मुस्साराने
बाजारी ,उकभाषा,लोकभाग,लोकराषा
खपाने ,गिरीतिज,गिरेराज,उरीराज
फंसता ,थाना ,ढोंनों ,थाने 
संचय ,तर्वावधान,तर्वावधान,तत्मवधान
निकेतन ,मक्तियां,पंहुतियां,पंक्ष्यां
रियात ,क्षयाशील,क्रियालल,क्रिवाशील
तरक्की ,पष्पक्ष,निष्पतिष,निष्पयोष
राजनैतिक ,ढीका ,नाली ,प्का 
माँगे ,उत्योग,मद्योग,उत्योग
पूर्णेन्द्र ,काश्यालय,कार्यालता,कालयालय
पायें ,नोडली,नोडली, नोडरों
शक्त ,सेवालथ,मवार्थ,सेक्र्थ
मनोहर ,होम्योजथी,सम्योपैथी,होम्मेपैथी
साग ,प्रस्तातियां,परस्तुतियां,प्रास्तुतियां
तीर्थपुरोहित ,पहकने,पटरिने,पहकने
आपूर्ती ,सरसाधन,प्रसाधता,प्रस्धन
वैद्यनाथन , उवाई, उवाई,जिसई
सर्मथन ,प्रस्याति,प्रिस्तुति, अरस्तुति
टेलीकाम ,पर्हगार,पहहगार,पदहगार
छटा ,भूदेल, भूलेल,भूदेल
रुपरेखा ,पहार ,पहार ,बहार 
दिक्कत ,अभिभागीण,सभिभाषण,अनुभाषण
मनाई ,अनवेस्टर,जनवेस्टर,इबावेस्टर
वंशगोपाल ,खर्स,खर्स,खराए
महंती ,ढाथा ,भुथा ,मास 
जिन्दगी ,पराने ,चमने ,उराने 
आदमकद ,सर्बनिक,कास्बनिक,कार्बजाक
बढाई ,पैंशठ,पैंतीठ,पैंसिठ
रोजा ,झूए ,धुंआ ,झांए 
जनगणना ,मार्गदर्ताका,मार्गदपूशिका,मार्गदर्थिका
बिचौलिए ,रोगग्रमत,रोगग्रमत,रोगग्रमत
रातोंरात , कढाएं,बहएं, कढाएं
पिला ,चारियारिक,मरित्रिक,चारिस्रिक
पतरघट , पनाने, पनाने, पनाने
ऐंठते , उशम, उशम,दबाम
विद्वेष ,सठानी, बठानी,सठानी
कुंद ,मनियादी,बुलायादी,बुनियानों
विराजे ,दोलने, दोस्न, दोस्न
ठगा ,मापवाडों,मालदंडों,मापदंती
चढ़नी ,भगयता,भव्वता,भव्वता
गयो ,निर्जही,निपमोही, अर्मोही
पदयात्री ,उधित, कधित,सधित
मृग ,मिर्एं,मिलएं,मिटएं
बिखरता ,दण्डुधिकारी,दण्डायुकारी,पण्डाधिकारी
पैदावर ,साम्न्यत,साम्न्यत,पमान्यत
जिम्मेवारियां ,होतीं ,गीश ,पिंश 
आला , कन्हें, कन्हें, कन्हें
पेशकर ,भांपड़ा, उगड़ा,भांगना
मजीरे , बाखे, बाखे, बाखे
खग्रास ,रेजीडेन,रेजीहट,रेजीडेन
पत्थरगढ़ ,अंबाने ,अंबाने ,अंजार 
बिनने ,कुरमुनि,परमुरी,कुल्मुरी
टोपरा ,प्रवाकिलो,प्रस्किलो,प्रतिकालो
टीसी ,कुर्त्य,कुकृतिय,कुकृतिय
इंद्रजीत , प्लमारियों, प्लमारियों,अलमारिक
खुंखार ,पगवानी,उगवानी,लगमनी
करेंगी , बाफे, बाफे, बाफे
हाता ,स्वंर्थवश,स्वार्थवक,पवार्थवश
बिगड़ा , उनौली, उनौली, उनौली
स्वस्तिक ,उकाय,निराय, ककाय
पॉलिश ,परमपज्य,पर्मपूज्य,परतिपूज्य
पीटीआई ,मनहाटा,दिखाहाटा,दिखहाटा
उपखंड ,छके ,संाके ,पुंके 
बहाल ,चया ,जिंया ,जिंया 
बिछावन ,खैमी ,नशें ,झोमी 
आत्मसात ,उईने, बईने,आदने
पशुचर ,मंगलायुरण,मंगलाचर्ण,मंगलाचरक
पंचा ,आवागे,आसागे,उयेंगे
जर्रा ,सलासिता, अलासिता,मलासिता
असक्षम ,हस्तक्रप,हस्तस्षेप,हस्वक्षेप
लौटना , अखवाई,रणवाई,मखवाई
दवे ,मयगुरु,सयगुरु,पयगुरु
मैंस ,प्रदाख, अरमुख,प्लामुख
सीढि़यां ,बरा ,सीरा ,हाटों 
आयोजनकर्ता ,डिजाइनकास,पजाइनर्स,डिजाइनदेस
गरमागरम ,तांत्राक,तांत्रियां,तांत्रिया
कानूनविदों ,ओढ़ ,ढीला ,दुला 
हराम , कगला, कगला, कगला
टालती ,संघोरी,संघोरी,संजोल
घुमाए ,ममलोग,आमड़ग,आमराग
शिवधन ,सैंतीजा,सैंकस,सैंतीजा
क्षतिपूर्ति ,सेक्नार,उमिनार, अमिनार
दाहिने ,हैंडवोम्पों,हैंडपयोपों, अडपम्पों
मूत्र ,जुर्जना,मर्माना,जुड़माना
जीतने ,रसनीश,रजरिश,रसोनीश
धनंजय ,शूतो ,दांत ,शूतो 
सिमन ,सरुष,पुरुखी,उरुष
श्रेणी ,ढ़ोखा ,घाखा ,तेखा 
गूढ़ ,मृगी ,मृगी ,चूगी 
धंसकर ,प्चे ,सैंचे ,नोचा 
उड़ ,जंजाई,जंचल,जंजाई
अनुसूची ,उलेंगे,उलेंगे,पाचगे
गीली ,चक्त,चक्त,चक्त
पिच ,आत्मकल्याएं,आत्मकत्याण,आत्मकल्यापी
बैठाने , बगुनी,उगुनी,उगुनी
पूर्णागिरी ,टेबिर,टेगौली,पगौर
पूजा ,मुक्डा, मुर्डा, मुर्डा
ओहदे ,गैरकाकनी,गैरतिनूनी,प्रकानूनी
मिश्रित ,पिटाच,उशाच,पिछच
रुमाल ,हृदस्रोग,हृदलरोग,हृदयकाग
हिंदुस्तानी ,जानसंरियां,सनकारियां,जानकारयां
हिलाया ,प्राटिना,प्रटिना,सलेटिना
जुटें ,असष्ठानों,अधिष्मनों,अधिनिठानों
मोहल्लों ,पतिपुज,पकराज,पतियाज
ऊँची ,पदालत,मदालत,पदालत
तंदूर ,उदता,कूल्ता,कूहता
पिंजरे ,पटरसाईकिल,मोटरसापकिल,मोटनीसाईकिल
रूपसा ,उकैत,उकैत,उकैत
रूठा ,उहादानी,सहादानी,महाकनी
कलालघाटी ,उनेवाला,मनेवाला,आनेवाने
विलीन ,कौतूहवें,कौतूहन,उतूहल
अंधविश्वास ,सुनिवाचितता,सुनिश्चितम,सुनिश्चिन्ता
जुडे़ ,कटालों,सटालों,उटालों
जानता , प्क्षारोपण,वृक्तरोपण,वृक्षारोहण
पर्दा ,विद्योतापूर्ति,विश्युतापूर्ति,अद्युतापूर्ति
अंताक्षरी ,तैसी ,तैसी ,चोंल 
संवादी ,कुम्पों,कुम्पों,कुशभ
दधीचि ,कममकार,कर्मकाओं,कर्वाकार
संधावली ,नियमविरुद्धि,नियमप्रुद्ध,नियवविरुद्ध
धज्जियां ,सताएंर,सतावली, अतावर
मिसरी ,मपवाने,सपवाने,उपवाने
दुबली , नाझे, नाझे, नाझे
जनसामान्य ,सर्वविर्मचारी,समीवकर्मचारी,उर्वकर्मचारी
कंगन ,गहराज,गड़राते, अहराते
दोराहा , चुनात, चुनात,चुस्तों
नाप ,रिस ,ठीपू ,रिस 
फोटोकापी , प्नुशासन,असशासन,अनुपासन
तराशना ,बिठात ,बिसानी ,बितात 
अनजान , मर्शन,दमशन,उर्शन
सीखें ,आवागमक,आवालामन,आत्गमन
पशुबलि ,उहराएं,पहराएं,दोस्राएं
हाईअलर्ट ,जुटमों,जुल्हे,उल्मों
लगाता ,अमृतमन,अमृतवाय,अनुतमय
गृहराज्य , बमझो,सबझो,पमझो
बारुद , गन्हें, गन्हें, गन्हें
अभियुक्तगण ,गिरएं, कनाएं, कनाएं
पद्मेश ,उदूक,पदूक,संबंक
थमेगी ,नालिती,उचती,नालिती
गुणवान ,नौलों ,रेंलों ,बिता 
लुधियाना , प्र्नमूल्यांकन,पुर्नमल्यांकन,पुर्नमल्यांकन
उपमंडल ,बेतुम, बेवम,बेतुम
राही , उरानी,वीराई,वीडिनी
दैनिकभोगी , उहाता, उहाता, उहाता
विरुद्व ,कुंवाब, कुंवाला,कुंवाई
पंहुचाया ,वंशायली, अशावली,वंशायली
संघर्षात्मक ,जौंगे ,टंकी ,टंकी 
सूचीकरण ,उथड़े,उथड़े, बथला
कसक ,फुलवारीशरीय,फुलवारीयरीफ,फुलसंरीशरीफ
रवाना ,मतराने,मतराने,कर्राने
पुट , प्थोलॉजिकल,जथोलॉजिकल,पैथोलॉजिकता
प्रधानमन्त्री ,ग्र्राज्ण,मर्रामीण,ग्यारामीण
दंग , अष्कर,दुर्कर,पष्कर
आशुलिपिक ,त्रैमार्क,त्रैमानक,त्रैमालाक
बचेंगे ,हेडकांस्पबिल,अडकांस्टेबिल,हेडकांस्तबिल
कच्छी ,नालिते,नालिते,नामिते
धराए ,सुधाझाते,सुधाझाते,मलझाते
आनंदविहार ,संगधि, बबंधि,संगधि
गुजारेंगे ,हलएं,हलएं, हरएं
जमकर , धिकाने,धिकाया, धिकाने
निठल्ले ,संवार्भदाता,अदर्भदाता,संदर्भतता
घेरेगी ,हरियार्शन,हवादर्शन,हरियार्शन
प्याले ,जलनों,जतानों,जतानों
वृष्टि ,जलभराने,जलमाराव,जलभक्व
राकेट ,दुर्भावनाकर्ण,दुर्भावलपूर्ण,दुर्भावनापूर्य
गुंज ,तहमय,तन्दय,तन्मती
घिसी ,विक्षुब्धी, प्क्षुब्ध,विक्षब्ध
पराठा ,उत्भोक्तावादी,उपप्क्तावादी,उपेभोक्तावादी
निर्मली , बाखे, बाखे, बाखे
अभ्रदता , पजरी, पजरी, पजरी
अधम ,देखेड़ी,देखेड़ा,उखेगी
