﻿valid,invalid1,invalid2,invalid3
इनामी ,आनंयात्म,आत्यात्म,सध्यात्म
श्रद्वांजलि ,प्राविधियो,प्राचाधिक,प्राविधाक
जनस्वास्थ ,सिकुय,सिकुय,सिरय
पारिस्थितिक ,भिजषुक,भिक्कक,भिक्षिक
गोंडवाना ,भैला ,डंला ,भैला 
चूरा ,भोजमारी,भोजररी,भोजमारी
फर्जीवाड़े , उरोधी,विरोसे,विवाधी
सहसंयोजक ,सबष,सजाष,सहष
साभार ,बदनिकती,बदरयती,बहनियती
सर्वहितकारी ,प्रकोले,प्रकोले,प्रकोले
उजाले ,असपताओं,अभिपताल,असपतार
चापाकल ,मफलता,सफलन,सफलन
कमाते ,छूटेरे,छूटेल, उटेगी
सबरस ,नवनत्रे,नवस्त्रे,नर्रात्रे
डूबने ,सदस्तूर,बदयतूर,बदस्तार
स्वर्णिम ,कटेंड, उटेंगे,कपगे
फेंकता ,चिमया,चिमया, चिपया
अजन्मी ,उगीकृत,मगीकृत,अंगीवात
जौहर , पमात, पमात,उमात
जूझता ,टंकी ,टंगी ,टंकी 
कान्स्टेबल ,गुत्ममगुत्था,गुत्थयागुत्था,गुत्थमन्त्था
औलाद ,वियोरा,विचाग, कयोग
सौंपें , अलकती,झरकती,झलदाती
जगाती ,कीक ,कीट ,डूमा 
रखेगें , कगला, कगला,दोगते
परहेज , आसाया, आसाया, आसाया
आवेदित ,विकासोन्नख,विकासोन्नख,विकासोन्धख
स्फूर्ति ,ककें, साकें, साकें
विद्यासागर ,सर्नाटा,सन्नाओं,सन्होंटा
बेचनेवालों ,प्रतिपूक्षा,परतिरक्षा,प्रतिरक्स
धधकी ,सर्तन, सरतन,सत्रिन
जाहिद ,पेदी ,वाट ,वाला 
ग्रीष्मकालीन , सचाने,उचाने,उचाने
पहनाएं ,चुनवार,चुनकने, चुटकर
पायजामे ,मनकागा,मनरेगी,पनरेगा
त्रिभुज ,घसीबना,ससीटना,मसीटना
लीपापोती ,रहस्ट्रार,रजिस्तारार,रजिशट्रार
पहरे ,सर्तक्रांति,सप्रेक्रांति,सप्राक्रांति
शील ,सकाली ,पकाली ,नियली 
भूना ,पबियां,कबियां,कबियां
लोलुपता ,मायानगत,मान्नगरी,मार्नगरी
पहुंचे , पजान, पजान, पजान
गिरानी ,खोदे ,खोरी ,कांज 
मशीनिस्ट ,शालीस, उलीन,शालीस
निकालने , लहानी, लहानी, लहानी
स्नानघर ,निस्क्षण,निकक्षण,सरीक्षण
मिटटी ,घबला,घबल,घपरा
भूभाग ,विराय ,विवाय ,बजय 
आयुक्त ,नीचयां,नीययां,नीलायां
भुनी ,उलजला,पलजला,उलजला
महाभोग ,वर्देव,वसुदेशों,वसुलिव
झेली ,चमगी,चढ़ागी,उलेंगी
संशोधित ,संदिग्राता,संदिशधता,संदिग्रेता
संकटमोचन , कढ़ाती,सढ़ाती,सढ़ाती
दूल्हा ,छटा ,खांटा ,छांटे 
धोती ,रागों ,रौहे ,खोंहे 
मलीन ,बेहमानों,मईमानों,मईमानों
ग्रस्त ,बवाब ,बवाला ,बवाला 
अमन ,खटददार,खरीड़ांदार,परीददार
हॉर्टीकल्चर ,मंगलकट,मंगलहाड़े,मंडलहाट
खोने ,कानूठे,उनूनों,सनूनों
फारुखी ,अरमन्द,अरविधिद,अभिविन्द
ब्रह्मापुत्र , बाभा, बाभा, बाभा
इज्जत ,बातें ,जीने ,जीरा 
शिवाधार ,स्वार्यों,स्वारयों,स्वार्यों
खोखा ,ताबड़जाड़,मबड़तोड़,ताबसातोड़
सीम ,नोंकसाक,नोंकसाक,मकझोंक
अवधबिहारी ,युज ,चोंज ,खौज 
सुचना ,कतिमा,सतिमा,अंधेमा
भिक्षाटन ,लक्पत,लखपर,लखलात
सकारात्मक ,धिक्षर, अक्कार,धिक्षिर
खासबात , सरुणेश,अनणेश,उरुणेश
घुन ,मंत्या, सगाया,मंत्या
गढ़ैया ,निदू ,डदू ,डदू 
मनोयोग ,अनकाय,अपन्य,उनन्य
नगरवासी ,भिक्वा,भिगोवा,भिगोवा
जलप्लावन ,जनाध्यक्ष,सेमीध्यक्ष,सेहध्यक्ष
पीक ,मतिकवाद,भौतिपिवाद,भौतिकशीद
खायेंगे ,पषेध,सषेध,निकध
हुअा ,धंरी ,रूंरी ,धड़ों 
चिपक ,कटेरों,कपगी,कमागी
टकराते ,जलकने,जलदाल,जलकते
विश्वास ,ममकाने,धमझाने,धमराने
बहनें ,मशबंदी,सशबंदी, अशबंदी
टोकरी ,क्रूरकम,क्षरतम,क्रूरकम
बुढ़ापा ,अनुयाद, सनुवाद,अनुवाने
महापात्र ,लिपज, उहाज,लिपज
गोली ,पैमाइयां,उमाइश,पैमारश
बैलट ,बेलमानों,बेहमानों,बेहमानों
भूतकाल ,पिघकते,पिघटते,पिघवाते
आत्महत्याएं ,अंतरगण,अंतरवात,अंतरगला
तलहटी , बभय,पभय,अभली
श्मशानघाट ,कलेगी,कलेगी,सलेगी
जाओगी , अदगीभर,जिंदगीभरी,मदगीभर
जनसहभागिता , अक्तिधाम,मुख्तिधाम,प्क्तिधाम
कुटिल , बगमे,सगमे,नन्मे
मानभत्ता , बछुवा,कछुड़ी,कछुड़ी
परखेगी ,प्देड़कर,खदेड़वार,पदेड़कर
जनकल्याणकारी ,काया ,ठीरी ,ढरी 
गाढ़ा ,सतरती,उतरिती,उतवाती
विरान ,बंदूती,बंदूती, बंदिती
अर्धसरकारी ,पकायों,उकायों,निरायों
काश्तकार ,पषयक,विषणाक, अषयक
उदगार ,औैथा ,मैंने ,मैंस 
अवधि ,अथाएं, अर्ई, अर्ई
स्मारकी ,अमाजसेविका,समार्सेविका,समाजप्विका
शोभायमान ,पंडितत्व,पंचतरव,पंचतराव
फुलगोभी ,राजट्रीयता,राष्ट्रीराता,पष्ट्रीयता
कमजोर ,जनार्दय,जनाहदन,जनार्थन
अफ्तार ,दंश ,खगा ,थगा 
दिखाती ,पुनषोत्तम,सरुषोत्तम,पुरुवीत्तम
केला ,छिदी ,शॉदी ,मुदी 
अवहेलना , अरगना,मरगना, अरगना
ठुकराई ,प्रार्थनाकत्र,परार्थनापत्र,प्रार्वेनापत्र
रूके ,उनायी,सुलयी,उनायी
भेज ,शीतकाह,शीतगृही,शीतरिह
राक्षसों ,महाद्र, पहेंद्र,महेंद्ध
सुलझाएं ,रोजेन्र,रोजेतार,रोजेतार
कमांडर ,नौहाख्वासी,नौहाख्वाला,नौहाख्वाला
हैरतअंगेज ,संस्ष्टि,उतुष्टि,संतुल्टि
पाइपें ,सुंघारी,सघाया,उघाया
फूक ,खासिधारी,खातावरी,खाताधान
दुगने ,भदाम, भट्नी,भदाम
फुर्तीला , सशाई, सशाई,उशाई
जगभूषण ,प्लासूति,प्रहति,प्रासूति
व्यवस्थापिका ,मातृशोभा,मतृशोक,मानशोक
गवाहों ,ढांचारत,सचागत,ढांचायत
बलिहारी ,प्स्कराते,मुस्कराम,मुस्थाराते
बिछुए ,प्रक्षेत्ण,प्रदषेपण,प्राक्षेपण
निर्दाेष ,ट्रांसफॉर्मिर,परांसफॉर्मर,ट्रांसकर्मर
प्रस्तुतीकरण ,पैरोज्ड,पैरोज्ड,पैकेज्जो
सुनाया ,चलटानें,चट्टाप,सट्टानें
स्वादिष्ट ,मुंहार, सडेर,मुंहार
हुरियारे , उराक,खुराए,खुराया
कैमीकल ,अदर्क,अदरण,मदरक
कहावत ,लांघा ,लांग ,लांघ 
बनाऐ ,जमारर,जमारिर,जमारर
जनसुविधा ,खुराबु,खुशव,कशबु
रोचकता ,टोंट ,फट ,वेट 
डरता ,विलों ,बोड़ी ,विलों 
संभलना , कगाना, कगाना, कगाना
सुधरता ,मूल्यापन,मूल्यात्न,मूल्पकन
न्यायहित ,राष्ट्रयस्तर,राष्ट्रीड़ास्तर,राजेट्रीयस्तर
उपासक ,सृजनाधिमक,पजनात्मक,जजनात्मक
असलाहों ,सेंधमुंरी,उधमारी,सेंधर्री
सैयद , प्केन्द्रीकरण,विस्न्द्रीकरण,विकेन्द्वकरण
स्थानान्तरण ,धुंधक, कधले,धुंधता
महबूब ,चौसता,चौमुता,चौराता
नगरीय ,सर्मिदा,समवदा,सर्तदा
सरेसर ,उरुमुखी,गुरुवाखी,गुणमुखी
बुजुर्गों ,तख्तावलट,तख्तापर्ट,तख्तापलय
लाभांश ,रेलसेतु,रेलझवा,रेलझवा
संशोधन ,प्रिभुवन,त्रिभुवर,त्रिचावन
अरोग्य ,सबसूरती,खूबड़रती,मबसूरती
ब्राम्हण ,पयके, बयके,पयके
हटाया ,कनुस,युनुषा,युनुषा
जेवरात ,जद्दीस्थल,गद्धास्थल,गद्दीस्थिल
अभेद ,निम्पों, बम्र,निम्पों
नगरायुक्त ,सपरिटेडेंट,अपरिटेडेंट,सुपरियडेंट
महापरिवार , कजते, कजते, कजते
किचकिच ,जसहार,मसमेर,जसमेष
शातिरों ,पष्पाजंलि,सष्पाजंलि,पुष्पात्लि
प्रेरित ,जजरिन,जजरिन,जजरान
भूतप्रेत ,जानदानों, सनदार,जानदानों
हर्जा ,वादिडो,उर्डो,पर्डो
छलकने ,मठोरतम,कठोरपाम,कथारतम
लक्ष्मण ,अव्जकतत्व,अरामकतत्व,अर्जकतत्व
बाइकसवार ,प्राधिकाओं,प्रामकार,प्रायोकार
चंद्री ,सक्टिंग,मक्टिंग,एक्कग
गेंदबाज ,पधिपति,उधिपति,अधिपन
थारी ,जनप्रतिनिधिकाण,जनप्रतिपूधिगण,जनप्रतिनिधिकाण
करें ,निगने,कगमों,निशामों
शंकाएं , चादक, चादक, चादक
दीवारी ,हाथाजीत,हाथाजीत,हारजीह
शक्ल ,पंडाद,पंसते,पंसले
कमजोरी ,सराजेक्ट,प्राजेक्ष,प्राजेक्ति
सलाहउद्दीन ,अभिभाजन,अभिभाजन,अभिरंजना
लायसेंस ,हठवागी,हमयोगी,हठभेगी
बंटाधार ,सामावेद,ममवेद,सामवेरा
उज्जवल ,भंम ,वाणी ,कोम 
बाइकिंग ,महआरे,उछुआरे, अछुआरे
धर्मरक्षा , लड़ावा, लड़ावा,लकना
विद्याभूषण , अदाबहार,सदाबहाड़,प्दाबहार
रेफरी ,पारिस्थितिधिय,पारिस्थितिधिय,पारिसंथितिकीय
धुआं ,विघटियां,विस्टित,विकटित
उड़ती ,समताईस,सत्तारस,सम्ताईस
कुढ़ ,खिंचार, खिंचई, खिंचई
ईमानदार ,झुंक ,कूक ,चोटों 
गुजराती ,जिर्णोद्धाम,जिर्णोद्धर,पर्णोद्धार
धुनाई ,मञानेश,ज्यानेश,ज्येनेश
रोडि़यां ,चुंतों ,मंतों ,राहे 
आत्मबोध ,लेंप ,लेंप ,धंप 
स्नेहदीप ,शाहबारी,शामिबाद,शास्बाद
सकरे ,प्च्छाधारी,इन्छाधारी,इम्छाधारी
शक्ति ,बदकिस्मक,बदलस्मत,बन्किस्मत
यज्ञस्थल ,महाकषि,महारषि,उहाऋषि
आषाढ़ी ,पलाकर,मिलाशर,मिलाकते
एकता ,अनुपस्थात,सनुपस्थित,अनुसंस्थित
चंगे ,नन्म,नज्ञा, कज्म
मुकुंदी , अलबाला,पलबाला, अलबाला
अर्चना , बैरते, बैरते, बैरते
प्राणवायु ,महारत्र,पहारत्न,पहारत्न
नवकिशोर ,विधिरों, कधिक,विकाक
परवाह ,जीर्मद्वार,जीर्माद्वार,जीर्यद्वार
भरोसेमंद , नाछ, नाछ, नाछ
चूस ,अभिवेषक,अन्वेटेक,अन्वेशिक
बैठाई ,भूटे ,छींटे ,पटी 
मारती ,घटलु,घरेगा,घरेगा
अभिलाषा ,अंगुका,अंशियां,अंशियां
बाजी ,चुनाले,चुटीर,सटीले
रामचरित्र ,पमायण,राजायण,राजयण
कंघा ,वेशर्षा,पशभूषा,वेशवाषा
चुनी ,महाशिवस्त्री,अहाशिवरात्री,उहाशिवरात्री
ढंग , पक्षत,अनषत,अपषत
परियोजना ,प्रायोर्यों,प्राचार्थ,मराचार्यों
मंगवाने ,अखरड,अखकड,अखण्डों
भगाता ,पलेख, बलेख,विराख
स्वर्णिमा , बबि, बबि, बबि
रूसी ,शस्त्रधाम,शस्त्यधारी,शस्त्राधारी
छानती ,मिलठी,मिटाठी, बष्ठी
रूढि़वादिता ,झंझसे,पझट, बझट
पुनर्मिलन ,कड़ाए,कड़ाया, बड़ाके
गदाधर ,पाठभेला,पालिशाला,पालिशाला
सन्मुख ,सीटिना, कखना,सीढि़ना
चूल्हा , अट्टरता,पट्टरता,कट्टमाता
पत्रकारवार्ता ,शर्तिखंड,सक्तिखंड,शक्तिमाड
नकारने ,प्रसाहन,मरसाशन,प्रोसाशन
बोलता ,बाटें ,कृण ,बाजी 
खस्ता , बगाते,सगाते,सगाते
नौकरों ,सजाहे,उराहे,सजाहे
सुधारे ,रात्मा,राजामा,रात्मा
खाइए ,गुरुमुजा,उरुपूजा,गुणपूजा
कर्मयोगी ,सुखों ,रिरा ,शेरा 
यंत्रों ,पोस्टहफिस,पोस्टमोफिस, प्स्टआफिस
दर्ज ,खुदर्ये,खुशवाये,पदवाये
मटका ,कपसी ,अस्सी ,कससी 
जरूरतमंदों ,उलिनी,उलिनी, कलिनी
खौफ ,महागिन,सुलगिन,सुहागिरी
पंगत , उवान,हैवाला, उवान
पलना ,खदेती,खरीती,खदेती
भण्डारण ,उरादरी,परादरी,उरादरी
धनुर्धर , लुटेई,लुढ़ई,लुढ़ई
नामुराद ,पहमानी,मेधामानी,पहमानी
सर्दियों ,कौंरी ,घेरो ,सरी 
गंधा ,उतेले, बतेले,सौतेश
खुदवाकर ,श्याभागवत,श्याभागवत,श्रीड़ागवत
कार्यवाह ,मोबाइश,मोलइल,मोबारल
सड़कों ,रूकावली,रूकाइट,रूस्वट
ट्रेक ,मारन ,मालिन ,पपन 
फुफेरा ,टारा ,भरी ,नारा 
