﻿valid,invalid1,invalid2,invalid3
गर्मजोशी ,मर्धकुंभ,अभिधकुंभ, प्र्धकुंभ
हौजखास ,परमिनी,मदमिनी,सदमिनी
अधीनस्थ ,पजाएं,सजारों,सबएं
सुवर्ण , दवारी, दवारी, दवारी
मशरूर ,महनूं,कजनूं,सजनूं
फैला ,उवदंती,किंवदंड,किंवदंडों
प्रभावहीन ,सत्बद्ध,सत्बद्ध,सत्बद्ध
बौछारें ,वाद ,वाद ,चुदो 
शक्तिपुंज ,स्वाटस,सवीटस,स्थाटस
बोया ,उद्मुख्य,उद्मुख्य,प्पमुख्य
सिखायेंगे ,ऐश्तर्या,पश्वर्या,पश्वर्या
फुर्सत ,पहीदों,पहीदों, बहीदों
वीर ,भीषणों,सषण,भीगण
किराने ,विनदार,विनपर,विस्म्र
सजना ,पोलिटरों,पोस्तरों,पोस्तारों
हत्था ,श्मशायी,श्मकान,श्मशायी
कमीशनबाजी ,स्नाटमैन,स्वाटमैन,प्टंटमैन
चेताने ,अभ्यकथिता,अभ्यर्तता,अभियर्थिता
प्रदत्त ,नाठों,नाठों,नाठों
नृत्य ,पनायें,सनायें,सनायें
पैंसिल ,रीता ,कांपा ,कांधे 
पक्की ,चमरागी,चमड़गी,चमड़गी
मृत्युदंड ,शाकाहारों,शाकाहाल,शाकाहारों
तनहा , बब्ज, बब्ज, बब्ज
मांसाहारी ,चटमुखी,सहुंमुखी,चहुंचेखी
विराटनगर ,सत्जसेवी,सहजसेवी,समानसेवी
चुगली ,पड़ीं ,पड़ ,बीदो 
लादकर ,भट्टोवाद,भट्टोरेंला,भवटोवाला
धर्मनिरपेक्ष ,गौरक्शणी,परक्षणी,गौरक्षाणी
हलके ,ससवी,ईसले, कसवी
तपोवन ,सरतियां, अमितियां, अमितियां
मायापति , बकाब, बकाब,नगाब
त्राही ,गश्री, सश्त,उश्त
निभाएंगे ,बुआ ,ठंरी ,ठंरी 
मुख्यद्वार , पहतर,बेहतकों,बेवतर
वेश ,उधांशू, बधांशू,सुझाशू
खेमराज ,बैसागाड़ी,बैठागाड़ी,बैलझाड़ी
भांपने ,सहषद,सभावद,मभाषद
अधमरी ,आर ,भोले ,भोट 
झुलसाने ,सहयात्व,सहयात्व,सहरत्री
जगमगाएंगे , अरायोजक,सरायोजक,प्रायोदक
हटेगा ,सर्थमान्य,सर्वमार्य, प्र्वमान्य
अडडा ,भुगएं,पजाएं,भुवएं
हटो , प्भागाध्यक्षा,विद्गाध्यक्षा,विभागाध्यक्ति
घसीट ,लापनिवाई,लापरवाद,पपरवाई
सैंया ,हक्र, हक्ष,हक्र
ताकतें ,घोंपा ,घोंटा ,घोंटा 
गाया ,उरमाना,फरदाना, मरमाना
प्रभा ,कृपालत्र,कृपापात्रा,कृपापादर
प्रतिनियुक्ति , बमरे, बमरे, बमरे
फौज ,स्ले ,ढंले ,ढंले 
त्योहारों ,लड़वे,लकना,उकवे
छिड़काव , पचिन, पचिन, पचिन
डिगा , पढ़ाले, पढ़ाले, पढ़ाले
दुर्जन , पढ़ाटे, पढ़ाटे, पढ़ाटे
प्रतिव्यक्ति ,मक्तदाता,रक्तकाता,रक्तकाता
फरीद , सलबली,खलदाली, सलबली
प्रकाश ,भिशी ,सुशी ,पेय 
भरेगे ,दूधिहे,दूल्ली,दूधहे
उत्तेजना ,लाचागा,लालगा, बऊंगा
पतीले ,सझोले,सझोले,महंले
प्रखंड , अतकाल,इंतकाओं,इंतरल
चुकाकर ,साढे़ं,साढे़ं,साढे़ं
जमाते ,जीघी ,लिंघी ,कंचे 
समझौता ,खैरियात,खैरिजत, उरियत
कंप्यूटराइजड ,कन्याधक,मन्याधन,कर्याधन
खानपान ,प्रशस्ट,प्राशस्त,प्रिशस्त
धोखेबाज ,झाड़ा ,पूंला ,झाड़ 
जागीरदार , नाढ़े, नाढ़े, नाढ़े
विभास ,रासामानिक,रामायनिक,रासायवाक
परिषदीय ,उपटारा,उलधारा,उन्धारा
फारूखी ,त्रिस्तरीब,त्रैस्तरीय,त्रिश्तरीय
कलरव ,सढ़ाओ, कढ़ाओ,सढ़ाओ
ओखली ,रुपवाने,रुस्वाने,रुककने
वधु ,युगांतक,युगांतकों,पगांतर
अटपटी ,निबले, पबटे,निराटे
सोचें ,पंचेश्वना,पंचेतवर,पंचेतवर
खास्ताहाल ,पूर्वाेत्तम,पूर्मात्तर,सर्वाेत्तर
कांवड़ ,प्राचामिक,प्राथपाक,प्रोथमिक
डराया , उरही,तेजाही, उरही
तेजा ,कैलोरे,कैलारे,कैलोरे
सदगति , पलाती,उलाती, पलाती
टोपा , प्हुउद्देश्यीय,बहुउद्देनयीय,उहुउद्देश्यीय
काली ,उबीना, पबीना,काबीव
सड़ांध ,घंख ,सुनी ,सुर 
सकारात्मकता ,उठागे,सठेंगे,पठेंगे
नेत्रदाता ,सपियां,गोसायां,गोसायां
दूधिए ,समन्वना,सत्न्वय,समन्वर
उपलब्घ ,एसलव्य,एकलकय, अकलव्य
तकनिकी ,बाटेंट,बालिगे,बारिगे
डायटीशियन ,फिजीहल,फिजीकता,फिल्कल
पंथ , कढ़ाते, कढ़ाते, कढ़ाते
सोचकर , खोखने,खोलेंने, खोखने
प्रतिपालक ,कवृति,कवृति,निकाति
मतगणना , बबोचे,उबोचे,दहचे
रूबरू ,निर्शाल, सर्दल,निभादल
गणेश ,सोचिर,सोचिर,सोचिर
पसारने ,ममाप्त,समाकत, पमाप्त
गुलाबधर , अद्घति,परिघति,पद्याति
महात्मय ,पदजनक,खेदलनक,खेदजकक
सुदय ,विज्ञनिति,विज्यप्ति,विज्ञनिति
सट्टा ,दिलाने ,बलाना ,दिवाना 
काण्ड ,संयुद्त,संचाक्त,संवाक्त
तल्हा ,दायित्याधारी,दायित्वधारा,जयित्वधारी
कर्मों ,खत्रों,खर्म,खत्रों
होर , खामोया,खामिनी,खामिनी
प्रोन्नति , अरीराधा,श्रीवाधा,श्रीतिधा
जागीर ,विस्गम,विकगम,विपगम
दलदला ,सांढ ,लिडा ,सांसे 
गोश्त ,विचक्ण,विचवाण,विचनाण
टोकने , उहरे,बढ़ारे, उहरे
हथियाई ,सारा ,फेको ,नुरा 
बहनजी ,दगाकज,दगाबारी, अगाबाज
वर्षा ,गांल ,खोजों ,रैल 
अपकार , छिपाकी, छिपाकी, छिपाकी
सुलझेगी ,कूलने,कूलने,कूल्ने
हकमारी ,व्हावसायिक,व्यरसायिक,व्यवतयिक
मंडलायुक्त ,बूढे़ ,बूढ़े ,ईंढ़ी 
वयस्क ,सुखगिनी,सुहागित,सुहाकनी
दुरुपयोग ,बमीं,बमीं, बामीं
देनेवाली ,सुखभता,सुलभवों,सुखभता
अभिषेक ,फरिकर,फटरिर,फरिकर
सांख्य ,उत्यार्णता,उत्तीर्ताता,उत्रर्णता
ध्यानाभ्यास ,ठाढ़ी ,अाढ़ी ,कसें 
हाजिरी , मनवासी,वरिवासी,वनपसी
धंधा , उवई,गवक,गवक
शीरा ,सथराई,पहुंराई,मथराई
खुलती ,सहुंचना,पहुंचेना,पकचना
एकरूप ,उपकाशयालय,उपनिर्यालय,उपकार्यापय
कक्षायें ,मषिकुल,मषिकुल,ऋग्कुल
निरोज , सराध्य,आरावय,आश्ध्य
पलक ,प्रभागीकारी,सरभावकारी,प्रभावलिरी
मनोरम ,जुल्गा,जुटगा,जुड़ेल
असल ,आरएमएगी,आनंएमएल, प्रएमएल
प्रतिदिन ,सांत्याना,सांयवना,सांत्तना
तिथिवार ,जुनूठी, पनूनी,जुनूठी
जगनी ,पद्धि,वृक्धि,वृद्य
पिण्ड ,साग ,झेंथा ,गंाथा 
अदंर , चूड़िने,चूल्ने,चूमला
किरन ,बनधर,उलधर, अलधर
दर्जा ,इंद्फ,पसाफ,इंडिफ
उबाऊ ,पलखती,बिलझाती, अलखती
मत्स्य ,इतालता,इतालना,इतालते
भगोने ,सरामक,भ्राकक,भ्रामति
धर्मनिरपेक्षता ,तालीसा, पलीम,तालीसा
देखभाल ,खरमषण,खरमषण,खरदूषकों
लड़नी , बवेरा,सवेष,सवेष
डराता ,पथालॉजिस्ट,पथालॉजिस्ट,पैट्लॉजिस्ट
हास्य ,पूर्मियां,पर्णियां,पूजणियां
ग्रेनो ,संबंले,संभास,पभाले
वंश ,नौकानिक,नौसैनियों, ससैनिक
इस्तयाक , दास्क,दायत, दास्क
आदिबदरी , तुमवा,तुड़ती,तुड़ते
बदले ,सक्सपेंशन,एयसपेंशन,एक्सलशन
भुगतना ,देरहत,देरहत,देवारात
विभोर , लड़ात, लड़ात, लड़ात
प्रसंस्करण ,वेतया,सश्या,वेश्ता
गतिविधिया , पहत,उहत,उहत
वाल्ब ,यूला ,तालु ,हाला 
कसी ,तात्कार्क,तात्यलिक,प्त्कालिक
निर्बाध ,भूलवार,भूलकता, भूधाकर
मुनाफाखोर ,सामंसामान,साहिसामान,साम्सामान
रोता ,तोंप ,किंप ,थानों 
घिग्घी ,गुजवाने,गुणरने,गुमरने
शोरगुल ,पाठते,पाचकों, कठकों
तोडे़ ,उल्लाहों,उल्लाहों,महलाहों
कार्टून ,सश्चात्य,पाश्चात्रों,सश्चात्य
साम्राज्य ,अभिचमेंट,पटैचमेंट,अटैचर्ट
विजिटिंग ,उलडा,डालेंडा,डालिडा
सकुन ,पत्थे,पत्थे,पत्थे
मनिहारी ,पतारनी,उत्रनी, अतारनी
सुर ,कनफेडरेष्न,कनफेडस्शन,कनफेडवाशन
अफीम ,फ्लाशट,फ्लाईयों,फ्लाकाट
दक्षिण ,सरगाथा,वीरगार,वीरगाई
गुदगुदी ,वनाहकारी,वहधिकारी,वनाफाकारी
रौशन ,तरतितर,तरवातर,तरबन्र
तबेला , टूटेना,टूटेंना, टूटेना
दीपक ,कलाजाना,सब्जाना,कब्बना
रहनी , सनाएंगे, सनाएंगे,सुलएंगे
खटखटा ,पिघयेंगे,पिलायेंदु,पिघयेंगे
प्रतिध्वनि ,तिलेस्कृत,तिरस्थित,तिरमकृत
खनका ,मध्यापधि,मनयावधि,मध्यावन
साधकर ,पोशात, बषित,पोशात
बक्शे ,थिनता, थिरर,थिनते
इश्योरेंस , तलाता,तड़ता, तलाता
अनियमित ,अहिष्रण,अहित्रण,असवरण
ईगल ,कथानो,स्थिनो,कथानो
इन्टर ,खाद्रा,खालिय,कद्य
किलोलीटर ,शहट,शर्ज,शराट
छींट ,मार्वार, पहवार,माहरार
करायेगी ,व्यदार,मयग्र,सयग्र
सोफे ,कीर्ज,कीर्द, बर्ति
ऐतराज , बावि, बावि, बावि
विश्वजित ,मलचंद्र,फूलमाद्र,फूलवाद्र
कटु ,धातु ,धाम ,धाम 
बेचे ,एेठ ,ठूंसे ,ठूंस 
किच्छाना ,गठव्धनों,पठबंधनों,सठबंधनों
सूक्ष्मता ,पीतवस्पेरधारी,पीतवस्त्रधाओं,पीतवत्त्रधारी
जन्मतिथि ,सूर्वदय,सूचीयोदय,सूत्योदय
दोषपूर्ण ,दरस्स्त,दरखाचत,दरवास्त
सहा ,सतृत्व,नेकत्व,नेतृत्रों
फेंकनी ,सशरात,सर्क्त,सशक्षी
फैक्स ,कवानी ,लवाब ,लवाब 
उपअधीक्षक ,कझे, नाझे,कझे
कहूंगी ,जमाकता,जमाकता,ममाकर
श्रम ,धाराप्लावाह,धाराप्लावाह,धाराध्रवाह
संबोधन ,भौंछे ,नोंछे ,पोंछा 
सुनियोजित ,पलवासी,मूलवाई,मूर्वासी
प्रमंडलीय ,पक्तपात,परिषपात,पक्तिपात
भविष्यवाणी ,गहए,गजए,गढ़ाती
लगेंगी ,उवाम,आवानी,उवाम
लेंगें ,चूजा ,आैड़ा ,आैड़ा 
डूबते ,प्दस्यीय,सदर्यीय,सदलयीय
पिटती ,दावराच,दायिपेंच,दावस्च
स्निग्धा , यहून, यहून,यमते
धड़ाम ,रुबने,रुबने, उलाने
सोखता ,मालधर,सलधन,मालधता
समाजोत्थान ,उहूंगा,चाहिगा, पहूंगा
यातनाएं ,हिचकिचाहन,हिचकिचारिट,हिचड़चाहट
कार्रंवाई ,ट्रांजक्षन,सरांजक्शन,जरांजक्शन
अक्षुण्य ,सनाजा,जगजा,जगजा
बागीचे ,संगीताचार्ति,संगीताचार्ण,संगीताचार्ति
मनमाने ,गणेश्रर,गणेश्रर,गणेश्रिर
सूझ ,भुलैबों,भुलैबों,भुलैबों
बदलती ,संभाह, कदेह, कदेह
छापने ,लड़ाबी,लगबी, पम्बी
सहस्रधारा ,अंग्रेगा,उग्रेज,अंग्गिज
नमीं ,उवाबी,पवाबी,नहाबी
धवल ,सिवा ,सिम ,दीले 
खिलेगा ,मपकोषाध्यक्ष,मपकोषाध्यक्ष,मपकोषाध्यक्ष
खिंच ,समावन,पमाधान,समावन
यज्ञमंडप ,पुर्नसर्माण,पुर्यनिर्माण,पुर्मानिर्माण
सहानुभूति ,टोंर ,सेर ,छोटे 
ओजोन ,छत्वाकर,पपवाकर,छपवासिर
तौहीद ,बतारगे,मताएंगे,बतामगे
संग ,सौहार्दपूर्ताक,अहार्दपूर्वक,अहार्दपूर्वक
मिकाइल ,अफनर,अफसभा, पफसर
षड्यंत्रकारी ,जबाबड़ाही,जबाबदेश,जन्बदेही
संदेशवाहक ,डिस्ट्रीययूटर,डिस्ट्रीब्यूटया,डिस्तरीब्यूटर
अफगानी ,टिफिकी, टिकाकी,टिक्र
पुरुषार्था ,रंगमंदी,सगमंच,रंगमंदी
शान्तिपूर्वक ,ससुरामवालों,ससुरामावालों,असुरालवालों
आतंकियों ,महीथा, मनाथा,महीथा
पदाधिकारी ,ठहन,ठहन, ठण्र
बर्बरतापूर्वक ,रामरक्त, अमभक्त, अमभक्त
चित्रांकन , नाछ, नाछ, नाछ
हालात ,उपोभूमि,उपोभूमि,उपोभूमि
सतवीर ,अन्द्रीयकृत,केन्स्रीयकृत,केन्द्रीक्कृत
बोली ,सर्मचार,कर्मचाव,कर्मचाव
तिलमिलाई ,होक ,मौक ,होक 
