﻿valid,invalid1,invalid2,invalid3
मुरब्बे ,अध्यक्रता,अर्यक्षता,अर्यक्षता
साहित्यिक ,चिन्होंत,चिन्हिक,चिल्हित
विश्राम ,प्रदाट,प्रवाट,प्रेकट
जेबकटी ,उत्नत,उन्दत,उन्दत
निबटाने ,शरियता,शहयत,शरियन
झाकी ,सर्तिकला,पर्तिकला,मर्तिकला
बर्बाद ,उह्वा,सह्वा,कह्वा
गुरू ,वर्वरों,वस्करों,वस्करों
मधुकांत ,बंधपहाल,बंधबहाड़े, अधबहाल
तानाशाहीपूर्ण ,सलपुआ,मायापुआ,मालझआ
पैदावार ,कोषाध्यक्स,कोषाध्यक्त,कोमध्यक्ष
धूलभरी ,मूंडा ,छोडा ,चडा 
प्रधानाध्याक ,विधागी,विवागी,विकागी
जमाए ,चास ,चारे ,घेलू 
श्रीपद ,मचायतें,पंखुयतें,मचायतें
हाल ,भीगा ,भीगा ,थैगा 
निहारती ,पपोषण,कुपोवण,कुचषण
कीड़े ,जागलकता, अगरूकता, अगरूकता
कृमिनाशक ,ससलमानों,मुक्लमानों,पसलमानों
सेंकने ,त्रिशुदा,त्रिश्ल,परिशुल
बूढ़ों ,उनायें,उनायें,महीयें
आक्रामकता ,निपलना, अकलना, अकलना
ध्वाजारोहण , छत्ने,छल्ने,छल्ने
हैंडबाल ,मक्तचाप, अक्तचाप, अक्तचाप
उफन ,हफ्ट, बफ्ता,हफ्ट
अनुच्छेद ,झुलसरों,झुलसभा,झुग्सने
कृपासिंधु ,उचुआ, सचुआ,केंद्आ
करनीबाग ,मनचारों,महाचाहा,मनवाहा
रखती ,छटपयोने,छठपटाने,छटपयोने
प्रतिपक्षी ,चरएं,चमएं,सढ़ाएं
ज्योंही ,उजिज,पजिज,कजिज
रजाइयों ,पसूख, कसूख,रहख
सिधारे ,झांये ,सार ,साजों 
जंगलिया ,भूतेश्रिर,मतेश्वर,भूतेश्रिर
पीएंगे ,जनजाघति,जयजागृति, अनजागृति
कंपाने ,घड़िराने,घबकने,मबराने
सम्भालने , बछुवा,उछुवा,उछुवा
उर्वरकों , अरफतार,गिरफसर,गिरफताओं
कम्पाउंडर ,पभियोग,अभिलेग,अभिलेग
चौंकाने ,सुनदार, अबेदार,सुलदार
पूछिये ,काशीनदाश,काशीकरेश,काशीनरेट
चढ़ेंगे ,रामशिरोहिणि,समशिरोमणि,राशशिरोमणि
बबाल ,हित ,हिल ,हित 
मूर्ख , कढ़ाती, कढ़ाती, कढ़ाती
प्रमाणिकता ,तिलिकाम, अलिस्म,सलिस्म
हलचल , कखना, कखना, कखना
लाश ,अचके ,बहके ,सचके 
निमार्णाधीन ,घास ,घाट ,बौटो 
चौपालें ,प्रमागात्मक,सरयोगात्मक,प्रयोलोत्मक
बकाए ,खुदे ,चाँर ,खुले 
भड़काऊ ,शैक्षपाक,शैलषणिक,शैलषणिक
साइफन ,तिगुली,तितना,तितना
पूर्णाहुति ,डकैते,डण्ते,डकैते
सीध ,झुग्सती,सलसती,पलसती
राशि ,चौमुट,सखट, बखट
ख्याति ,घुग ,घुग ,डूग 
उपमंडलाधीश ,शहावत,शहावत,उहादत
रबर ,इसजाम,इकजाम,मल्जाम
विभिषिका , सातीं,बतीं,बतीं
लेनेवालों ,मवारने,संचारने,संवालने
एजेंडा , ससक,खिलौक,खिलौक
संचरण ,पह्वल,विपवल, अह्वल
जलवाया , अथावत,सथावत,यथावर
होया ,सघते,ऊंघट, कघते
उलझना , उड़ार, उड़ार, उड़ार
कोंच ,कर्वधर्ता,कर्ताधर्मी,कर्ताधर्ण
कड़ाई ,खहा ,लॉहा ,लोग 
गांजे ,स्वीबलंबी, अवाबलंबी,स्वाबजाबी
थानाधिकारी ,डग्गासरी,डग्गासरी,डग्यमारी
पवनप्रीत ,सुवा ,इंवा ,कौवों 
श्रेष्ठतम ,इम्कारण,इसलरण,इत्कारण
राजहंस ,तीर्थरथली, प्र्थस्थली,सर्थस्थली
तबस्सुम ,मंगमवार,मंगवावार,मंगवावार
कॉकरोच ,संस्पच,संवपच,संचापच
सुकन्या ,कुमाटी,कुट्ठा,कुट्ठी
गोलगप्पे ,मंहराने,मंगराने,मंडलिने
अनुक्रम ,नैस्ता, बस्ले,सस्ले
प्रेरणास्त्रोत ,तपणी,तड़णी,तपणी
संबन्धित ,मिलझल,पलजुल,मिलदाल
भुईंया ,रणईयों, असोईयों,रसोधियों
चांदी ,चंासा ,चीसा ,फांस 
बर्ताव ,मालमादाम,मानगोदाम,मालगादाम
भूकंप ,प्रभाविदों,प्रभागित,सरभावित
प्रतिबंध ,उग्रवासी,उग्रवाला,पग्रवादी
कार्यवाहिका ,रखलाले, अखवाले,रसोवाले
आशातीत ,लूशा ,लूशा ,ठोशा 
स्नेक्स ,छटपतिते,छटवाटाते, प्टपटाते
उत्सुक ,सस्म, पस्म, पस्म
भूधर ,खिलौना ,खिलाते ,कलाना 
गोमूत्र , सहाड़े,दहड़े,दवाड़े
उद्घाटन ,ठुमला,ठुमती,ठुमला
ग्रीवा ,व्यामरण,व्याककण,व्यायरण
भरना ,पभाने,कभाने,कभाने
ढाकन ,पजरिए,पजरिए,नवारिए
दरिद्रनारायण ,फैलेना,फैलेना, उलना
भरमाने ,उग्रामी,संग्राने,संभारामी
कृपानंद ,वेद ,वेदों ,खेग 
ढील ,जीतकते,जीतरार,जीतवार
विश्वबैंक , झांकिना, झांकिना, झांकिना
नीतियों ,संवैधाभाक,संक्धानिक,संवैच्निक
घनमीटर ,अवताओं,उवतार,अवताल
कूड़ेदान ,चौपते,चौपते,चौपते
साधना ,ठेकाककमी,ठेकाकर्ण,ठेकाकशीमी
मंजिला ,नवसक,नहसक,नजसक
बालो ,नीचा ,नीच ,नीबू 
विशेषज्ञा ,प्रने, उरथा,प्याथा
फैल ,वहां ,वधु ,चेफा 
गुलबहार ,डीजना,डीजरा,डीजने
लगाए , सनको, सनको, सनको
छोले ,हवाता ,पटता ,हरता 
फेंकेगी ,पपनिवेश,उत्निवेश,उपनिवेजों
जगरूप ,मजबूझ,मजरत, सजबूत
संदेहास्पद ,साम्रवादी,साहियवादी,साम्मेवादी
दमकलें ,प्डाधिकारी,दंडारकारी,दंडाधिमारी
जुड़ें ,गौर ,गौड़ ,गौड 
सीखाने ,लड़ागी,लड़ागी,लड़गी
सहेजने ,घूमेंना,घूमेंना,घूमेंना
परखच्चे , बाचि, बाचि, बाचि
वनमहोत्सव , रस्ने, रस्ने,रसीने
सर्वप्रथम ,सूखाग्रबात,सूचग्रस्त,सूखाध्रस्त
आकाशदीप ,दर्शकदीर्य,दर्शनादीर्घा,दर्शकल्र्घा
मचते , अत्रणा,मंत्रिणा,मंत्रने
फांस , नाढ़, नाढ़, नाढ़
बिसौली ,किराब,किताया, पताब
रूह ,संग्रने,संवरह,संग्रते
नुकीली ,हड़वाने,उड़पने,पड़पने
समतलीकरण ,जटनास्थल,सटनास्थल,घटवस्थल
चिकित्सक , कजूद,मौैजूस,मौैजूर
अनाचार ,जगना ,जमारी ,जमान 
अर्घ ,लैरु ,दाव ,दाव 
आयोजक ,दिखखुश,दिखखुश,दिखखुश
अध्यात्मवाद ,आसदा,पनंदा,कनंदा
सीपीवीएफ ,ठाणे ,ठाट ,ठाणे 
कुटुम्ब ,तड़शी,तड़शी,तड़शी
आनी ,प्रोफाइश,प्रोफाइयों,प्रोफाखोल
निमिष ,खंदे ,खंदे ,कूपों 
बहादुर ,जबलादस्त,जबर्दहत,जलर्दस्त
उदर ,शुरुलता,शुभेलता,शुभक्ता
नमक , भाषाने, भाषाने,भाविने
जरुरत ,कैंख ,टैंख ,फेंख 
दूभर ,परखधंधे,गोरखराधे, अरखधंधे
बांसवा ,गिरईं, कनाईं, कनाईं
क्लासिक ,आदने,आदने,आदना
बनेगी , बाखे, बाखे, बाखे
नियमितता ,ऋणमारक,ऋणधाभाक,ऋणसारक
जन्मस्थल , उहाज,जताज, उहाज
कीर्तन ,प्त्पीडऩ,उत्ताडऩ,उदपीडऩ
रटाया ,पढ़ोई, कढ़ोगे,पहगे
दरकी , पुर्या, पुर्या,पुडि़तों
बजाना ,राजमषीय,राजकोसीय,राजनाषीय
हैजा ,भिक्वाए,पजवाए,भिखावाए
सूत्रीय ,अनजात, सनजाने,मनजाने
पुण्य ,अनुलियत,अकलियक,अकड़यत
भिड़ने , गिलाती, गिलाती, गिलाती
विसात ,सहुचा, कहुचा,उहुचा
करामात ,आखिरकाओं,आखिरकारों,आखिमकार
गंवाए ,खिंचकते,सचवाते,खिंचलते
लोकजनशक्ति ,बनदुरी,बहायरी,बहाकरी
निराधार ,निशाति,उयति,निकति
उदारता ,गलती ,गलती ,गलती 
आगाह ,विद्यावथियों, प्द्यार्थियों,विद्यात्थियों
छोटो ,आनन्ट,आर्न्द,आनवाद
मुआवजे ,पीपीय,पीपीलों,पीपए
पुष्पदंत , बकक,टंकता,टंकता
मूर्ति ,अवैज्ञानंक,अनुज्ञानिक, प्वैज्ञानिक
रूकना ,झुमला,झुमला,झुमला
सख्ती , अकबंगला,डाकबंगण,डाकबंधिला
कृतज्ञता ,प्रोदीप्त,प्रदीप्पा,प्रदीकित
गुरूमुख ,सौभासय,सौभाएय,सौमेंग्य
हिन्दुओं ,शिवावे,सकवे,सकवे
तराई ,संदर्भरा,पदर्भन,संदर्भरी
नकल ,सरीदो,सरीदो, बरीदो
पढ़ा ,सदकय,सदर्य, मदस्य
पावरकॉम ,हरिदारी,हकरारी,हकसारी
प्रतिरोधी ,बतार ,बसने ,बढ़ार 
परनायक ,जीतें ,जीयो ,ठेंव 
आर्दश , बणिका,उणिका,उणिका
हस्ती ,समगिरि,समगिरि,हितगिरि
बढ़वा ,संगीतमन,पगीतमय,पगीतमय
कीर्तिवर्धन ,खर्म,खरीम,पत्म
बांटेंगी ,शिविवा,शिवावा,शिवावा
प्रेक्षण ,लौहाया,लौटेया, लौटेंया
फिटकरी ,खोखगी,उलेंगी,खोखगी
बढ़वाई ,ऋणिधि,ऋतुधि,ऋद्र
दूधमुंहे ,उपड़े,कमाड़े, बपड़े
तटस्थ ,आत्याघाती,आत्मनाती,आत्मघाटों
बनवाएंगे ,रसजोध, अणजोध,रणवाध
पालनी ,पखते,देहाते, कखते
दिग्भ्रमित , अहापुरुष,मतपुरुष,मनोपुरुष
शैतान ,चौकीदान,चौकीनर,सकीदार
नींद ,आंखनवाड़ी,आंगनदाड़ी,आंखनवाड़ी
निद्रा ,जीवनरतिषक,जीवनरक्षीक,जीवनरक्षिक
सेहत ,कमझें,सबझें,उमझें
साजसज्जा ,हलती ,हलते ,हलते 
पताका ,खालिमा,खात्य,पत्मा
कुशलवीर ,लयबद्र,लयबड़ाध,प्यबद्ध
घूसा ,भोज ,भोज ,सिंली 
रोष ,तड़फदार,तरफतार,तरफशार
बसों , नाझा, नाझा, नाझा
गली ,चिंदें ,एेदें ,हवा 
वाणिच्य ,बता ,पिने ,चने 
सास ,जलविरोन,जलविधिन,जगविहीन
प्राकृति ,कल्पराक्ष,कल्पवृक्स,कल्पवृत्ष
ट्रासफारमर ,तंदयस्त,प्दरुस्त,सदरुस्त
टोह ,हांडा ,धूडा ,पेडा 
चोटी ,पहुंयाय,पर्शाय,पर्यान
संस्कारयुक्त ,विस्ताओं,विस्तिर,विरातार
लट्ठमार ,उइकर,बाइकते,बाइकते
गंडासा ,चारधारी,चारदाम,चारधारा
बताइये ,पुर्र्वासित,पुनर्विसित,पुनर्वाकत
बूथ ,महीआ, उहुआ, उहुआ
बदी ,चौंके ,चौंक ,चौंक 
प्रसाद ,राजराप,राजमाप,राहदीप
तथ्यहीन ,दिखा ,जून ,हांन 
आमवाला ,दिलझने,दिलदाने,दिलझाने
कोहरे ,विभायें,विचागों,उभागों
हिस्से ,झलट,झड़ट, पपट
त्रुटिपूर्ण , बमीन,पमीन, बमीन
ज्ञानपीठ ,भूगवाभीय,भूगर्वाय,भूगलाभीय
निरस्तीकरण ,तरातकर,तराशकल,तड़शकर
चोरी , वक्न, वक्न, वक्न
भीगी ,टीले ,टंला ,टंला 
गड़बड़ी ,शुरूद्ती,परूआती,शुभेआती
धोबिन ,मौला ,डींसा ,मौते 
बिछुआ ,ठंडा ,माड ,माड 
कर्मी ,सुनकी ,सुनानी ,सुधानी 
सर्वव्यापक ,लापनावाही,लाभरवाही,लाभरवाही
राजपत्र , उहरों, उहरों, उहरों
चरखे ,उनामों,इशामों,इलामों
जिज्ञासु ,टेनपो,टेम्हें,टेडपो
खंडहरनुमा ,मवेटर,स्वेशर,स्थाटर
हरसंभव ,बूंदी ,घादें ,बूंदी 
उकेरा , बवांद,पवांद,उवांद
टशन ,भेजेंना,भेजेंना, पजना
घण्टा ,चूके ,चूके ,खामा 
तरसने ,कजेय,उजेय,अजेगा
चासी , भट्ने, भट्ने, भट्ने
खिलवाड़ ,हतप्रक,सतप्रभ,हतप्रिभ
द्वंद ,भुवी ,भुला ,भुला 
पिलाना ,रासेमंत्री,राजरत्री,मजमंत्री
मानती ,उभरेज,उभवगी,उपरेगी
पाठ्यपुस्तक ,ओलंपियो,ओलंदिक,ओलंदिक
अमरुद , झूमेंने, झूमेंने, झूमेंने
चौंके ,खता ,चूँता ,चूँता 
आयातित ,महुंचाई, अहुंचाई, अहुंचाई
निसहाय ,कुचते,कुचते, सचले
चाबी ,गोशाने,गोष्ने,गोशाने
असफल ,सस्कॉर्ट,एस्कॉर्य,प्स्कॉर्ट
सहायिका ,सुलमाचार,सुसमाचाव,सुसलचार
फागुनी ,प्रतियाहरण,प्रत्याहरिण,प्रत्याहर्ण
