﻿valid,invalid1,invalid2,invalid3
सुलझाएंगे , प्म्बरदार,नम्बत्दार,नम्बरस्र
हैंडराइटिंग ,अप्राथमियां,अप्राथतिकी,अप्रामामिकी
सेकने ,घूप ,घूप ,मिंमा 
सायरी ,धुलाएंट,धुलाकट,धुपवट
स्वालंबन ,लगाबाई,लक्बाई,लहबाई
अभयवीर ,दिखावर,दिलवटी,उखावटी
तमंचे ,इकलरफा,इकतकाफा,इकतराफा
वैठक ,पतवालि,पहुंजंलि,मतजंलि
गरमाया ,किंश ,खुशी ,खु़श 
फेफड़े ,पुतटी,पुतटी, पष्टी
सेवला ,एम्पादर,एम्पादिर,एकापायर
मुल्क ,फोटोग्राफलों,फोटोग्राफल,पटोग्राफर
रिसता ,टैगोड़े,टैगोड़ों,टैगोने
पासबुकें ,मल्लाते, अल्लाते,चिल्हते
राजमहल ,फुव्झरी,मलझरी,उलझरी
गाव ,प्रांतीश,उरांतीय,प्रांगय
शुकून ,मिलनतें,सन्नतें,सन्नतें
कुशहा , भ्रांण,भ्रूर,भ्रूर
समानताएं , अखाज, अखाज, अखाज
पखरौली ,शब्तिमान,शक्तिमारी,मक्तिमान
उत्साहवर्धन ,माड़ा ,टाड़ा ,फोटो 
खबरें ,विककप,विकल्ले,विद्ल्प
गोंठा ,समन्वहीक,समस्वयक,समन्तयक
भुवन ,सहेजयां,सहेलिक, महेलियां
कुण्डल ,अत्साहवर्धक,उत्तहवर्धक,उत्यहवर्धक
ऊंचा ,संप्रेदायिक,संप्रसायिक,संप्रदायियों
पछताना ,वायनों,वादिनों,उहनों
बात ,सतरने, अतरने,कतरिने
खुशियाल ,कॉफ्क्स, समिक्स,पमिक्स
वधू ,बुजुर्थ,बुजुर्ण, अजुर्गाें
भरो ,सम्क्तीकरण,सशक्रोकरण,समक्तीकरण
सद्ज्ञान ,वर्यधारी, अर्दीधारी,वहदीधारी
सूतफेनी ,हिदालाभ,मतलाभ,हिदालाभ
मेमोग्राफी ,पजोए,पजोए,संजोड़
धर्मक्षेत्र ,व्यापया, अयाख्या,व्याख्तों
पीटा ,नगाब, उवाब, उवाब
व्हाट्सऐप ,कषाक,कषाक, बषाक
ओझल ,उम्रदर्ज,उपरदराज,उम्बदराज
सुप्रिय , कढ़ाएं,सढ़ाएं,बहएं
परमेश्वर ,रक्षिवाहिनी,सक्षावाहिनी,रक्षावाहनी
पखवाड़ा ,पूर्मिक,पूरणाक,पूजाणाक
हथकंडे ,सरेयांस,श्रेशास,श्रेशास
बकायेदार , बएं, बएं, बएं
झूठी ,सर्दोष,मर्दोष,निर्तष
इत्तफाक ,बैराया,बैराए,बैनाज
तुलवाने ,उबिश,पबिश,सबिश
पायस ,प्रिस्व्रत,प्रिश्व्रत,प्रियकरत
बजाई ,जिलाबाकारी,जिलास्कारी,जिलाधिकाल
वाजिब ,टांगे ,रिका ,गाँका 
प्रदेशीय ,पाँखा ,सूंखा ,तीखे 
बनवाई ,फराए,फराए, उरार
लिपि ,जीवरों,जीतेत,जीतेत
निपटाना ,कटेहवें,कटेदारी,सटेहरी
गुर्दा ,हुंकाया,हुंकाना,हुंकाया
रिक्शेवाले , संजोर,संबंर,संबंर
सर्राफ ,उजीबो,सजीबो,उजीबो
अंगिका , बथक,अथड़े,अखाक
जुटाती ,सुधादा,सुलदा,कनंदा
लिख ,निस्संधाह,निर्संदेह,निस्तादेह
शांतिमय ,हस्तारीषरित,हस्ताक्रिरित,हस्त्क्षरित
खुल ,जनसंहाड़,जनसंहाड़े,जनसंहान
अंपायर ,सधिया,दूधिक,दूल्या
कटेगा ,महलाते,मनकते,मनोकते
सर्मिपत ,दीहू ,ढ़ाहू ,राख 
जनसुनवाई ,उघात,आघाड़ा,आघारा
नन्हा ,झेंदी ,गूंदी ,कांदी 
नियमानुकूल ,मिसाइश,उसाइल,मिलइल
संचालनकर्ता ,कॉलगतिल,कॉलवार्ल,कॉलगमल
गहरे ,निर्जता,निर्तता,निकमाता
प्रागंण ,स्वाधीशों,स्वार्न,पवाधीन
कतराते , पूजबा,पूछेबा,पूछेबा
संत ,तारमम्य,मरतम्य,तारतम्र
निरंजन ,मानसुत्र,मानगुत्र,मानचिलार
पारो ,छांप ,टैप ,टैप 
खोजो ,डकैना, डण्ना,डकैना
ठोके ,पबैध,सबैध,पबैध
हेतू ,सईमानी,बेसमानी,बेलमानी
लानत ,अंगूड़े,पगूरी,कगूरी
विश्वभारती ,अगछा,अमीछा,अखाछा
रहित ,पभागी,अभायें, बभागी
केंद्रीय ,अखलारी,अखलारी, सखबारी
ड्राइंग ,टोते ,गीत ,टोते 
पालतू ,प्रवचरों,प्रवचल,प्रवस्न
रखें , बधूरे,कधूरे,पधूरे
विस्थापन ,छांग ,टांके ,साग 
संजीव ,उत्साहपूर्धक,पत्साहपूर्वक, प्त्साहपूर्वक
पौष ,पबाब,दर्ब,पबाब
समीकरण ,प्रधानाचार्मी,प्रह्नाचार्यो,प्रधानाचारयो
फेकने ,शोधों ,शोभा ,परी 
लड़ें ,बायोमैट्रियस,बायोजट्रिक्स,सयोमैट्रिक्स
गांवों ,उर्जावाला,उर्जातिन,उर्ववान
चमाचम , अकापर्ण,लोकापतिण,लोकापयोण
कश्मकश ,फैन ,टोले ,चाँले 
हज़ार ,सत्रापित,सत्यादात,पत्यापित
अकुलाहट , बाखें,बखें,बखें
जेहाद ,उद्रिर, अद्धार,मद्धार
तिकोने ,प्योगवश,संयोगवकों,संस्गवश
पटल ,मधुवीन,महबन,महबन
निवर्हन ,हुलिका,हुस्या, हुजूया
संरक्षण ,सथले,उथड़े,उथड़े
सहमति ,आँह ,धांह ,लौटी 
निर्ममता ,महभर,महभर,माहभरा
समरूपता ,शांतिपिरिय,शांतिप्रीय,शांतिपिरिय
दान ,उतुके,सतुके,पतुके
सत्तावन ,नागें,नागें,कगें
नोट , अथापन,स्थापथ,स्थार्न
मनोचिकित्सक ,फोटोलेंपी,फोटोरिपी,मटोकॉपी
शहराध्यक्ष ,अवनता,अवराति,अवनता
निवाले ,सत्रर्थ,सत्यात्थ,प्त्यार्थ
ललकार ,तपला,तपला,तसना
लपेटा ,अभ्यर्थिति,अधियर्थियों,अर्यर्थियों
महानन्द ,बेकराने,बेलरारी,बेककरी
सोची ,पकलेंगे,पकलेंगे,निकरागे
गिरेगा ,गोष्ल,गोकुड़े, गोलिल
कंकर ,कर्ववाई,कर्रवाद,कर्रवासी
राजमंदिर ,ढालझार,ढालकती,ढालकते
सहपाठियों ,मारेता,मायगा,मारेता
चकमा ,सूफिते,सूचिते,सूचिते
सर्वाइकल ,शाययें,शासयें, बखायें
गूंगा ,कौम ,कौमी ,धूआ 
प्रदेशभर ,श्रीराड,श्रीवाड,श्रीवाड
निभाएं ,गुनगुण,गुनगुरु,गुनकनी
बूंद ,प्रवर्शक,प्रावर्तक,प्रवस्तक
जनशक्ति ,पमकाते,समकाते,धमराते
महाचंद्र , पमानी,गुमाता,गुमाता
इमारते ,मनवाही,मनोचाही,मनवाही
दुकाने ,मंसूड़े,मंडब,मंसूड़े
महंगा , सश्ती,चिश्तों,चिश्तों
सफेदी ,मुद्धित,मुद्दगी,मुद्दगी
इत्र ,पुस्ताकलन,पुस्त्कलय,अस्ताकलय
करुणामूलक ,उपनिलाधिकारी,उपरालाधिकारी,उपरालाधिकारी
समरकैंप ,बकर ,बकते ,अकरी 
भष्म ,छबीज,छत्लें,उबीलें
टरकाता ,बढ़ाशे,उताशे,बहशे
हरकत ,बेससर,बेससर, सलसर
आहूतियां ,पक्कयों, सक्षियों,पहुंषियों
समझाई ,उताते,उताते, कताते
सेकंड ,आतिशबानी,आतिपिबाजी,आतिपिबाजी
भोंपू ,पररांक,पत्रांति,पररांक
नीलमणी , अब्तियां,मब्तियां,फब्जायां
लगेगी ,त्वग,त्याली,त्रेग
ऊष्मा ,तांडा ,गुड़ ,गुढ़ा 
दोगे ,गद्जेगा,गरमागा,गरहगा
राष्ट्रप्रेम ,माथा ,रोत ,भैंत 
बेचेंगे ,विश्वतपक,विशिवदीपक,विश्रादीपक
सुरभि ,कघु, नाघु, नाघु
लहराएंगे ,इमकती,इमरने,इस्रती
जटाधर ,मायगा,मालिगा,मायगा
मौसम ,अनुनक, सचानक,अचानती
पैतरे ,सखावा,पखावा,दिहावा
प्रियतम ,व्यवस्त्पकों,व्यवस्वपकों,व्यंवस्थापकों
मानसून ,मीता ,मीता ,मीलों 
सिसक ,लोकतापर्क,लोकसंधार्क,लोकसंगर्क
सुननेवाला ,बिछी ,फैंका ,टेका 
धटना , पहाई,दर्ई, पहाई
बेसब्र ,उयर ,उयर ,पयर 
सर्वज्ञ ,संर्यतन,संर्वतन,संर्वातन
अहिंसा ,स्वराछता,स्वराछता,स्वीच्छता
गोकुला ,अजीरे, कजीत,पजीत
जिंदादिल ,ससटता,घिसलता,घिसटर
मालगुजारी ,मलीवेटेड,ऐलीवेशड,ऐलीवेशिड
वीटो , साड़िरी, साड़िरी,साहिरी
माहिल ,आरे ,पेंटे ,पेंटे 
शांतमयी ,कयावात,कयापत,कयावात
विजयश्री ,स्वर्णलक,स्वविणलता,स्वर्वलता
आयेदिन ,दीर्न,दीर्न, उवान
अदद , सायां, सायां, सायां
आइये ,प्ल्डर्स,बिल्डर्थ, अल्डर्स
अजूबे ,बैरंतो,बैरंतो, बैठग
़िजन्दगी ,पढ़ाख,पढ़ाख,पहख
खचाखच , बाखे, बाखे, बाखे
खूनदान ,मिलावटनारों,मिलात्टखोरों,मिलावटनारों
जानशीन , मड़ाकर,छुट्कर, मड़ाकर
सलवार ,भौल ,हिल ,लील 
लेनी ,पहांआरा,जयआरा,सहांआरा
करीब ,परिस्यक,प्रिचायक,परिचानक
इच्छा ,खंगाएगी,खंगालगी,मगालेगी
गुजारें ,धूर ,येरी ,केरी 
चालें , कनती, कनती, कनती
आधुनिक ,पतरेगी,उतकागी, अतरेगी
पौध , कड़ना,जोड़िना, कड़ना
वायरिंग ,घुड़पैठिए,घुलपैठिए,घुमापैठिए
गलाया ,सामाषर,साइषर,साक्षण
पूछताछ , पमल, पमल, पमल
ठोका ,सदंगी,गदंवि,गदंवि
बौद्घिक ,सेविटर,सेन्यार,सेवाटर
मुलाकात ,उमाशाई,तमाशान,पमाशाई
टला ,चीखे ,चीजे ,धौंखी 
फना ,वॉथा ,कैंची ,कैंपों 
दीक्षा , पलाएं,लीलाया,लीलएं
जुटेगा , मुक्रे, मुक्रे,मुड़रे
संसर्ग ,पक्तदान,रणतदान,रक्तरन
हाहाकार ,जर्यालयीन,कार्यानुयीन,कार्यार्यीन
तेजाब , पन्कार, पन्कार,इन्यार
रहस्य ,मकमनामा,हुकरनामा,हुकड़नामा
बांछें ,स्थापथ,मथापना,स्थापथ
घिसटने ,अर्थव्यमंस्था,अर्याव्यवस्था,अर्थव्यवरुथा
तापस ,सर्शास,सर्तस,सर्विधि
नाचे ,शिलाबयास,शिलान्यान,शिलान्यात
तारने ,अनुपरीब्धता,अनुपलब्ल्ता,अव्पलब्धता
प्रत्यक्ष ,उलबूते,बलबूरी,बरबूते
हिमगिरी ,परविड,परविड,द्रविधि
खानी ,टॉय ,घूय ,देरी 
पूजक ,गंभीकर,उवाकर, अवाकर
निकटम ,पनपर,पनपर,पनवाना
चमके ,निमंचारण,निमंत्मण,निमंवरण
वनरक्षक ,बुरावे,बुर्वे,बुर्वे
उतारती ,सप्पे,पप्रू,पप्रू
लौटा ,स्थलीम,स्थलील,स्थरूय
दमखम ,दहशतकर्द,दण्शतगर्द,दहशकगर्द
सिलाई ,रुढि़वाना, अढि़वादी,रुढि़वाई
छिलका ,फोवा ,तुवा ,फोवा 
धमाका ,जड़नदस्ते,उड़नदहते,उड़नदर्ते
वजूद ,एकासास,एकासास,एहसाना
निर्यातक ,सदांताचार्य,वेदांताचार्ति,वेदांतावर्य
मुंहबोली ,तरकीय,तलाकीब,तलाकीब
नामांकन ,फिरकने,फिरदार,फिरकने
पालतु ,भिखाएन,पखारिन,भिखाकन
अभ्यर्थना ,पनौने,सनौने,घिमाने
दुर्गन्ध ,क्रोह,क्षध,क्रीध
अधीनस्थों , उलाने, उलाने, उलाने
जोरों ,महानिन्त्री,जहामन्त्री,मनोमन्त्री
मूर्खाधिराज ,ट्यूबलानंट,ट्यूबलाइन,सयूबलाइट
बैद्यनाथ ,नोंचक,नोंचन, उचने
किफायत ,उसाब, पसाब,हिसाई
भरपेट ,लौटेयी, लौटयी,लौहायी
पार्थिव ,विस्रय,विद्रय,विक्कय
इच्छामृत्यु ,अनर्मूल्यांकन,अनर्मूल्यांकन,पुनप्मूल्यांकन
आंगनबाड़ी ,ट्रांसमीशनी,ट्रांसमीडिन,ट्रांतिमीशन
लोकनिर्माण ,उपती,पपती, बपती
शस्त्र ,पुखलाज,पुस्राज,पुखड़ज
घटाव ,छाना ,पाँती ,पेंती 
मामूली ,लिपाए,लिफाई,लिपिई
मानवीयता ,संवाप, बताप,संवाप
दरमियान ,रुंवी ,भुनी ,भुजा 
शुक्रवार ,उरेसर,थ्रेरर,थ्रेवार
चिंतित ,सैंडली, सैंकल, सैंकल
बेचनेवाले ,शिष्भक्तों,शिवर्क्तों,शिवनक्तों
शीश ,डाला ,दूक ,मिक 
विशेषांक ,नोचबुक,सटबुक,नोटकाक
अंगार ,प्रोतीक्षालय,प्रत्क्षालय,प्रमाक्षालय
बहकर ,चेखी ,सुला ,सुला 
कुषाण ,पयापक,पयापक, सयापक
लुभाती ,उविशर,कविदार,कविशने
शिकायतकर्ता ,परीदषक,परीकेषक,परीकेषक
संस्थागत , हटाकी, हटाकी, हटाकी
किनौनी ,कग्र, बग्र,अग्ध
मीनार ,कनिकी,दैनिया,दैनियों
चंदे ,सबुतरी,कबुतक,उबुतरी
मुकदमेबाजी , बमेट,पमेट,समेरे
