﻿valid,invalid1,invalid2,invalid3
सताता ,दुल्बल,दुर्बड़ी,दुहबल
धनिक , कखत,पखत,पखत
संजोया ,हितदुत्व,पन्दुत्व,हितदुत्व
परंपरा ,चुलकले,चुटकने,चुस्कले
प्राणिउद्यान ,अपबन,अनपन,अनकान
हजाम ,फैकू ,किकू ,कोकू 
शोरशराबा , ट्रेय,ट्रैय,ट्रैय
पैंतरे , महंके, महंके, महंके
गमले ,बिका ,बिके ,हॉल 
रेनकोट ,लौहागा,लौहागा,लौहागा
ट्यूमर ,तमन्द,तमन्द,तकन्ना
कानों ,कुलदेशों,कुलदेश,कुलझवी
गद्गद् ,अलंवर,अलंबिर,अलंपिर
वर्मन ,मेधारोत्ति,मेमोवृत्ति,मेधावृतिति
अनायास ,नासीं,नासीं,नासीं
पहुँचेगी ,खंडीर, पजर,खंडीर
इश्तहार ,बांसुरों,बांधेंरी,बांटरी
दबोची ,कझे, नाझे, नाझे
निहरी ,स्थिब,स्थब, उवाब
कंक्रीट ,चिन्यात,चिन्यात,चित्हिृत
सहोदय ,पतजिर,मुंबजिर,मुंबजिर
नुमाइंदे ,हंस ,छैसी ,फेसी 
छिपाए ,कोशिती,कोशिती, पसती
संपत्ती ,वार्माब्वाय,वार्डपवाय,वार्थब्वाय
निर्देशक ,दहशाते,दर्शाला,दर्मिते
नुपूर ,पिलाकता,पिलाकता,पिलाकती
चमड़ी ,नवर्त,नशेजीत,नशेजीत
प्रज्ञानंद ,घसीटभुर,घसीटकला,घसीटकता
कष्टप्रद ,नित्यतरति,निर्यप्रति,निकयप्रति
गरजती ,सत्यक्रिया,नित्याक्रिया,निर्यक्रिया
जोड़कर ,चॉवी ,थोवी ,तीवी 
निशक्तजनों ,परियोजनाराकारी,परियोथेनाधिकारी,परियोगिनाधिकारी
किस्त ,उझेदारी,साहूदारी,साझेदानों
उदीयमान ,उनोरथ, पनोरथ, पनोरथ
गिराना ,सलझने,सलझने,सलकने
खाईं ,गोसाले,गोशाखी,कशाले
पथनी ,राजनीतिशास्तिर,राष्नीतिशास्त्र,रामनीतिशास्त्र
रीतियों ,मयायालयों,न्यापालयों,न्यायावयों
जांचना ,अवशिष्टि,अवराष्ट,अवरष्ट
होनहार ,मौनव्रम,मनव्रत,मौनव्रण
ऑटोमैटिक ,ज्वैपन, अञापन,ज्योपन
माइक्रोसॉफ्ट ,महंने,मखाए, कखाने
बावन ,सचाएंगे,बचालगे,उचाएंगे
गगनजोत ,शवर्ह,शर्दाह,उवदाह
रोक ,गंगाकल,गंगाबाल,मगाजल
सुशील ,सुसंर्शन,सुदस्शन,सुदर्थिन
बैंक ,पतिव्यता,पतिपिरता,प्तिव्रता
कायरें ,बुद्ना, कढाना,बुद्ना
अविरलता ,छाएन, बएगी,छावगी
पेंसिल , बपटा, बपटा,लिफाटा
पटाने ,अयोध्यावार,अयोर्यावासी,अयोध्यावार
आयुर्विज्ञान , चमवाई,चलदाई,चलझाई
जिताने ,दात्य,दाहिरी,दात्य
लंढौरा ,उदर्भो,पदर्भो,संदर्स
मुरझाये ,समस्ताए,सहस्याए,समस्ताए
मुखे ,गर्ना ,गवाई ,गरना 
माया , उहरा, उहरा, उहरा
सहारा ,त्रेनों,त्रेनों,त्रेम
अलाप ,स्रोधी,स्रोधी,स्टात
कातिल ,सुनताने,सुस्त्ने,सुस्थाने
खिचड़ी ,सेवत ,सेवत ,सेविन 
चढ़ाई ,दुनाने,दुकाली,दुनाने
आसुरी ,नन्र, पजर, पजर
तहसीलों , बैंड्न,बैंगता,बैंगते
पैट्रोलियम ,भावाकर,भागकते,सगकर
अंतरमहाविद्यालय ,दर्खालीत,दर्खास्ट,दर्खास्ट
बधाइयां , जाएंता, जाएंता,जायेता
हटवाना ,लिफाट, पपट,लिखट
बनाएंगी ,शोधाकार्य,शोधवार्य,शोधकार्म
सभ्य , बबाहु,सुबाने,सुलहु
प्रस्तुत ,दुकासाहसी,दुस्ताहसी,दुस्तुहसी
सर्वसम्मिति ,जनएगा,सगाएगा,जगएगा
जीआइपी ,अयोजर,अयोजिन,अयोजल
कोठ ,मलझाना,सुखझाना,मलझाना
शैय्या ,वनालतनामा,वनलतनामा,वकालतवामा
प्रबंधक ,पतरणी,वितरिणी,वितरता
कलेश ,उपमहाप्रयुधक,उपमहप्रबंधक,उपमहाप्रनाधक
नगौला ,शिष्रार्थी,शिविस्र्थी,शिविभार्थी
मौजी ,गर्राए,उहराए,गहराज
ढोंग ,सर्याचार,सम्याचार,मभ्याचार
अधपकी ,घपए, घटए, घटए
अजीब ,नाच ,नाथ ,सैमों 
जीवविज्ञान ,भगोय,भगोय, पव्य
छोडे़ ,स्थागतयोग्य,स्वागध्योग्य,स्वागतगग्य
आजीवन ,निडी ,टैंडी ,टैंडी 
एचएएस ,नामात्य,नामायर,नामात्रों
साईनाथ ,सरायकरीन,समायतरीन,सरायस्रीन
नवरंग , अतारेगा,उत्रेगा,सतारेगा
साकेत ,माधुर्ण,मालर्य,मायार्य
विश्वासपात्र ,गणितीन,गणितीत,गरतीय
खासकर ,उबूल,उबूल,उबूल
गोमती ,शिवार्ष,शिवालष,शिवालष
वहशियाना , अहलाने, अहलाने,दहनने
विशेष ,मनलेवा,जागलेवा,जानलेट
काश्यप , अहाकर,हाहाकते,हाहाड़िर
जायज ,क्रिक्न्वयन,उरियान्वयन,क्षेयान्वयन
लहराया ,व्रजपाल,व्रजपालों,व्रजमात
चुल्लू ,बोरिना,बोतना,बोतना
खलियान ,पत्य ,पत्रों ,पहते 
ममता , बनीति,उनीति,कनीति
होनेवाला ,पाबंर,पालिद,पाबंधों
सेवायोजक ,धारावयी,सराशायी,उराशायी
पेट्रेाल ,प्ष्टकारी,सष्टकारी,कष्टधारी
धारण , बएं, बएं, बएं
हिन्द ,उनहरे,सुनकारे,सुनवारे
प्रबुद्ध ,इस्ठ्ठा,पकठ्ठा,इसठ्ठा
भिन्नता ,जिप्वार,जिलेबंर,जिलेबिर
चलनी , ककता, ककता, ककता
मनमानी ,धारी ,प्र ,प्र 
जोशियान ,समकत,समकत,सहकत
तिमाही , सगाया, सगाया, सगाया
दादाजी ,बुर्धो,बुर्धो,बुझाधो
गौवंश ,वर्तरी,वर्शान,वनतन
संवरती ,तांगा ,टेंबे ,तांबा 
भेंटवार्ता ,मतदानकगमी,मतदानकर्ति,मतरानकर्मी
टेढी , जाएंना,जायेना,जायेना
चढ़ावा ,कप्पनों,कप्रीनों,कप्ताओं
परिचर्चा , सटानी,जुल्नी, सटानी
प्रर्वतन ,रूककते,उककर,रूकरार
टॉकीज ,उसवीर,मसवीर,पसवीर
खुलवाकर ,उटेशन,कोतशन,मटेशन
छात्रोपस्थिति ,एलोमीशन, प्लोकेशन,एलोकेबान
दूब ,खुला ,हींशी ,हींशी 
स्वर्णरेखा ,प्रामप्रतिष्ठा,प्रामप्रतिष्ठा,प्रेणप्रतिष्ठा
रोकेंगे , अरुषोत्तमाचार्य,पुरुषोत्तमाचार्ण,पुरुषोत्तमाधिर्य
भीतरघात ,हरिवाई,हड़वाई,हड़वाई
बर्बर ,दानेवीर,दानवीरें,दानकार
पटरानी ,उसेवा,गोड़ावा,गोसेगा
उत्पल ,पार्गत,पालिगत,उरंगत
पदावनति ,पेशादा,पेचीय,पेचीय
माला ,माँसा ,जांसा ,तूसा 
संस्तुति ,पयोरा,ब्लॉरा,ब्रांरा
घटाने ,सौतेलापद,सौतेलाहन, अतेलापन
नवमीं ,धरमकड़,धरमकड़,धरपयोड़
पोषक ,सहराषाध्यक्ष,सहकोषाध्यक्स,महकोषाध्यक्ष
रंगे ,तटरक्षता,तटरक्षता,पटरक्षक
सवांददाता ,पदगार,पदर्र,पकभार
वशीमूल ,मलवात्र,प्लमूत्र,मलबत्र
लौटेंगे ,पतंभों,परगें,पतंल
चट्टान ,पबाही,कबाही,तड़ही
धनौंदा ,स्माजल,स्वाजल,स्वजर
पशुचारे ,फटना ,फसता ,फर्ता 
पराक्रमी ,जीवंटता,जीवंगता,जीततता
महारुद्राभिषेक ,कराषाएं,कर्षाएं,कर्षाएं
घुमाई ,बटालिदारी,बटाईटेरी,सटाईदारी
मंगवाई ,टैंक ,टैंक ,चौंका 
बलिष्ठ ,गंदते,गंदने, कदगी
कमीज , बवाह,गहह,उवाह
जमींदारी ,तत्रिर,तत्रार,तत्पन
टिकीं ,प्लातीत,उरतीत,मरतीत
हृदयघात ,देबे ,बंशी ,बंधों 
विश्वेश , पमका, पमका,दुधाका
चहका ,अमानन,अनुनती,अमानन
टालता ,विजनोदशमी,विजयदशकों,विजपदशमी
भौंरी ,सुनगता,सुलगम,सुलकता
लिपटी ,आंसूला, उवला,आंतला
अध्यात्म ,उहृदय,महृदय,समदय
पल्टा , झगकी, झगकी, झगकी
चुस्ती ,उरियान्यवन,क्रियात्यवन,क्रियान्यवर
हजूरी ,लेबी ,लेके ,हृान 
हानिकारक ,परामीण,ग्रावण,ग्रामीकी
विशुद्ध ,संचाषण,संभाषद,संचाषण
वनदेवी ,रुहारा,रुहाने,रुबनी
कपट ,डब्गे,डरेंगीं, बरेंगे
उतरवाए ,लोकलधु,लोकराधु,लोकबंध
मेघ ,गतिराल,गरशील,गड़शील
जीटी , गुरण, गुरण, गुरण
पहचानता ,निपरना,निखारण,निखारण
मेलों , चालाएं, चालाएं, चालाएं
मिलनी ,सजातीन,सजातीश,सजातीत
नोचा ,संस्क्षक,संरमषक,संरतिषक
मुख्यसचिव ,अनिए,अनिए, अखाक
फेशियल ,कूलहा,कूलहा, कूदहा
पीसने ,रचयिक,रखयिता,उचयिता
दुखड़ा ,समान ,पदन ,बदन 
बचायें ,शूटे ,सखा ,शूटे 
आमंत्रित ,प्रत्शद्वार,प्रवेशपूवार,प्रह्शद्वार
सिकाई ,दर्शाही,दमशायी,दर्शाही
दुल्हन ,हादसाग्रास्त,हादसाग्रवात,हादसानरस्त
मुट्ठी ,नवोदिय,नवदय,उवोदय
मैदानों ,पसहयोग,अपहयोग,मसहयोग
कलात्मकता ,जीते ,जीयो ,जीए 
पहुंचेगी ,संवार्ते,संभारते,संस्रते
चढ़कर ,पटिल्य,सटिल्य,कौटियाय
उदघोष ,दूरिला,उधला,पधला
रुकती , टटोनी, टटोनी, टटोनी
प्रतिकूल ,लहरएगी,लहराएस,सहराएगी
बिगड़ने ,सेना ,सा़ब ,ब्ब 
बरामद ,चमरकारिक,चक्त्कारिक,चमत्यरिक
अनुवादक ,मर्यबल,कालयबल,कार्वबल
छाया , पुराक, पुराक, पुराक
बैठने , खुशिवा, खुशिवा, खुशिवा
गश्ती , कजती,गूंजर, कजती
दुर्बलता ,निकाधनों,निकधनों,निकाधनों
प्रतिशत ,स्वंशों,कवंय,कवंय
दिल ,दास्ल, बखिल,पखिल
विश्वस्तर ,फांया ,जंया ,दांया 
पटका ,चुनाकी,चुटते,चुभकी
धधक ,गटरिने,गड़कने, गहकने
रिक्टर ,दुर्मामंडप,दुर्यमंडप,दुर्मामंडप
विवेकशील ,अरिप्रताप,हरिप्रमप,हर्प्रताप
तदोपरांत , बनाद,पनाद,निनार
जायेगें ,बोरिती,बोतती,बोरिती
सुपरहिट ,फफूंने ,फटक ,फलने 
निस्तार ,क्रहक,क्रहक,क्रहक
पौधरोपण ,कम्मीनिस्ट,जम्यूनिस्ट,कम्मीनिस्ट
हुकुम ,अधिणेंद्र,अरुणेंद्धि, प्रुणेंद्र
शूल ,नहाहीं,नगाहीं,नगाहीं
बिरंगा , गुदते, गुदते, गुदते
थक्के ,ब्रदाम,ब्रह्माी,ब्रदाम
पुर्नवास ,सौतेत,सौपेंत,सगात
शीघ्रता ,बंध ,बंधु ,पिधी 
दूने ,माँन ,ऋन ,माँन 
सत्रों , टूटेंने, टूटेंने, टूटेंने
रेगूलेटर , कगेगा,सगेगा,जागेली
छबीले ,ज्येनमती,सञानमती,प्ञानमती
योग्य ,मुखलिसमैर,मुस्लिसपुर,अखलिसपुर
प्रपत्र ,लीले ,लीक ,लीन 
योगिनी ,सलों ,चोंडे़ ,चोंडे़ 
मुश्ताक ,चौंक ,गकी ,चौंका 
बेबस ,मासूड़े,कसूम,मासूलों
गेहूं ,प्रतिपूवंदी,प्रेतिद्वंदी,प्रोतिद्वंदी
खांडसारी ,मधुछरदानी,मच्चिरदानी,मच्छरस्नी
जीतता ,जताएं ,जताने ,जलना 
सराय ,भाजी ,भाजी ,वादो 
ठसाठस ,ऑटोमेदान,ऑटोमेदान,ऑक्मेशन
पोशाक ,सर्यक,सरयक,पहायक
समूचा ,सदकता,मादगाता,सदकता
रीछ ,गटता,गटता,गटती
सर्कुलेशन ,पयुक्ती,मयुक्ती, अयुक्ती
पत्रकारिता ,ससता ,कसर ,कसले 
प्रत्यावेदन ,परिजटी,परिपास,मरिपाटी
सहजयोग ,इस ,शैस ,शैस 
भाषणबाजी ,मुस्तकरल,मुस्तकबिन,मुद्तकबिल
फूंकना ,एहल्यातन,एकतियातन,एहतियातम
रियासती ,संभात,संभात, उवत
वेद ,आसाश,आपश,उशीश
सृष्टि , अकेटमार,पॉकेटधार,पॉलीटमार
गुमशुदगी ,गोलीमाल,गोलदाल,गोलीमाल
सूत ,उढ़ोई,उढ़ोई, पढ़ोई
गुरु ,लिंबे ,लंबा ,लिंबे 
ट्रेने ,मजखाना,मयस्ना,मजखाना
छिपाने ,दमनवीय,दस्नवीर,दमनवीय
एहतियात ,सलतानी,सुलताओं,सलतानी
त्रस्त ,बूदें ,नंझ ,पूँझ 
मस्ती ,लुभार,लुभास,उभाने
प्रतिभागी ,नीलदाणि,उलमणि,नीलवाणि
जन्मी ,सुधझती, अलझती,सुलदाती
गर्भाशय ,रस्र,रसीर,रस्र
छुपाना ,उरंसी, बरंसी,उरंसी
