﻿valid,invalid1,invalid2,invalid3
सोभ , उहेगा,कसगा,कपगा
परिजनों ,विद्र्श,उमर्श,ममर्श
रहस्मय ,गर्भाधारा,गतिभाधान,गर्भागीन
निष्ठापूर्वक ,उलाती,उलाती, पलाती
पद्मासन , फिल्ना,फिरौना, फिल्ना
मशीन ,तलालीफें,तकराफें,तहलीफें
भटकाने ,शरणालन,शरणानंय,परणालय
शरदकालीन ,भागीवाथी,भागीरता,उगीरथी
झड़प ,डेर ,दौड़ा ,गिर 
गाकर ,कपती,सठौती,सठौती
पडे़गा ,सूचि ,सूचि ,भिने 
म्यूनिसिपल ,बर्य, बताफ,बर्य
बकरे ,सुरकषा, मरक्षा,सुधाक्षा
जगत ,अभिषचि,अभिरूम, सभिरूचि
टरकाने ,सरंपना,सरंचर, अरंचना
बंकर ,बैंड़े ,जुटा ,तूड़े 
पनपी ,कड़ा ,कंटे ,पीटे 
रोती ,उराप,श्वेप,श्वांप
वारी ,चीरमार,चीरहर,चीरकते
भिनभिनाती , सढ़ेगी,उढ़ेगी, सढ़ेगी
मतदान , पालिर, पालिर,पात्य
निपटाने ,धीमी ,धीमे ,धीर 
कृतसंकल्प ,ढे़ना ,बोझा ,जंना 
उठाया , प्गेश्वर,युगेश्वन, प्गेश्वर
बदलेगा ,पेशायां, सटियां, सटियां
पालना , भोज्ने,भोगिने,भोगिने
दुधारू ,पारिश्रदाक,पारिश्रस्क,पारिवरमिक
हॉस्पिटल ,सुखकन,सखचैन,सुनचैन
कैंसर , साछा, साछा,नाछा
थमी ,स्ड़ों ,स्ड़ों ,जोशो 
कुरीति ,उठाधीए, सठाइए,उतइए
व्यंग्य ,बोलेनी,पधनी,बोलेनी
गंभीरतापूर्वक ,कांफ्यकार,कांस्यमिर,कांस्यमिर
व्यावसायिक ,बनासों, उरसों,बढ़ासों
मूकबधिर ,मुख्केबाज,मुक्षाबाज,मुख्केबाज
बेकाबू ,अनवगल,अनर्गर,अनर्थल
निंद्रा , मुर्ल,मुकुड़े, मुर्ल
अपनाना , उरकी,सजाकी,सजाकी
जगन ,अनुसेधित,अपबंधित,पनुबंधित
पिटारा ,हॉस्त्टेलिटी,जस्पिटेलिटी,सस्पिटेलिटी
सहकर्मी ,आइयों,आइयों,आइयों
खेलकर ,उढ़ेगा,उढ़ेगा,चढ़ागा
योजनाकार ,बलने ,जलन ,जगाने 
महारत ,शहीय,शस्ती,शहीय
ढपली ,परक्सुख,परमनाख,पर्मसुख
फूलती , उवान,जुल्न, उवान
दुष्यंत ,बुंरी ,बोली ,बोली 
चुल्हे , बयु, बयु, बयु
चूल्हे ,झौंल ,वृल ,झौंल 
आनंदी ,मर्मनाक,शर्मगाक,शर्महक
धब्बे , अरकारी, अरकारी,समाकारी
टक्कर , बशे, बशे, बशे
मामा ,विशेषतार,विचाषताएं,विद्षताएं
अवशेष , बाखे, बाखे, बाखे
क्षुधा ,निगना,निगते,निगते
टहलती ,तहसने,तरावने,तहसने
चढ़ी ,बंदरदाहों,बंदरदाहों,बंदर्गाहों
हर्षवंती ,बेलगात्र,बेरापत्र,बेबुपत्र
आशीर्वाद , बपाट,पपाट,कमाट
सूख ,पझौला,उझौला,कझौला
उफान ,नाढे़,नाढे़,नाढे़
गपशप ,न्यानामित्र,न्यायमित्त,न्यायक्त्र
घूमेगा ,बैंकर्र्मी,बैंकककमी,बैंकलर्मी
गर्दिश ,डगड़गा,डरमगा,डलमगा
तर्जनी ,पबीरपंथी,कबीसीपंथी,कबीरदाथी
घाव ,बिछड़ई, अछवाई,बिखेवाई
संप्रेक्षक ,सहल्रमुख,सर्प्रमुख,सहप्रामुख
नहाई ,अटपन,अटरिटा,अनुपटा
प्रतिस्पर्धी ,सत्यप्रित,सत्यकरिय,जत्यप्रिय
शॉक ,पसारिती,ससारती,पहुंरती
डोरी ,वामपंरा,पमपंथ,वारपंथ
पलटता ,दुर्मुही,पधमुही,उधमुही
सर्वोपरि ,क्रान्वकारी,क्रीन्तिकारी,क्रान्तिज्री
चाहती ,नांद ,मंजा ,नांद 
फलां ,मजराज,मजराज,भोजराते
बहनोई ,तहवीर,सस्वीर,तस्थार
हर्रैया ,मटते,मटता, महंर
कमाएं ,बेतुनी,बेगाया,बेगाली
छेड़ी ,उयल,उयल,उयल
हराने , उड़ाफ,उगाफ, उड़ाफ
रोजे , सबरना, सबरना,उबकना
मंदी ,पैंला ,पैंला ,चोला 
फैसला ,छेप ,चिड़ी ,चिढ़ 
पिएंगे ,सर्भावना,सम्भाविना,सम्भाविना
ढुल ,प्रतिस्त्पन,प्रत्स्थापन,प्रत्स्थापन
हादसों ,बेसनाह,बेगुरिह,बेगुनाथ
प्रवर ,उखकों,पखकों,उखकों
नवां ,मरस्परांत,सरणोपरांत,मनोणोपरांत
विश्लेषण , कद्धा,पद्धा,योग्धा
पंचम ,फाँरी ,हारे ,फाँरी 
नूनू , उरकार,प्रकाओं,प्रकाने
खड़क ,दाईं ,मैंह ,दामों 
घुमा ,घमंत,समंडी,घमंतु
औधोगिक ,रूमागा,रूढि़गा,रूढि़गा
सांयकालीन ,अवविका,अनुविका, सजीविका
स्मॉल ,सैकेंगे,सैकेंगें,सैकेंगे
स्वाधीनता ,लड़ाला,कचीला,सचीला
उचित ,वंयी ,डूयी ,जिंयी 
फिजूल ,सभाजीह,पभाजीत,सभासत
मात्रा ,नवयुदक,मवयुवक,नवरवक
मनाएं ,आपूर्द,पपूर्ति, सपूर्ति
शातिराना ,स्वास्थ्यहीर्मी,स्थास्थ्यकर्मी,स्वास्यायकर्मी
प्रदूषक ,उकिंग,उकिंग,पेशग
डिटर्जेंट ,फंाल ,ढाकी ,फंाल 
नगद ,क्रीता,क्रोता,क्रीता
अौर ,सेंड़े ,आखों ,आखों 
परमार्थ ,खडा ,खड़ा ,खड़ी 
राष्ट्रनिर्माण ,उड़वरकता,उच्वरकता,उर्वरस्ता
घनी ,बात ,दुरी ,दुरी 
कबूल ,लाचाटें,लाडटें,लादटें
प्रबंधिका ,नवरपान,नवनतन,नवरकन
जुटी , कतासी,उतासी, कतासी
गोधना ,उपहहानिरीक्षक,उपमंहानिरीक्षक,उपमपनिरीक्षक
अरोप ,गुरदर्तन,गुरदतशन,जरदर्शन
तदोपरान्त ,भिड़ेषु,सक्षु,उक्षु
मुंडेरा ,ऊंच ,ऊंचा ,बूट 
ज्ञात , भोज्ना, भोज्ना,भोगिना
भागीदारी ,अग्रहमी,अग्निगामी,मग्रगामी
अग्रलेख ,संप्तक्षण,संप्रेक्षता,संप्रेसषण
जीतनी , बमाही,पमाही,पमाही
राष्ट्रसेवा ,चिल्हे, चिन्ला,चिल्हे
दृष्टांत ,सकावट,रुकालट,सकावट
लेबिल ,मोहबत्ती,समबत्ती,प्मबत्ती
गिरनी ,सरछाई,परछाना,उरछाई
अनिश्चितकाल ,शहस्कृत,शहरकृत,शक्रीकृत
बुथ ,संगीरदायों,पप्रदायों,पप्रदायों
गिरिजाघर ,बरलियां,सल्लियां,बनलियां
हिमपात , बथायी, बथायी,स्थाएं
ब्रह्मास्वरूप ,अागी ,ब्गी ,पांगी 
अभिजात ,बोलिरों,बोलिरों,बोलिरों
ठीक ,क्गा ,अॅागा ,जाप 
दिखायी ,जगतानंण,जगताहाण,जगतारम
रचनात्मकता ,अाज ,अाज ,केले 
भीगकर ,लड़वें,कगावें,कगावें
सफेद ,पदयापरा,पदस्त्रा,पदयावरा
संचालित ,प्रयत्मशील,प्रेयत्नशील,प्रयत्मिशील
आइडियल ,जतार ,जलर ,जहरी 
चित्रा ,सेवारर,सेवारर,सेवारर
चकाचौंध ,पबारा,दोबाब,दोबाद
सुपुदर्गी ,टिन्ती,टिन्ती,टिन्ती
सिखाये ,गुणमुख,गुरुस्ख,परुमुख
लाजवाब ,उबोच,कबोच,पबोच
सुजित ,दुश्मुंही,दुधरही,दुधरही
चेतावनी ,तंबारा,तंद्ध,तंद्ध
करतूतें ,महथे,महथे, बत्थे
अलाव ,निर्मातधीन,निर्मानधीन,निर्माष्धीन
बिगड़ती ,मनोकुंभ,महारभ,उहाकुंभ
पाटीदार ,लोड़ू ,मौड़ू ,बुंड़ू 
संलिप्त , कक्ती, कक्ती,भक्र
इच्छाएं ,कढें,कढें,कढें
दुर्घटनाग्रस्त ,निर्विधिन,निर्विष्न,पर्विघ्न
बिछानी ,ओद्योदक,मद्योगिक,ओद्रगिक
झुका ,सनुश्रवण,पनुश्रवण,अनुश्रमण
तजुर्बे ,रूढि़वा,रूढि़वा, रूमावा
गम्भीरता ,हटक ,सटना ,हरना 
डालेगी ,कान ,काई ,काई 
रामजनक ,कमायगे,कर्एंगे,कमाकगे
लालच , बाखे, बाखे, बाखे
श्रृंगारी ,शकरदादी,शकलकंदी,प्करकंदी
गलघोटू ,उड़ाद,उगाद,उगाद
संचारक ,मोड़शा,मोनिए,मोहशा
उत्तर ,नलती,नगाका,नलने
शिवालय ,परड़कर,पकर्कर, प्कड़कर
कपालभाती ,स्थाविवेक,सवविवेक,स्वरवेक
निभाते ,घडे़ ,घड़ों ,घड़ी 
नृतक ,मस्वर,सस्थार,मस्वर
संख्याधिकारी ,गोरत्षपीठाधीश्वर,गोरतिषपीठाधीश्वर,करक्षपीठाधीश्वर
सरहद ,बौर ,बौरी ,खने 
घसीटती , ग्राला,ग्वाब,ग्वानी
गेंदें , कविधा,कविदा, कविधा
निकालीं , महंर,मकने, महंर
बढ़ाव ,इस्लाइज,इप्लाइश,इप्ताइज
न्यायाधिकरण ,कद्य,कमादू, पद्दू
जलनिगम ,बताने ,बसाया ,उसाने 
अनुमोदित , लौटेंती,लौहाती,लौहाती
कसौटी ,उत्य, बत्य,उत्य
शिववचन ,गैस ,गैरों ,गैरों 
ससुराल ,गूंडे़ ,ओेडे़ ,खतों 
मुख्य ,सैन्ड़ो,सैयड़ो,सकड़ो
रसगुल्ले ,मुरयम,मुलायर,मुद्यम
कजरारे ,भगोते, बगाते, बगाते
धोने ,सहरागी,समायेागी,महयेागी
रक्षासूत्र ,उर्ता,उर्ता,उर्ता
गुम ,पयफ्रेंड,बॉयवरेंड,मयफ्रेंड
बखूबी ,उत्यरीय,उद्तरीय,उत्ररीय
तंत्र ,निभायात,उर्यात,निभायात
हैदराबादी ,वहगगज,वनागगज,वर्गगला
पस्त , सरिश,उरिश, सरिश
आक्रामक ,मभ्यता,मभ्यता,सभ्यन
सौवें ,धर्ववाद,धर्मवासी,धर्वावाद
मनमोहक ,थामा ,रीम ,मोम 
सांकेतिक , फिसगी, फिसगी,फिरंतो
जगरानी ,सभास्तल,सभास्थिल,सभास्याल
छापा , अहदेई,सहदेशी,पहदेई
कैंट , पगनी, पगनी, पगनी
सहकारिता ,कांस्ने,कांस्ने,कांवने
तालुक ,समाका,सजाका, पलीका
नोकझोंक ,पनसंर्पक,जनसंस्पक,जनसंर्पति
ट्राफिक ,उनिज,सनिज,उनिज
गृहसचिव ,सहचानें,परिचानें,पहचारी
मुर्गो ,युगांराज,युवर्ज,युवराते
शीशम ,सजमाएंगे,आजमानिगे,आरमाएंगे
मुक्तिकरण , कड्ढा,सड्ढा,गहढा
टुन्न ,लम्र, कम्हे,लगाहे
प्रधानाचार्या ,धवजत,धड़स्त,धमस्त
कंपयूटर ,दरें ,मृमा ,लॉमा 
स्वावलंबन ,उदनुमा,बदकमा,बदवामा
जगहें ,हटों ,विवा ,देवा 
चुराना , उड़ास, उड़ास, उड़ास
सिलवाने , अरचण्ड,प्रतिण्ड,प्रचस्ड
बेरुखी ,खुलाबू,खुलाबू,खुलबू
अजनबी ,चंद्रकुंवन,चंद्रक्वर, प्द्रकुंवर
चंकी ,विफड़ा,पफरे,उफरे
फेंक ,योगमगरी,योगनगत,योजनगरी
गठित , भ्रुम,भ्रना,भ्रना
पेंडिग ,घोंघा ,एेपा ,घोंघा 
बदनाम ,सनाएन,सहतन,सहतन
मुंहासे ,महालेखाकाश,महालेताकार, प्हालेखाकार
विद्याज्ञान ,झेंरों ,झेंरों ,कड़ी 
रूदन ,अंधार्न,अंधायन,अंधिपन
शोषक ,परड़ता,पकलता,पकलता
प्रतिरक्षण ,सनबीच,मनबीम,पनबीम
अफसोसजनक ,ग्रामप्रस्नों,ग्रामप्रकानों,ग्रामहरधानों
अंतरंग , अख्यारोपी,मुख्यापपी,मुख्सिरोपी
पिंक ,पलांयस,रिलांयर,रिक्यस
डलवाना ,उपाध्यक्त,उपाध्यकाषा,उच्ध्यक्षा
परिस्थिति ,उवारें,दीर्रें,दीवाब
यादगारी ,सहवमंगल, प्र्वमंगल,सर्वमंगण
मसोस ,चीलों ,रौलों ,टीलों 
क्रम ,समृद्य,उमृद्धि,सरद्धि
पालने , बमोसे,कमोसे,समोश
संभावनायें ,पीर ,गौनी ,फूंनी 
बूंदे ,शरी ,दामो ,थोरी 
खुशी ,सद्यनिषेध,मद्यस्षेध,मनयनिषेध
जनसाधारण ,ओलावृतिटिं,ओहवृष्टिं,ओलावृक्टिं
आधीरात , बालिने,बारिने, बालिने
झुठलाया ,विश्यमन,पनियमन,विनिर्मन
शामियाने ,दोंल ,भूल ,गोल 
नवजवानों ,बुची ,चौंची ,मॉची 
मल्टीस्पेशियलिटी ,सुलते, उलह,सुलते
स्वकेंद्र ,विंबलतान,विंबरडन,विंबलब्न
पहुँच ,डुदा ,गंधा ,झौंदा 
सट्टेबाजी ,अभियाषी,अवलाषी,मभिलाषी
भौचक्का ,स्वस्प,मवरूप,स्वीरूप
पंचायतवासी ,शांतियान,शांतियान,शांतिपुन
दीप , साशु, साशु, साशु
दबने ,सटकलबाजी,अटकर्बाजी,अटकल्बाजी
मंतव्य ,उबाब,पबाब,शक्ब
जन्मभूमि ,विदार्गी,विस्यगी, पदायगी
सरलता ,तारीबों,उरीख,तारीबों
