﻿valid,invalid1,invalid2,invalid3
विलाप ,खुशकिस्थाती,खुशकिस्मक,जशकिस्मती
अम्मी ,क्रियान्विक,क्रियान्द्त,क्षयान्वित
गुरुकुल ,धकेत,धकेगी,ककेल
स्वीकृति ,क्रीत्राधिकारी,क्षेत्याधिकारी,क्षेत्राधिकाओं
आंक ,विद्यात्ठ,विशेयापीठ,विद्यात्ठ
जुड़ ,जूसते,जूसते,जूसना
प्रारूप ,सकप्रिय,लोकप्रिक,सकप्रिय
विध्वंस ,बिछा ,बिजी ,शिठा 
उभरते ,सौजन्द,सौजन्द, सजन्य
खिंचवाई ,प्वतंत्र,स्वतंगेर,स्वरात्र
मंगलगीत ,कास्पनिक,काल्पतिक,काल्पतिक
मंडलाध्यक्ष , बतिम,अंगूम,अंधेम
चना ,बढ़ोत्सरी,बढ़ोत्यारी,बढ़ोत्तन
खरीफ ,सहात्काओं,सहायिकाल,सत्यिकाओं
इंगित , अलनिकास,जलनिकाल,जयनिकास
विसर्जित , अदेशक,आश्शक,आदेशर
धर्मी ,मलवाए,उलवाए,जनवाए
नशाखुरानी ,सम्राज्ञों,सम्राधिय,सर्राज्य
बयानी ,करासगी,उराऊंगी,करावगी
मासाहारी ,छिपर,छिद्य,छिद्धि
सेंध ,सलाबदर,जिज्बदर,जिलाबजार
गोपुत्र ,ढोंजा ,सगा ,ढोंजा 
फिरकी , पयल, पयल,उयल
बदाम ,सकवाना,रुकलना,सकवाना
खरोचें , कसंद,साधद,साधद
संर्घष ,बिखेड़ी, कखेर,सखेर
पंजोखरा ,समाता ,उस्ता ,सस्ती 
प्रभावितों ,अवष्ट,अभीषिट,अभीष्यों
ताक ,मनदाख,पनसुख,महसुख
छूटा ,भूरी ,हरा ,लारी 
शामिल ,इंद्जामात,इंद्जामात,इंतजामान
मादा ,सेल्मुक्ति,सेवायोक्ति,पवामुक्ति
कतारबद्ध ,जोतला,जोशीश,पशीला
भुनाना , खोलेंर,खोकने,खोकने
अशुभ , ढकेन, ढकेन, ढकेन
लूटती ,अससंख्य,पधिसंख्य,अधिसूख्य
मास्टर ,वाद्धि, बद्य, बद्य
गोसाई ,झेंटों ,घटी ,घड़े 
सम्मिलित ,जलापंचायत,पलापंचायत,जिलापंचायन
मालूमात ,डमने, बमरु,डररु
नूडल , जुड़या,जुटया, जुड़या
दावों ,रेंटे ,कोंटे ,घुटे 
इक्टठा , अमकाए,धमकारी,उमकाए
भ्रातृ ,संग्रीहालय,संग्रहार्य,पग्रहालय
कानून ,पमंत, बमंत,पमंत
ठिकाने ,उपसदव,उपसदव,उपसमव
तोला ,उपमगाल,सपमडंल,मपमडंल
पुत्रवती ,उनिहाल,नौकहाल,नौसिहाल
मयखाने ,उजेंगे,खोजेंसी,उजेंगे
जीयो , कढ़ाता, कढ़ाता, कढ़ाता
अवसर ,वाचनाइय,वास्नालय,वाचनालक
मारक , प्च्चितानंद,सच्चितारिद,जच्चितानंद
ईष्टदेव ,मलेक्ट्रानिक्स,इलेक्ट्रानिधस,इलेक्षोरानिक्स
विग्रहों ,उधारने,पहुंरने,परिरने
नान ,डैची ,लोंची ,डैची 
संपादकीय ,सहाइश,रिहाकश,रिहारश
मुलाकाती ,लड़लूहान,महुलूहान,सहुलूहान
लेप ,मौसने,मौसेमी,मौजूमी
जनजातीय ,सटाकसी,सटाकसी, अटाकसी
अवकाश ,सचाती, कचाती,सचाती
बूंदाबांदी ,गीतांजर,गीतांबली, अतांजली
पूर्णरूप , रौंदर, रौंदर, रौंदर
पराभव ,आश्क्षा,आमक्षा,पकांक्षा
विजयवीर ,गुबंध,गुजद,गुबंध
चखेंगे ,अखाथा,उगाथा,अगाना
मचाने ,थैलों ,थैली ,चोंला 
कर्मचंद , पक्षत,विक्षरों,विक्ष्त
कली , अठाएगा, अठाएगा,सठाएगा
खुलेआम ,सहहों,सहहों,पमूहों
टकराता ,उदौली,रुलाली,रुलाली
हुबहू , खरीरा, खरीरा, खरीरा
लेखाकर ,नोरी ,यान ,यान 
बेलदार ,बनातना,मरतना,बरतकों
प्राण ,टिफिया, बफिन,टिक्न
व्यापारिक ,सोखरी, उहारी,सोचेरी
सेवानिवृत्ता ,महंयी,महीयी,महीयी
स्पष्टता ,बुंकी ,रौकी ,बुंकी 
तोते , बाणि, बाणि, बाणि
बताती ,रुडा ,झंडे ,सैडा 
सुधरी ,तलाकारी,तरकरी,तहकारी
खींचतान ,धमावंतरि,प्न्वंतरि, अन्वंतरि
खडं़जे , जुल्ता, जुल्ता, जुल्ता
कार्यक्रम ,रेडियोलापूस्ट,रेडियोलाबस्ट,रेडियोलाजिस्था
गद्दी ,अंधवार,अंग्कार,मधकार
राज्यसभा ,जलहो,सगहो,जताहो
लिंग ,कजें,कजें, नाजें
परिकल्पना , पहकते,दर्कते,दहकर
बाहुल ,उछलताद,उछड़ेकूद,उद्लकूद
दिखेंगी ,अंकताहाका,अंचतालिका,अंकतारका
दायरा ,जलना ,जलना ,सलन 
फँस ,सनशासिन,सनगुइन,सनशाइयां
मरता ,अध्वंक्ष,अध्यांक्ष,अभियक्ष
निकालता ,मुक्म,मुड़म,उहीम
तापकर ,संचार्ण, उपूर्ण,संभार्ण
बुझाएगा , ककता, ककता, ककता
थका ,कंपघाट, अडाघाट,कंदघाट
जनसम्पर्क ,पहिलाकर्मी,महित्कर्मी,महिलाकर्ण
नैसर्गिक ,मतवणनास्थल,मतगणनास्तल,मल्गणनास्थल
उपविषय , सक्षमी,लटषमी,लगाषमी
वापस ,विश्वस्था,विश्वनात,विशेवस्त
जंगा ,करझा, बरझा,मुक्झा
टूटन ,असवाकर,अपवाकर,अगवाकल
शतप्रतिशत ,घोंटरिर,घोंटकते,घोंटकता
डाककर्मी ,लौहपुरुख,लौहपुरुति,लौहपुरुख
खाज ,मडे़ ,कूदी ,कूदे 
अवसरवादी ,मली ,औली ,ताड़ 
हाजिर ,मनप्रीय,मनप्रीय,मनोप्रीत
पटवार ,चढ़ात,चढ़ात,चपने
वीरभद्र ,औषणाय,औषरय,औचिधीय
भाईजान ,छिनना ,छिनकी ,छिनना 
त्रिकोण ,दशहन,सशहरा,दहहरा
आनुवांशिक ,आखियाकर,आखिरवार,आखियाकर
कुरियर ,वजषी,पर्षी,उर्षी
छोड़ी ,पाद ,चाँत ,पापा 
कार्ययोजना , अपथपाई,थपनापाई,थपनापाई
वेश्यावृति ,कलेख,कलेगी,कलेख
रहमो ,जघटनकारी,विद्टनकारी,विकाटनकारी
ऊधम , खुशिने, खुशिने, खुशिने
ऑटो ,मिटस,मिटस,पठास
निखारकर , उटन, उटन, उटन
उपस्थिती ,प्रतीक्तारत,प्रतीकाषारत,प्रतीक्षारण
रहनेवालों ,जलमानिग,जलमालाग,जलमार्य
निर्वाचक ,सरना ,अरक ,करक 
धुला , कमाट,कष्ठी,कष्ठी
विदाई ,ढूंगी ,ढूंगी ,भाड़े 
तस्लीम ,मनोदिमा, अनोरमा,मनोरण
पुस्तकालय ,कभाष, बभाष,पभाष
सीढी ,नेवजी,नेवजी,उताजी
कर्मदीप ,भटती, भगाका,भट्का
समांतर ,नवकांक,नहकांत,नजकांत
हिंदूवादी ,दहेता,दहेगा, बहेज
घटतौली , धर्ने, धर्ने, धर्ने
सेविका ,विस्टीरपूर्वक,विस्तारपूर्धाक,विस्तारस्र्वक
मोरम ,टैंधा ,बारों ,बारी 
उतार ,कटनाई,कटनाई,मठिनाई
सम्पादन , नाढ़े, नाढ़े, नाढ़े
सूर्य ,लालसेंसधारी,लाइसेंसमारी,पइसेंसधारी
नाके , बकीरे,फसरे,सकीरे
पकवान ,स्वागणध्यक्ष,स्वागताध्यक्त,स्वागताप्यक्ष
अमर , पनसी, पनसी, पनसी
विस्वा ,झाड़ ,झाऊ ,गूड़ी 
बिघा ,महिमामंथत,महिमातडित,मनमामंडित
छाता ,अॅागा ,तलों ,पैगा 
गुलाब , बाभे,साभे,बभे
सत्यनारायन , कसिल, कसिल,हासिका
उद्यम ,जीरा ,बॉने ,तने 
दिखाएगा ,मनोविजक,सनोरंजक,मनोवृजक
कठिन ,शामिवत,शार्वत,शाश्रित
कार ,पुरूरी,पुष्षों,उरूषों
संपूर्णता ,उरौंधा, परौंधा,बरौंदे
बुद्धिजीवियों ,कपपि, बदापि,करापि
स्तरहीन , खुशिला, खुशिला, खुशिला
ढे़र ,उच्झाकर,उलझाकन,सलझाकर
कबाब ,केंद्रपार,पद्रवार,केंद्धवार
अभिभावकों ,मरीयता,वरीराता,वनयता
कॉम्प्लेक्स ,घण्डघर,घण्डघर,घण्टाएंर
खटक , कजूद,मोटद,मोर्द
पंडाल , नन्र, नन्र, नन्र
प्रशासिका ,कष्पा,सष्पा,पुतपा
उतावले ,पखरे, कखरे,बितारे
सपंर्क , बपे, बपे, बपे
प्रभुत्व ,अंक ,चुंडे ,यूडे 
धुना , अमटैक,एमड़क,उमटैक
सड़ा ,पलीमी,तालीसा,पलीमी
दांव , पजर, पजर, पजर
जोड़ने ,रूठकता,रूठवार,रूठकती
घपला ,अफलातूर,अफलापन,अफलाहन
परिसर ,मातन ,सतम ,पतम 
गिराएं ,बररीद, अकरीद,बकराद
बच्चादानी ,शुक्रगुजाई,शुक्रक्जार,शुक्रवाजार
चिकने , लगाला,लल्हा,लल्हे
दिलसुख ,अनुसेशिका,अनुष्शिका,अनुदेशिला
टकराने ,डड़ी ,खांड़ी ,खांड़ी 
सताये , अलर्भ, अलर्भ,दुपर्भ
चंदन ,कटएगी,कराएफ,सराएगी
यकृत , घपया, घपया, घपया
छिन ,गण्यमिन,गण्यवान,गण्यमारी
भरोसा ,पयोतिष, अयोतिष,सयोतिष
जलता ,हंक ,चुनें ,डॉक 
श्रीराधे ,उपनाई,पपजाई,उपटाई
भोज्य ,लाइसेंसधारण,लाइसेंसधारम,लाभासेंसधारक
कमेरे ,पेजे ,चीखों ,चीख 
औजारों ,खूम ,धारों ,धानी 
अन्न ,अपेक्षाबत,अपेक्षाफत,अनुक्षाकृत
ठूंसे ,देट ,पेड़े ,पेशा 
पुरातत्वविद ,विधक,पधवा,विवावा
वेदों ,रिसया,रिसया, कझाया
मणि ,कानूनत,कार्नगों,कानूपुगों
दंडित ,तलकरबाजी,तलवारस्जी,पलवारबाजी
रेप ,पकवाला,सकवाला,ढाकवाने
अखबारों ,बर्फबाद,बर्फबाजी,बर्वाबारी
उत्साहजनक , पजले,उजने,उजने
गुनाहगार ,भगवंस,भड़वंती,भगवंस
सचान ,अफदरगंज,सफदर्गंज,सफरारगंज
नर्क ,कारीगत,कारीरार,परीगर
कशमकश ,व्यरिति,व्यक्ष,व्यलति
सुखाते ,भीगताल,पमताल,भीगताल
फाइलें , समूमन,अमूहिन,अमूत्न
घर्षण ,दुश्वाया,सश्वारी,दुर्वारी
मोलवी ,निगमकर्ता,अगमकर्मी,सगमकर्मी
मंहगा ,परर्पण,पदार्पद,पदासीपण
राजकीयकरण ,स्वानान्तरित,स्थानान्तरत,स्थानान्तरिका
बानगी ,विषमराओं,विचामताओं,पषमताओं
नियमत ,जुड़ें ,दटा ,जुए 
लाभप्रद , प्र्वतराज,पर्यतराज,पर्थतराज
पटाक्षेप ,प्रासूती,परसूती,प्रसूस
सचखंड ,इन्रा,इशाला, कशारा
गुणवत्तायुक्त ,फलझर,फरिदार,फटदार
पेशाब ,पडारे,भंडासे,सडारे
वनभूमि ,जुही ,फोए ,मेए 
आनंदित ,चटपर,मटपटे,चमपटे
संभली ,दास्सी,दाहिता, दाखिता
पुनरावृत्ति ,चिन्ताजनन,चिन्तावनक,सन्ताजनक
वास्तुशास्त्र ,आसलत,आर्क्त,आसलत
बजह ,कंटी ,फुंटी ,झीटी 
निर्ममतापूर्वक ,इफ्तिकारी,मफ्तिकार,सफ्तिकार
शंाति ,रघुराते,रघुशंज,रघुराते
गलकर ,गुस्त्ल,उस्सैल,गुस्त्ल
क्षमतावान ,उतवागे, अतरेंगे,उलरेंगे
तलाशती ,गॉठी ,लेाठी ,ऐंठे 
होर्डिंग , पढ़ाड़ा, पढ़ाड़ा, पढ़ाड़ा
जानें ,झाऊ ,झाऊ ,सॉझ 
सत्यनिष्ठा ,चौलू ,हीलू ,गेलू 
विद्यानंद ,खदेचर,खच्चना,खच्छार
छात्रहित ,भुगवाना,भुववाना,भुलवाई
मुस्लिम ,क्रॉलिरी, अरॉकरी,उरॉकरी
वर्ण , बलेगी, बलेगी,खिलगी
व्यापारी , अझिझक,बेझिझरी,मझिझक
छत्ते ,सर्झौते,सहझौते,सरझौते
दोहरा ,सत्झकर,सम्झकर,समझड़िर
ज्वलनशील ,ध्यानपूर्वरी,ध्वनपूर्वक,ध्यानपूर्मिक
परखचे , बमुली,मामुख,मामुख
हेल्थी ,कायापालय,कास्र्लय,कालर्लय
तगड़ा ,मनोश्वर,मधेश्वती, प्धेश्वर
विचलन ,पकीर्तन,संकीर्तता,प्कीर्तन
भ्रमण ,उमकाना,उमकाना,धनकाना
लकीरें ,प्रक्भाशाली, अरतिभाशाली,प्रक्भाशाली
सुहानी ,चेरिरमेन,मयरमेन,चेरिरमेन
रिस्तेदार ,मालवाकक,मारवाहक,मारवाहक
पैराग्राफ ,सषैतिज, अषैतिज,क्यातिज
पीटता ,उलाती, पलाती,उलाती
दफन ,निर्मातारी,निरीमाताओं,निकमाताओं
सम्बन्ध ,कपना ,उपना ,थोपते 
निगलने ,पगड़ने,झपड़ने,झलड़ने
कर्मचारी ,झंपी ,खिंपी ,छिड़ 
फिल्में ,झरोह,झलखा,झरोधी
वृद्ध ,छिड़ा ,सीपा ,ठीपा 
पतीला ,सजिये,ताजित,ताजिश
अधिष्ठान ,नगहें,नहाहें,नवाहें
विशेषता ,सन्जुमन,अन्नमन,अन्नमन
