﻿valid,invalid1,invalid2,invalid3
भागें ,मिलाच,मिर्म,मिटच
उपनगरीय ,उहस्थ,गृहकथ,गृहनाथ
भड़के ,हॉने ,सुई ,सुध 
ओढ़ना ,पलिका ,मालिया ,मालिए 
वर्णमाला ,सुनागी,सुलना,सुझागी
झोंके ,जमाहिंद,पयहिंद,जयलद
शिष्यों ,गोरवाषा,गोष्क्षा,गोरक्ति
गुलशन ,प्वास्थ्यकर्मियों,प्वास्थ्यकर्मियों, अवास्थ्यकर्मियों
एकताबद्ध ,सुकूओं,पकून,पकून
टलती ,राष्प्रमाता,राष्ट्रबाता,राष्टरमाता
करंट ,झींह ,भोह ,झींह 
आवेश ,पयायसंगत,न्यूयसंगत,न्यायसंगित
संर्वधन ,सशेड़ी, बशेड़ी,पशेड़ी
विवाहों , बकामी,मुक्मी,उकामी
हैरान ,नेमरजन,पत्रजन,नेत्ताजन
हमला , उचता, उचता, उचता
तरनी ,चौदरवां,चौदहर,चौदर्वां
प्रस्तर ,एकांम, बवम,एकांम
आलेखों ,विग्रते,विग्रती,विग्रता
कंडे ,मुस्केबाजी,मुक्केबानी,मुस्केबाजी
वनगमन , अग्रहक,संग्रहल,संग्यहक
परवल ,उलकता,उन्झता,पलझता
दवाई ,हुक्रमंदों,सनरमंदों,हुनरमंडी
युवती ,अनिश्मिता,पनियमिता,अनिश्मिता
मिलेगें ,गेंदा ,ईंहू ,गेंदा 
छायी ,सेहतमंत्रों,सेहतमंडिरी,सहतमंत्री
फरमाया ,रेंगने ,रेंगने ,रेंगना 
करवटें , बत्थी,नहाथी,नगाथी
पत्थर ,जांबाने,जांघिज,पबाज
ठप्पा ,उचल ,अचल ,सचते 
उगाए , बवामी, बवामी,आवानी
हरख , अक्साइट,बॉक्साइयों,सक्साइट
दोगी ,आदन ,आरोन ,आसानी 
एंटीबॉयोटिक , अजकीय,राजवाय,मजकीय
वार्डेन ,मतयालम,मनयालम,मतयालम
गृहराज्यमंत्री ,सआशरा,पआशरा,मुआररा
परास्नातक ,भंवक,भंवक,भंवक
संवाद , कचते, कचते, कचते
चहेतों ,अव्यल,अव्यांल,अपवल
आवश्यक ,निसा ,निसा ,गैंसा 
ऐहतियात ,दंडवाती,दंडलिती,दंडवट
विवरणिका ,मलर्ट,पलर्ट,एलझट
परिहास ,पीड़ा ,पीपा ,पीपा 
शुभकामनाएं ,ताकी ,येले ,तालु 
एचसीए ,प्रह्निधिदल,प्रह्निधिदल,प्रतिनिधिगल
टपकना ,साहनाक,साहसियां,साहलाक
अंकपत्र , सचाने, सचाने,रस्ने
लेड ,होंबे ,खंडों ,जिबे 
श्रीमति ,मोड़ी ,मोड़ों ,मोड़ों 
लुभावने ,सुधाखा,सुनखा,सुलते
छत्र ,जीवनदाली,जीवनदाली,पवनशैली
बदकिस्मती ,मुसाफिलें, असाफिर,मुस्फिर
कतारे , कतादें, कतादें, कतादें
दाएं ,शेता ,बोरा ,छीता 
हिंदपीढ़ी , सानें, सानें, सानें
रंगभूमि ,मुख्यस्प,मुख्यस्प,मुक्यरूप
झलके , अमीजी,अखाजी, अमीजी
परिहवन , प्र्यवेक्षीय,पर्यवेक्ष्य, प्र्यवेक्षीय
समाधानों ,पिछलड़े,मछवाड़े,पिछलिड़े
गूंजता ,प्ड ,तंड ,तंड 
शरीर ,कलेख,कराजा,सलेजा
दावेदारी ,मूजे ,तास ,जीजे 
मारीं ,मबीयत,तबीयम,तबीयम
दरिद्रता ,सचलिक,आंचलक, अचलिक
प्रदर्शनी ,विश्रासघाती,वित्वासघाती,सश्वासघाती
वर्गीकृत ,कपई, पमाई, पमाई
झपकी ,चलाखारे,चटखानी, अटखारे
ट्रक ,हौलें ,दाड़ी ,तोंलें 
पैरोकार ,उकसानदायक, प्कसानदायक,नुकसानदायन
प्रतीक्षा ,बोलिगा,बोलिगा,बोतगा
जुबां ,मराजमान,प्राजमान,विराजमारी
घसीटते ,गहघोटू,गलाएटू,गलाशटू
पाण्डुलिपि ,आकांक्ति,आश्क्षी,आयोक्षी
उत्तरपुस्तिकाओं ,तपियों,तपियों,तड़श
कुरूक्षेत्र ,आग्नेट,आयोनेय,पग्नेय
तीर्थ ,हांलाल,हांफल, कसिल
जनभागीदारी ,कमांतज,पमांडोज,कराडोज
उपेंद्र ,पचौलिये,बिचौलिक,बिखेलिये
धनौली ,गंाड़ ,नीड़ ,मोरों 
रस्साकस्सी , भगाटा, भगाटा, भगाटा
खेलो ,प्रासंघ,प्रांसंघ,प्रेसंघ
तने , अजाड़ने,उपड़ने,उपड़ने
इद्रजीत ,इत्तेहान,मम्तेहान,इम्तेहाड़
तहरीरें ,चेले ,चेस ,चूंता 
गिराता ,दाहित,दास्नी,दास्नी
जरुरी ,खारीब,उरीज,खामोज
आरोहण ,विकासफोर्य,विकासकारिय,विकासफोर्य
कुर्बानी ,टपमर,टयूबेर,टकमर
निगाहें ,अनस्ज्ञता,सनभिज्ञता,अनस्ज्ञता
यंत्री ,फटमा,फलमा,फटमा
बुझाया ,चका ,चड़ी ,चका 
बहलाने ,पपचारिक,औपररिक,सपचारिक
शाहपुरकंडी ,गुजथा,गुजथा,गुत्य
टमटम ,घूदा ,कौदा ,छदा 
अंत्येष्टी ,उड़ाल, सड़ेल, सड़ेल
झूमाया ,पभियान,उभियान,अभियात
बेगुनाही ,भाईती,भाईती,भाविती
साक्षत्कार ,बिकेला,बिछागी,बिकेत
अंधा ,परहणु,पकमाणु, अरमाणु
उभार ,देवीन्त,देहान्द,देहायत
छुड़वा ,द्वाव्य,द्धिव्य,द्रवाय
मुर्दाघर ,सनजागरुकता,जनजागशाकता,जनजारोरुकता
अधजले ,शास्त्रार्ण,शास्तरार्थ,अस्त्रार्थ
झूमर ,न्यायादाश,न्यायापश,न्यायापश
पुनर्विचार ,फलमाते,फरकते,फरदाते
करेले ,असमंगस,असमंगस,मसमंजस
छानी ,भुगग,भुलाग,भुलाग
खुलीं ,विवशर,विवरता,विवजता
घबराये ,नत्तों,नत्तों,नगथे
वृद्घा ,कभले,कभले,संजोले
पूजनोत्सव ,पुनर्मूर्धारण,पुनकनिर्धारण,पुस्र्निर्धारण
खेतीखान ,निगमायुगत,निर्मायुक्त,अगमायुक्त
नरेगा ,पौबादह,पौत्रह,पौबाकह
वन्य ,आड़ा ,टेंडू ,ब्डू 
छत्रधर ,अंतरवाशीय,अंतरदेशय,अंतरदेशिय
निगम ,खुसा ,लाेसा ,शैंसा 
क्षिप्रा ,पयामलता,श्यायालता,श्यामलयों
साबुत ,नावियों,नाविधा,नाविदा
खुदवाने ,सपाधि,कपाधि,उड़ाधि
रामराज्य ,उधतरदायित्वों,उत्तरदायिकवों,उत्तरदायित्रों
सिल्की ,रुमाबे,रुतरा,रुतक
अनादर ,अयप्रताप,सयप्रताप,जयक्रताप
तोतली ,रिझा ,लेस ,रुंस 
बैठेगी ,हरिश्द,हरिपन,हरियाद
इंद्रभूषण ,लादगे,लाईगे,लाओपी
आत्मग्लानि ,लूटी ,दांला ,दांला 
जीवनदायी ,बहफी,बनाफी, कर्फी
छतरी ,आर्ककक,आर्कशीक,आनंकषक
चुकाना ,वृसे ,पैनी ,पैसों 
हताहत ,चबुतकों,चबुतक,चटतरे
चीरा ,पयथित,व्यथिव,पयथित
तकलीफ ,दवाड़,दबाड़,दबाड़
कांगड़ा ,गैसों ,गैप ,गैसे 
बिस्कुट ,सामायरी,साइग्री,साहूग्री
खाकर ,चौद्यर,चौद्वाया,पद्वार
जलाना ,हिक ,हिक ,मौैक 
अद्यतन , जुटाम,जुर्य,जुटम
लहराता ,केला ,केश ,मांले 
रीढ़ ,अडंजे,उडंगा,अखागा
पंजे ,धाच ,हैच ,धाच 
जनसेवक ,दुकानदाता,पकानदारों,दुकानदाता
बैकुंठनाथ , बठकी,बैरकी,कठकी
रूपये ,लेालु ,वृलु ,थैलु 
सफाईकर्मी , ससरा,खसले,खसते
नक्षत्रपाल ,कुर्य,कुर्य,कुर्य
आसन ,मूसधन्य,मूल्धन्य,मूर्धन्न
कार्या , असुधा, असुधा, असुधा
नवी ,तंदरुस्था,प्दरुस्ती,तंदरुधती
जुम्मा , बाष, बाष, बाष
मानसिक ,कओगे,आसागे,कओगे
नामांतरण ,कार्यमुग्त,सर्यमुक्त,कार्यस्क्त
कार्यवाहक ,ढूचा ,भूचा ,ढूचा 
नेतागण ,अववासी,अनिवाने,अनिहासी
मनौना ,टांड़ी ,खागा ,खागा 
धनाभाव ,साफू,साफू,साफू
सिखाएं ,अमीठी,पनूठी,अनूनों
सक्रियता ,हुक्तिनामा,हुक्रनामा,हुक्तनामा
पूरजोर ,बुरावयां,उराईयां,बुराहयां
आंतकी ,बीदा ,बीदा ,बीदा 
अविचल ,तंदुरुस्थ,तंदुरुस्ट,मदुरुस्ती
भक्तजन ,असवित्र,अपवित्व,अपविष्र
समझ ,एनचपीएस,जएचपीएस,एएचपीएम
जुटेंगी ,जगमर्ए,सगमगाए,जन्मगाए
मुड़ ,पथावरोपी,पथावर्ध,पथावरोह
प्रजापालन , बवेत,श्वेशी,सवेत
फेंकें ,उरूप,कुशप, बरूप
फांसी ,एंबेस्यार,एंबेस्थिर,एंबेस्डलों
संयोजक ,झरझते,झरझते,झल्झरा
आरोपपत्र , बर्ण,कपण,कपण
बीईओ ,खननशीरी,खनगुकारी,खनसुकारी
बालावास ,जायसूचक,जातिशीचक, अतिसूचक
रक्तबीज , बमाये,पमाये, बमाये
गारमेंट ,शिकाइतें,शिवयतें,शिष्यतें
साफ ,सलसमाधि,जलसमान,जगसमाधि
ओढ़ा ,कलशररी,कलशधारा,कलशनरी
उर्सला ,लोमहसाषक,लोमहर्ताक,लोमयर्षक
पहुँची ,बंटार,बंपना,बंटार
तख्त , लुहाने, लुहाने, लुहाने
सफाये ,पद्धू,बुझाधू,पद्धू
लदाई ,खदेबा, बराबा, बराबा
उस्मान , पनात,उनात,तैलीत
दलबदलू ,सयारे,प्यानी,प्यानी
घोर ,अभियोपैक,अभिवाजक,अभियोजलि
महाशा , अकमुश्त,मकमुश्त,सकमुश्त
व्यंजन , सढ़ाई, सढ़ाई,ओढ़ई
बुलाएंगे ,वनावृक्ष, अटवृक्ष,प्टवृक्ष
टली ,भूदेने, भूलेने, भूलेने
बढ़ने ,भड़वाना,भड़वाना,भड़वाना
श्रीकंठ ,महासगरी,महानगला,मननगरी
बेवकूफ ,वांछियों, बछित,वांछिये
गॉव ,उयावी, कयावी, कयावी
घटक , नाढ़, नाढ़, नाढ़
नवज्योति , बंदिरी,बंटारी,बंटारी
निश्चेतक , कघला,उघला,उघला
फेकनी , रोहिने, रोहिने, रोहिने
बहकी ,पत्रागोभी,पत्ताकाभी,पत्ताकाभी
लगवाएगी ,वीले ,ढंले ,काठी 
अनापशनाप ,ज्यारतर,ज्यादायर,मयादातर
शांति ,सोट ,ढीट ,शूल 
हैलीकाप्टर , अहचानों,परचानों,सहचानों
पनबिजली ,दियों ,दिशा ,तली 
डेयरियां ,सलेभाले, अलेभाले,भोलेखले
गढदीवाला ,हसरण,हमरतें, असरतें
नगरनिगम ,छूरों ,मैरों ,पांरों 
स्थानाभाव ,पश्किल,उश्किल,मुश्वल
दनादन ,गड़वाड़,गड़वाड़,गड़बन
इत्तेफाकिया ,उपचारे,पपचार,मपचार
चिह्नांकन , बपकों,पपकों,लगकों
पुनर्रीक्षण ,घूमान, घूमेंने,घूमान
करवाएं ,सचालयों,शौचालता,शौचालता
रहेंगा , उकाना, उकाना, उकाना
ओढ़ी , बइयों,उइयों,भागयों
चौपारण ,सनकरी,जानकती,जायकरी
पकड़े ,बेतुगा,बेगागा,बेचेरी
व्रती ,प्रारपाभ,प्रातम्भ,प्रोरम्भ
ब्रह्मऋषि ,पोश ,कोंछे ,ख़ुछे 
घंटों ,उगदड़,भगकड़,पगदड़
मचानी , निवाब, निवाब, निवाब
महाजनसंपर्क ,देशवक्ति,देशभद्ति,देवोभक्ति
थैले ,खपवाल,उपरैल, सपरैल
पौखाल ,उयथा,व्यल,कयथा
ज्ञानोदय ,भक्रमय,भरतिमय,भक्तिनिय
निराली ,निर्जश,निर्तश,निर्दोज
विभुति ,जर्यकुशल,काव्यकुशल,काव्यकुशल
दीपशिखा ,फायड़े,फार्ड़े,फावरों
तेन्दुआ , बपों, बपों, बपों
जगा ,अमरपार,अनुरपाल,अमरपालों
तनख्वाह ,कास्चक्र,कालचकर,सलचक्र
भावपूर्ण ,सौंपगे,सपेंगे,पपेंगे
डरावने , उरकी, उरकी, उरकी
बंजारे , वृद्ष,वृहष,वृहष
पेठे , बपे, बपे, बपे
अहम् , उहारा, उहारा, उहारा
परम ,चन्यान,चरदन,उन्दन
मुद्दे ,खुशकिस्तत,पशकिस्मत,जशकिस्मत
महामूर्ख ,जिलामेदारी,जिम्पादारी,जिम्पादारी
बरातघर ,पढ़ाला,पढ़ाला,पढ़ाला
बेइंतहा ,वैश्ता,वैद्ता,वैसाता
धातुओं , मांगेती,मांगेंती, मांगेती
डाक्टर ,लोग ,मूंक ,मूंक 
आरएस ,अर्खे,सनोखे,अर्खे
विनिवेश ,एक्ग्रचित्त,एकायारचित्त,एकासरचित्त
फेंका ,उपसमाहर्य,उपममाहर्ता,उपसम्हर्ता
खर्चने ,चारे ,सोही ,चाहा 
निसंदेह ,वोई ,वोई ,पाईं 
टाफी ,संप्दनहीन,संग्दनहीन,संवेदीनहीन
चन्द्रग्रहण ,दर्दबा,सबदबा,दबन्बा
झोला , पहकी,पढ़ाकी,पढ़ाकी
तगमा ,मररेणा,प्ररेट,प्रवाणा
पुष्पक ,भरमानों,भगमार, भड़मार
