﻿valid,invalid1,invalid2,invalid3
क्रान्ति , साघा, साघा,नाघा
बसाना ,सटवर्ती, अटवर्ती,तत्वर्ती
आशीष ,छुपनार,छुपकते,छुपकने
भगाया ,प्राखंडस्तरीय,प्रधाडस्तरीय,प्रखंडस्वरीय
अश्विनी ,सम्भागनाएं, प्म्भावनाएं,सम्भावरूएं
पुत्रबधू , अरस्तावक,प्रस्तावाक,प्रस्तावाक
आवासहीन ,असकया,अपमिया,असलया
सोचनीय ,प्ईबस्ती,नईबास्ती,नशाबस्ती
स्वर्णनगरी ,ससूलता,वरिलता,वस्लता
मनपसंद ,सकाबलें,पकाबलें,मुस्बलें
मर्म ,टिन ,खोंका ,गंका 
घाघरा ,उमले,उमले,उमले
सजाओ ,नीचद,नीलाद,नीरण
मानवीय , बतृक,पैमाक,उतृक
पढ़ी ,उडिशन,उडिशन,ऑडिशय
कहतीं ,शुक्लपक्षा,शुक्लनक्ष,सक्लपक्ष
सुविख्यात , कनीत,पुतत,पुनीषा
अचरज ,पुरुरुद्धार,पुनरुद्धारा,पुरुरुद्धार
जिलापदाधिकारी ,शौय ,लिय ,लूंय 
उखड़ने ,विचालिणीय,मचारणीय,विचारहय
ऐच्छिक ,चौसा ,चौड़े ,फडे़ 
सुलझी ,पदसंवाद,परिसंख्द, अरिसंवाद
शोक ,रौंला ,माँला ,लेला 
कागजात ,पस्टोरेंट,रेस्टोकाट,रेडिटोरेंट
फूकेंगे ,समड़ा,उठाड़ा,समड़ा
वादे ,सत्रहट,सहरहवीं,सत्रदावीं
ब्लेड ,उल्लासरोर्ण,उल्लासपूर्ता,उत्लासपूर्ण
अतिथी ,भोलेवादी,भोगवाई,भोगलदी
तीर्थधाम ,आत्यनिर्भरता,आत्मनिर्भरण,आत्मर्र्भरता
आंकडे़ ,एंकना,एंकना,एंकता
पूती ,नवविवासित,नवविज्हित,नजविवाहित
फीजियोथेरेपिस्ट , उटोरा, उटोरा, उटोरा
उपलब्ध ,मजरिसें,मजमासें,मजलिक
प्रतिरूप ,घबकती,घबकती, अबराती
रसायनयुक्त ,कशांत, बशांत,कशांत
लपक ,पुण्यतिया,पुण्यतिक,पुण्डतिथि
पीेछे ,जनाप्दोलन,जनन्दोलन,जन्न्दोलन
असहयोगात्मक , पर्पण,उर्पण, पर्पण
गोधूलि ,ऑक्रफोर्ड,ऑक्तफोर्ड,ऑक्रफोर्ड
संयमी ,घुलमिक,घुसमिल, अलमिल
द्वादशी ,चिना ,पौना ,टैना 
सत्याग्रह ,घोट ,ऑल ,घोट 
मानववादी ,उतायें, कतायें, कतायें
बुखारी ,अभिचन,अनुचन,मड़चन
दरबान ,निस्तुरित, अस्तारित,निस्तुरित
छात्रो ,नीलाने,नीतिम,नीलाया
लालकुंआ , फसजी,फर्य,फर्य
पहनना , मांगेंने, मांगेंने, मांगेंने
प्रमाणपत्र , उरोग,निशाग,निशाग
चकराने ,सल्टियां, अल्टियां,उल्हयां
जागेगी , मंत्वा, मंत्वा, मंत्वा
तपा , पस्वाद,बेस्वाई,बेहवाद
कुंतल ,मचयात,पंक्यात,मचयात
सजाये , बकाऊ, बकाऊ,उकाऊ
पन्त ,कुंवात,कुंडत,कुंडत
कलह ,वरिजिश,वर्शाश,वरिजिश
मुस्तकीन ,तंबारी,सदूरी,तंदूक
विरानगी ,क्रिमता,मषमता,क्षणाता
गहरी ,महाकत, उहावत,महवत
सुनो ,मम्पुष्टि,सम्पष्टि,सम्पुष्ठ
संवरेगा ,इंटरपाट,इंटरपाट,प्टरनेट
प्रोमोशन ,पलिदान,बलिकान,उलिदान
घोटा ,जैकेत,जैतूट,जैकेला
शैल ,नोंए ,नोंए ,गैए 
शैलारानी ,बनपन,बनपन,बरपन
बाहों ,नक्षकार,नक्रत्र, प्क्षत्र
नवाजिश ,निर्शक्तता,निश्शक्षीता,निश्शनतता
हथौड़ा ,घुड़पैठिये,घुसर्ठिये,घुसर्ठिये
प्रंबधक ,पकलौता, अकलौता,इकसाता
विकृत ,कंपोकपा,पपकपा,उपकपा
बुबाई ,आर्जाने,आनेहने,आनेवाने
दुकानदार ,महाप्राम,महाप्रानी,महाप्रीण
शिरोमणी ,तामशालाद,तामरबाद,तामशाबाजों
चौंकाया ,चरणायात,चरणामृति,चक्णामृत
टपरी , कगों, कगों, कगों
बिकना ,नवाबलि,सरबलि,नजबलि
कार्यबंद , पहिस्ता,आश्स्ता,आहिसाता
उफनाती ,विज्ञापथ,विशेञापन,पज्ञापन
नशामुक्त ,पुरवस्या,पुरवनाया,पुरस्इया
अभिलेख , प्नप्रतिनिधि,सनप्रतिनिधि,जनप्रतिनिक
परसा ,सत्रावान,सत्यमिन,सत्यमिन
जहंा ,उथराव,पथरूव,उथराव
सिखाता ,ढूढ़ना ,ढूढ़ते ,कढ़ने 
उद्धारक ,जौव ,जौव ,डींव 
बालाएं ,वोस ,फैंस ,वोस 
हराते ,नौकरिक,नौकसाया,नौकरिक
खलवा ,धार्मियता,धार्मिकला,धानमिकता
नहाने ,अर्थोपार्थिन,अर्मापार्जन,अर्थोपार्जय
खातेदार , पहमें, पहमें, पहमें
परीक्षाएं , अश्तेदार,पश्तेदार,पश्तेदार
बुझाना ,हींनी ,गोनी ,छीटों 
रिमझिम ,सचिपूलय,सचित्लय,सचिकेलय
मच्छरों , पदरों, पदरों,बंटारों
संग्रहकर्ता , पढ़ाड़ी, पढ़ाड़ी, पढ़ाड़ी
करदाताओं ,आस्तरेलियाई,आस्ट्रेक्याई,आस्ट्रेलियाय
खिल ,खोलेंता,खोलेंता,खोलेंता
जलसा , कशद,विचाद,सशद
शीर ,गूंजर, कजते,गूंजेंते
अस्प्ताल ,पररात्रि,देररात्रा,सररात्रि
बैल ,त्रिक्र्ति,त्रिक्र्ति,त्रिचार्ति
कार्यबहिष्कार ,दीजिया,दीमए,दीजित
मिटता ,चिंतरा,चिंहिक,चिंहिक
भूदेवी ,बेहक्री,बेहक्री,उफिक्री
जाओं , सजमाई,आजराई,पजमाई
छलकी , मचाज, मचाज, मचाज
गृहकर ,पह्निंत,चिल्निंत, अह्निंत
व्हाटसअप ,लोकमंडी,लोटमंच,लोकराच
शांत ,भाईचारण,भाईचारम,भारचारगी
बिकती ,ककरहिक,कलारहिया,ककरहिम
खेला ,कार्यस्र्ता,कामयकर्ता,कार्यस्र्ता
मंत्रिमण्डल ,सगाते, बगाते,मंत्ते
महापालिका ,मिटेरे,मिटेरे,मिटेरे
बहेगा , कानूज, कानूज, कानूज
पैथालाजिस्ट ,उकृति,सुनाति,उकृति
हटवाया ,परिपरागत,अरंपरागत,परंपरागण
चंचल ,कझे,कझे, नाझे
ठनका ,पाठागारों,सठागार,पाठाधीर
बुलायी ,जीवंर,कवंती,जीविती
पीलरों ,पंचयते,मचायते,सचायते
बैगनी ,पूछड़ों,पछती,पूछेती
जुड़ना ,बारमाने,बालदाने,बारहने
युविका ,शर्वला,शर्तला,शरामिला
रूपी ,धौंरे ,मांरे ,डोसा 
उगल ,जोशीती,जोशीती,जोशीती
शासित ,नकायात्मकता,नकाराधीमकता,नकाराधीमकता
डेसिबल ,जलेख,जमाबी,कलेबी
तकिए ,सरंक्शक,सहक्षक,सरंक्षणा
देख ,शुभारपाभ,शुभास्म्भ,शुभारपाभ
हाशमी ,विधादा,विरादा,पपदा
नींव ,हुलियां,हुलियां,हुलाए
प्रभावना ,कुरुपूषेत्र,कुव्क्षेत्र,कुरुवीषेत्र
महासप्तमी ,सतानी ,जताने ,जताएं 
मायूसी ,समयबद्धि,समन्बद्ध,अमयबद्ध
पर्यवेक्षिका ,भरड़े,भट्ड़े,उगोड़े
फफूंद ,तटीकवाण,प्टीकरण,पटीकरण
गंध ,सेवस्यां,सेक्ईयां,सेवर्यां
इश्तकार , मिलाज, मिलाज, मिलाज
अनुशासनात्मक ,बषि, साषि,बषि
भौतिकवादी ,ज्न ,छन ,फिन 
बनाना ,पर्जत,सर्यंत,पर्शात
वल्लभ ,चपलने,चपलने,चपलना
उठाता ,पभव, कभव,पभव
श्रृष्टि ,एेफ ,एेफ ,एेफ 
संरक्षित ,लालमाराय,लाभासराय,लालवाराय
शीतलहर ,निभाकारी,निरंकाने,निरंपरी
किशोर ,खटवाट,खटकाट,खटकाट
मुबारक ,खलिचीली,खर्मिली,खलिचीली
परित्याग ,विनातक,विनाएक,विनायत
जिलांतर्गत ,कटाकष,कलाक्ष,कटाक्त
डली ,संगठमी,संगवाक,संवाठक
उपेक्षात्मक , चढ़ारी,चररी,चररी
जहान ,उलंक,कलंद, सलंक
खरीदना , छिपर, छिपर, छिपर
डरावना ,सरतिबद्धता,प्रोतिबद्धता,प्रतिबद्धन
बाराहाट ,रुग्र,पग्ण,रुग्ला
कराईं ,भराकन,उरावन,भरासन
दरिंदगी ,कथासंयास,कथापयास,कथासंयास
बहिर्गमन ,प्लेतिद्वन्दी,प्रमाद्वन्दी,प्रतिद्वविदी
छुपाई ,बेमितिदी,बेवयादी,बेहयादी
अभिन्न ,गौरस्लब,गौरवालब,गौरक्लब
परिचारिका , मिर्ते, मिर्ते, मिर्ते
कबूतरबाज ,बलीं, सालीं, सालीं
शिवकुंड ,पॉलीबॉर, अलीमर,पॉलीमन
झनकार ,गृहक्रत्र,गृहक्रत्र,गृहक्षेत्ति
शांतिपूर्ण , पिल्हे, पिल्हे, पिल्हे
अर्थव ,उलीय,दलीसा, पलीय
संभलने ,विचाता,उजेता,विकाता
सांढ़ , अद्घोषणा,उद्धषणा,प्द्घोषणा
संपादन ,तमंचाधार,तत्चाधारी,पमंचाधारी
भाती ,पलमावार,पलटभुर,पलमावार
महासत्संग , सटनी, सटनी, सटनी
संकुल ,सदाज,अंगुज,अंधेज
उबले , बेतुने, बेतुने, बेतुने
डराना ,सरतिकरण,सरलीवारण,जरलीकरण
ऊंचाइयां ,उमझाया,पमझाया,उमझाया
लगानेवालों ,गिट्ठी,गिलाटी,गिनाटी
अनुबन्ध ,चेतरे,चेष्रे,चेतरे
तीर्थंकर ,सरोपकारी,परोजकारी,परोड़कारी
परिक्षेत्र ,नम्रण,मम्रता,नम्हाता
दरका ,दुश्वानी,दुश्मय,दुश्मती
खैनी ,आवागे,उएंगे, बएंगे
सदाचरण ,राजी ,राज ,रास 
ग्रामसेवक ,जायवाले,जानेहिले,जानेवाना
दम्पत्ति , कुंडरों, कुंडरों, कुंडरों
सप्तमी ,दादते,दादते, दादने
शेखों ,टटोटकी,टहटकी,टकटरों
दिलाता ,पदरकांड,सुंदरपाड,सुंदरकांडों
नरकंकाल , उहिर, उहिर, उहिर
कस्बों ,पालिकान, अलिथीन,उलिथीन
ग्याहरवीं ,कंपोस्वी,कंठस्ट,कंपोवट
रोहन ,सहरतगढ़,शोहरवागढ़,शोहलतगढ़
भक्तिगीत ,गद्विधि,गतिवित,गर्विधि
ढवारसी ,पूंजीनिवेद,पूंजीनिवेजों,पूंजीनिवृश
मनरूप ,नौसेकी,नौकाकी,सटंकी
क्षुब्ध ,आमआदय,आमआरमी, अमआदमी
आधारशिला ,सुस्पत्ट,सुधापष्ट,सुस्ताष्ट
एकरूपता ,उगृत, बगृत, बगृत
सर्जिकल ,शिष्यते,शिक्यते,शिक्यते
लुटेरों ,विधाद,विषायी,पषाद
छाना , प्र्घकालिक,दीर्घकायक,दीर्घटलिक
सामूहिक ,फैत ,लौत ,लौत 
सिलने ,खंडिली,खंडीली,खंडिली
स्वैच्छिक ,पकने ,उकने ,ठोंकते 
सहकर्मियों , बावि, बावि, बावि
बाढ़ग्रस्त ,समावस्या,असवस्या,अमाजस्या
छापेमार , अतुराज,ऋतुर्ज,ऋतुराने
आरंभ ,चांरीं ,ठेंरीं ,घिर 
खब्बू ,पहओ,पहओ, कढ़ाओ
टहलते , पव्य,उव्य,दिव्र
सुलगा ,मंजिप,मंगप, बडप
किशलय ,टालप,पईप,टालप
आर्कीटेक्ट ,सगमणी,नामांमणी,नागमन
जलाशयों ,फेंई ,सोचें ,सुंई 
संवादददाता ,उनादि,उनादि,पनादि
दंगे ,टका ,बॉके ,हके 
समाजसेवियों ,लुढ़चता,लुढ़तिता,लुधिकता
झुलसे ,अंगाया,अंगाया,अंगाया
ऐलोपैथिक ,फासा ,पंडे ,लिसा 
संगीतकार ,दीनराज,दीपकज,दीवाराज
खुलवाई ,क्षेत्रबाल,क्रत्रफल,क्रत्रफल
पचवान ,ममतौर,आमझार,आमझार
जताया ,बचन ,पचन ,मोचक 
दुरपयोग , प्परवाईजर,सुपरशिईजर,सुपरवाईजय
बदलता ,तलाशगे,तस्शेंगे,तलाएगे
दबकर ,विकप्त,विपप्त,विराप्त
गर्भपात ,चुकायगे,चुनएंगे,उकाएंगे
रूहानी ,स्वेच्यू,स्माच्छा,मवेच्छा
जियारत , अम्प्यूटराइज्ड,कम्प्रटराइज्ड,विम्प्यूटराइज्ड
मिठाईया ,उदोलित,आंदोलियां,आंदोलिया
सुलझे ,आरोसत,मरोपित, परोपित
अभागे ,चिंतरा,चिंकान,चिंतरा
अभिप्रमाणित ,उजसू,आससू,पजसू
मुर्गीपालन ,हकरार,हकलर,हड़दार
योग्यताएं , बलटे,कलटे,पढ़ाटे
लौहार , बखेंगे,दिखगे,दिलागे
क्लिन ,बेखवार,बेखवार,बेवबर
उपद्रव ,रुंती ,जीतो ,सींती 
संबल ,मवादादाता,पवादादाता,सवादादाता
रस्मअदायगी ,धराके, धर्के,धन्के
मारो , प्मशानघाट,शमन्नघाट,शमशानदेट
मटके ,संस्कृषि, अस्कृति, अस्कृति
उपलब्धता ,डिजाजनों,डिलजनों, अवीजनों
सूचनानुसार ,आरामसयक,आरामदायता,आत्मदायक
जिंदा ,निकापम,निरूपथ,निरूद्म
अंदाजे ,उठारे,उकेगी,उकेट
ढीले ,धोबीकूट,धोबीकूट,धोबीवाट
एमकॉम ,विनिश्मित,विनियस्त,सनियमित
मोमीना ,अनुस्रयोग, प्नुप्रयोग,अनुज्रयोग
तिलक ,धुंख ,आैख ,होख 
हलफनामे ,गिद्ते ,गिरण ,गिरती 
