﻿valid,invalid1,invalid2,invalid3
ज्योति ,भात ,धौड़ ,भावों 
गुरुवार ,मुशनरत,मुशर्वात,मुशलरत
विचारे ,पुंटी ,पुंटी ,कोटी 
रुक्मणि ,पड़गड़ाहट,जड़गड़ाहट,गड़गशीहट
लकवाग्रस्त ,पकखा, उरखा,पहखा
नियन्त्रण ,अरह्मामुहूर्त,अरह्मामुहूर्त,ब्रह्मास्हूर्त
त्योहार ,बोधसाई,बोनसाना,बोनपई
लोभ ,प्रमाच,प्रापंच, अरपंच
महामाया ,संबंता,संबंता,संवाता
अवलोकनार्थ ,मजाकित,उजाकिया,मजायया
पॉलीथिन ,उद्रिका,पद्रिका,पद्रिका
जीतीं ,बुद्धिजीनी,सद्धिमानी,बुद्धिपनी
विन्देश्वरी ,अधिवार,पधिवास,अधिवार
सच्ची ,उदावन,उदासीमा,उदालन
तगादा ,मलवाए,खुलकए, सलवाए
प्रद्युत ,नौकना,नौकना, कसेना
शोकाकुल ,संवायाकाल,संरयाकाल, अध्याकाल
बैंडबाजे ,भटूश, कटूरे,भटूश
मुआवजा ,रंटा ,रेटा ,खेटा 
स्वाभाविक ,नंबरहरी, अबरदारी, अबरदारी
कथामृत , बिफड़े, बिफड़े, बिफड़े
चुप्पी ,मास ,एंने ,तूने 
डसने ,उच्चरथ,प्च्चपथ,पच्चपथ
हंगामेदार ,चमी ,लाेमी ,घूमे 
हरितक्रांति ,जबरवास्त, प्बरदस्त,सबरदस्त
एथलेटिक्स ,ससिंग,फेफग, कसिंग
स्नानकर ,बहआ,बबुज,बबुज
सूअर ,तरवाया, तकवारा,तरमारा
नियंत्रित ,कमिषा,उमिषा,निभाषा
रंगेहाथ ,विस्रण,विचायण,विचार्ण
पंत ,सलाने ,पलाना ,सलाएं 
जलज ,चक ,टेढ़े ,चक 
अयोग्य ,शुल्ली,शुल्ला,शुल्हा
संदेहात्मक ,अंतर्गलह,सतर्कलह,अंचर्कलह
सिद्धि ,राष्ठिय,राष्टीसी,राष्ठय
प्रेमसुख ,तलागे,तलागे,तपगे
ठोकने ,डालविंग,डालविंग,डाइएग
दुर्गुण ,आधारकत,आधायभूत,आधायभूत
सुस्ता ,तत्समयी,तत्यामय,प्त्समय
नीमहकीम ,प्रतिद्देन्द्वी,प्रतिनिवन्द्वी,प्रतिद्वन्त्वी
खटखटाएंगे ,पशिश,कपश,कमाश
रंगरेज ,भटवाना,भटरिना,भटपना
गजक ,गुदखा,सटखा, बटखा
कालांतर ,बेतप्तीब,प्तरतीब,बेतप्तीब
करोगे ,आईसएमसी,आनंजीएमसी,आईजीएमणि
हितचिंतक ,जीर्मद्धार, प्र्णोंद्धार,सर्णोंद्धार
मस्तानी ,बिछाड़े,बिताड़े,बिछाड़े
बन्दोबस्ती ,पढ़ागा, कढ़ेगा,पहगा
छिंदो ,कुशठ,कुर्ठ,कुष्या
सीमित ,नौबले,नौलत,उबत
सहफसली ,कगते ,बगते ,भींगने 
मंगलकोट ,मटवाला,पटमैला,पटमैला
तबादले ,चीखनी, कखना,चीखनी
एफएल , अहलोत,उहलोत,गहनत
सैर ,सदगुल,उदगुण,सदवाण
रुबरू ,लाडोवार,लाडोवाया,सडोवाली
मालदार ,रूहानिकत,रूढि़नियत,प्हानियत
सेहतमंद ,ओरिक्टल,ओलायंटल,ओरियाटल
नमस्तस्यै ,सरान्त,प्राहत,प्रान्य
जानिए ,साइएल,साइकियां,साक्किल
आस्तीन ,पर्ने ,पलते ,बलने 
साईकिल ,गौड़ ,छोड़ो ,छोटों 
श्रेणीकरण ,उराणिक,पौरामक,पौराणिया
उपले ,प्रामतिक,प्राकृतिया,प्राकृत्क
हरस्वरूप , कंपान, कंपान, कंपान
गद्दारी ,ढ़ांर ,ढ़ांर ,तैसी 
सीखो ,शराते,शराते, उर्ते
अमरूद ,पैसे ,पैर ,शोदा 
भरीं ,दहन ,दमला ,दमते 
कोरी ,खदेने, खर्ने,खदेने
काग्रेंस ,नंदीशान,नंदाशाला,नंदीशान
रंगाई ,गहराज,उहराने,गड़राने
मुकदमे ,नवीपों,नवीप,उवीन
मूल्य ,वृद्त्तर, अहत्तर,वृहरतर
त्रियोगी ,भोप ,रुठे ,मप 
जाट ,मूल्यपरत,मूर्यपरक, प्ल्यपरक
सीडीपीओ ,आत्मसनर्पण,आत्मसनर्पण,आर्मसमर्पण
गांववाले ,पहयोगात्मक,सहयोगात्सक,सहस्गात्मक
राजधानी ,पुरूपर्थ,पुरूद्र्थ,पुरूपर्थ
जन्मों ,गर्शीलता,गतिविलता,गतिशीलयों
जनतक ,उन्मुही,उन्मुल,उन्याख
हस्तलिखित , पआई,बुआर, पआई
रोकर ,उछलिते,उतलते, अछलते
दूबे ,सढे़गी,सढे़गी,सढे़गी
कुलपति ,मल्जिम,मुल्हम,पल्जिम
कमांडो ,घृना ,सिंना ,डोना 
हत्यारी ,सटाता ,मिटाने ,मिटाए 
सयंत्र ,पलकारा,ललकाओं,उलकारा
दोंगो , नालिता,नास्ती, नालिता
सितारे , परादे,सरादे, परादे
तामसिक ,रुख्सन,मख्सत,रुख्शेंत
शिक्षाविद ,पऊन,सऊन,पऊन
चिपकाई ,पच्छिस,पच्छुस,पच्चस
प्रावधानों ,मंत्रिकव,मंडरित्व,मंदरित्व
लडे़ ,स्वेच्छाचारिक,सवेच्छाचारिता,सवेच्छाचारिता
खोदे ,व्यवनाई,व्यवधाई,मयवसाई
महंगे ,काऊ ,सोकी ,सोकी 
एकमत ,अहिसान,पहिरान,अहिराते
कंठस्थ ,नईबाजारी,नईचाजार,नईबाजाल
नराज ,बुलाइयों, पराइयों,मराइयों
ज्योतिर्मय ,रिथा ,गोथा ,कढ़ी 
धनुषपूजा ,पुष्पवाटियों,पुष्पवाहका,पुष्परटिका
उत्तम ,संभार्ण,संकीर्स,संकीकृण
टेकन ,जानीमान,जादूमानी,सनीमानी
कॉरपोरेटर ,उर्षीया,वर्शाया,मर्षीया
नौरंगी ,मसडीओ, असडीओ,एकडीओ
अध्यापिका ,अशेषाधिकार,विशेषात्कार, प्शेषाधिकार
जगराता ,अपबंधकर्मी,अनुबंधयुर्मी,पनुबंधकर्मी
हताश ,भिड़या,भिड़या,भिड़ेया
कतरे ,पिड ,मुंशी ,पिड 
रोचक , उलाने, उलाने, उलाने
विधवाएं ,अनुराञा,अनुसूञा,अनुज्जो
प्रशासनिक ,ढील ,ढीले ,ढीले 
सेवानिवृति ,लहवाना,लगलना,लहवाना
हुर्रियत , अंतना, अंतना, अंतना
वास्तुकार ,पकरीली,परिरीली,पकरीली
कुपोषित ,धड़पन,धराकन, अड़कन
बंदूकें ,झूठा ,झूठी ,तूला 
गूंजे ,वेंटिलेटल,वेंटिलेपर,वेंटिलेटक
टाईब्रेकर ,सुकुमानी,सुकुड़री,उकुमारी
परिणामस्वरुप ,स्वीस्थ,स्वस्वी,स्वीस्थ
सूखने ,बर्य,बर्य, कर्षा
झडी , प्वजलधारा,स्वजलधाम,स्वविलधारा
स्वावलम्बन ,सुविधाम,सुवितीएं,सुनधाएं
रुखसत , देहाने, देहाने, देहाने
अल्पसंख्यकों ,बाइफस,बाइपाठ,मइपास
महसूस ,उमुंदर,सहदर,समुंदगी
झण्डे ,मलझाए,पलझाए,सुधाझाए
बायपास ,पहाराज,महाराने, अहाराज
शीशे ,पूर्यकालिक,पर्णकालिक,जर्णकालिक
खूबी ,चीत ,भिंत ,मृदु 
ऐलिवेटिड ,सद्दों,उद्दों, बद्दों
मर्माहत ,झूलों ,चंमी ,ढांमी 
स्कैंडल ,शरासती,परारती, अरारती
ताश ,दोपहवें,दोपजार,दोमंहर
तैयारी ,खाकी ,खाकी ,खांत 
दोपहिया ,सधमुंही,दूधकही,दूरमुंही
गैंद ,महँगारों,उहँगाई,महँगार
दस्ता ,निकद्ध,निकाद्ध,निरुवाध
वासी , नहामी, नहामी,नन्मी
आकृति ,गंवाला,गंवाला,गंवाब
यज्ञाचार्य ,पशुचिकित्रलय,मशुचिकित्सालय,अशुचिकित्सालय
कम्प्यूटरीकरण ,पनीटंकी,पासटंकी,पायटंकी
निभायें ,खेत ,टेंल ,खेर 
कतराती ,विद्वार,विकवानों,विद्वाया
सजाती ,सुलरू,पचारू, बचारू
अर्धरात्रि ,जि़ला ,जि़ला ,जि़ला 
पियुष ,चुंदना,चुंगरी,चुंदना
संजोते ,अपरुद्ध, प्वरुद्ध,अवरुद्या
लेके ,तस्शते,तलाएंते,तलाशय
चलानी ,सीरिकर,मखकर,सीमेकर
फोरन ,कखंडी,उखंडी,कखंडी
सेतू ,कणों ,कहें ,बिला 
निष्पक्षता ,समाचाशास्त्र,समाजशार्त्र,समाजशास्थिर
नवप्रभात , कयनों, कयनों,नयरी
खोजा ,काफिस,कानूला,काफिस
लूटता , लेबिनी, लेबिनी,लेखती
मानवाधिकार ,अंतरात्रा,अंकरात्मा,अंतरात्री
बर्बादी ,धुंदो ,गेंद ,गांदो 
मानी ,प्रिक्टर,पराक्टर,पराक्टर
कमोबेश ,उवंडर,बवंडन,बवंडन
दगाबाजी ,सनाएं,पनाएं,पनाएं
तापते ,खरे ,ढैड़ी ,खभों 
विभूषण ,विश्वसभाय,विश्वसभाय,विश्वर्नीय
शोधकर्ता ,प्माधारक,बीमाधारम,बीमायोरक
दुर्गावाहिनी ,स्मारता,पमारकों,स्माककों
छलके ,शौचाएय,शौचारय,शौचालते
नया ,डूबे ,डूबी ,भैंब 
बढ़ोतरी ,बनार ,अनाई ,बनानी 
सुधारनी ,स्वीर्किंग,स्पार्षग,स्पार्वाग
रेशेदार ,पैत्रता,पैत्रते,पैत्तक
प्राधानाध्यापक ,विद्णुपद,विशेणुपद,विष्टपद
बालश्रम ,अस्तरता,अस्थिरक,अस्थिरण
मंजूषा ,उत्य,मृदुय,उत्य
नियुक्तिपत्र ,मौलाएं, मौसना,मौलिना
भैंसा , ओंकाने,ओंकाना,ओंकाया
बांयी ,जलवन,सलावन,सलावन
दीर्घायु ,पूमी ,पूमी ,नाल 
किनारे ,मुकारले,मुरबले,मुकाबत
चिन्हांकन ,घिनौणा, बमाणा,घिसणा
बसती ,गुण्डाराय,गुण्यराज,गुलडाराज
प्रशंसनीय , छबीका,छत्का, छबीका
गमन ,विकेला, ककेट, ककेट
मंडलों ,खु़वा ,घुवा ,घुवा 
बिगड़ी ,माराहरी,मालमारी, अरामारी
दमकल ,मवर्णा,सुखर्णा,सुवजणा
छात्रायें ,भाड़ ,रेता ,भाड़ा 
पुष्पित ,उजहब,मजहवें,मजराब
परिरक्षण ,गाँले ,ढेले ,भोगों 
चुनचुन ,सर्तुभुज,चर्याभुज,चतुतुभुज
दिलदार ,ससफूस,उसफूस,घासफूज
दण्डात्मक ,रुखसन,रुखवाती,रुखसन
चक्रानुक्रम ,पालिहाएं,पार्काएं,उलिकाएं
एसबीआइ ,रुमागी, ककेगी,उकेगी
छाये ,तकलफदेह,तकलीफदेशों,तकलीफदेश
दस्तरख्वान ,खरीकती,खदेकती, उटकती
आपराधिक , बझले, बझले,उझले
अस्त्र ,कलाताओं,मविताओं, अविताओं
संबन्ध ,संझा ,सतों ,संजो 
द्वतीय ,प्रकोणीठ,प्रिकोष्ठ,प्रकोष्टि
पल्ले , नाटें, नाटें, नाटें
सालो ,समंड,पमंड,घमंत
राजवंश ,फूंरो ,शूरो ,भैंस 
बुलंद ,पस्कुरा,मुस्त्रा,मुस्कुलों
कनैली ,पसलाअफजाई,पसलाअफजाई,हौसलाअफएई
गतदिवस ,दूषय,दूषय, बषण
नसीब ,मशाकर,निशाकते,पशाकर
उगलते ,हड़जाना,हरहना,हरदाना
पर्दे ,छलला, पबीला,छत्ला
गुजारते ,इस्तरर,इस्तकाओं,सस्तकार
पिटते ,एलोपैथियां,एलोपैथित,एकापैथिक
सर्व , प्मस्याओं,समर्याओं,सत्स्याओं
शैशव ,आज्ञापालों,आज्ञापात,आक्ञापाल
लौटता ,नीलों ,कौंबू ,नीली 
गुरुचरण ,सचनापट्ट,सचनापट्ट,सूचनापर्ट
तपके ,बुलाढे, कड्ढे,बुर्ढे
प्रशिक्षिका ,मनजिदे, अस्जिदे,महाजिदे
रविकरण ,जीवालओं,जीतणुओं, अवाणुओं
मिशनरी ,सणगांव,रणभेव,सणगांव
अधोहस्ताक्षरी ,ढैट ,लौटीं ,लौटीं 
फलता ,महासचियों,महापचिव,महासचियों
उतावला ,भिड़ी ,भिड़ीं ,ठेड़े 
आलोचक , बपाने, बपाने, बपाने
शिकारा ,पहटेदार,प्ट्टेदार,पहटेदार
विवेचना ,मनसंघ,जनवाघ,सनसंघ
देकर , उहाला, उहाला, उहाला
धवाना ,जिला ,नोंम ,जिए 
टेंशन ,पमलेंदु,पमलेंदु,करालेंदु
प्रभात ,फरमाइट,प्रमाइशी,फरमार्शी
निपुण ,छिपवाली,मपकली,उपकली
प्रवाल ,ठूले ,हूले ,ठूले 
डीडीसी ,तेजपत्व,तेजपत्रों,तेजपतिता
नियंत्रक ,हैख ,सीधी ,पाख 
वारे ,सखाना,सखाना,सखाना
भरसक ,अध्यमनरत,अव्ययनरत,अध्ययकरत
सेक्शन ,राजकुरार,राजकुशर,राजममार
कंडा ,उत्प्लारकों,सत्प्रेरकों,उत्प्लेरकों
इति ,गंधकव,गंधवाव,गंधर्थी
आतंकित ,मचकारी,सचकारी,पिचकाओं
लोकशिक्षा ,पढ़ाकें,कलकें, बलकें
सम्यक , भट्ता, भट्ता, भट्ता
दिखाने ,सवीनता,सवीनता,नशेनता
पद्मश्री ,कोयश, बशिश,सशिश
खिलता , महई,महंई,महंई
वस्त्रम ,नैवेदय,नैवेदिय,पवेद्य
छिपाना ,अव्यवर्था,अव्यस्स्था,अव्यवलिथा
धर्मग्रंथ ,कीड़े ,कीटों ,खु़ट 
अधिग्रहित ,पंक्मृत,पंखुमृत,पंहुमृत
सम्पदा ,पन्यता,मान्द्ता,मान्दता
संवेदक ,अधिलेखीय,अभिरंखीय,अभिलेटय
