﻿valid,invalid1,invalid2,invalid3
रुकवा , अचालिका,उचालिका,संवलिका
मंत्रिमंडल ,दलदाली,उलदली,दलदरी
चयनिका ,बढ़ाटा,बहाटा, बताटा
बरफी ,नाचब,नाचब,नाचब
काननूगो ,बहर ,कहल ,उहल 
नौरंग ,उवते, बवते, बवते
तीज ,जि़ला ,बुकी ,उला 
ईष्या ,आवश्नकता, प्वश्यकता,आवश्रकता
भरेंगे ,स्लेगी,स्लेर,स्थट
बुलवाया ,व्यवसारिक, प्यवहारिक,व्यंवहारिक
बरते ,विधिकत,विस्वत,विस्वत
त्रिपिटक ,उपते, उमते, उमते
केंचुए ,घेंघ ,धुघ ,भांघ 
रोमांच ,सहना ,उहना ,सहना 
छल्ले , रुमाने,रुबने, रुमाने
सृष्टिकर्ता ,उताते, कताते, कताते
बिखरी ,पुनस्यथापन,पुनस्र्थापकों,पुनस्र्वापन
ग्राट ,खांसले, खांकने, खांकने
तटबंध ,उमीदोज,जयदोज,जगदोज
संक्राति ,फांदरर,फांदरर,फांदकने
उठाना ,सहलारी,सहनारी,सहनारी
महफिले ,रक्सबंधन,रक्षाबंधिन,रस्षाबंधन
नन्दनी ,मआंधार,धुलिधार,सआंधार
हलाल , छात्कर,छानकने,छानदार
कर्मयोग ,राजस्यकर्मी,राजस्यकर्मी,राजस्यकर्मी
फिसला ,मनमानेपद,मनकनेपन,मनमानेपक
बेसुध ,तनासीलकर्मी, प्हसीलकर्मी,तनासीलकर्मी
पिलाए ,आधारकार्य,आधारक्र्ड,पधारकार्ड
बेचें ,लालश,सटूश,लादश
विधाता ,मजेण्र,मजेसिर,मनदार
ढाढ़स ,वार्रण,वातारती, अतारण
कताई ,कालेधक,सलेधन,कालेबंन
लहराते ,उलरेंगे,उतारेंजी,उपरेंगे
उपस्थित ,सुधागती,सुलगति,पलगती
सरदर्द ,मनाधिकार,मनाधिकार,जन्धिकार
मठाधीश ,अवयस्त,अवयस्ती,अधियस्क
मार्गदर्शक ,उपेदिक,तपेदियों,तकदिक
बांधा ,हुक्ष,हुक्र,हुक्र
नवजागरण ,कवाल ,बवार ,बवानी 
परिवारीजन ,मध्यमाथा,मध्यस्ट, अध्यस्था
जनअधिकार ,मण्डलीयुक्त,मध्डलायुक्त,अण्डलायुक्त
घुमंतु ,तारीज,तारीबों,तारीबों
पिलाएं ,उरनामे,मरनामे,कारनाएं
दबिशें ,तरीबों,तरीज,तरीज
तेंदुए ,मणिकवाणिका,मणिकर्ताका,जणिकर्णिका
नवान्न ,यांत्रित,यांत्रियां,यांत्रक
दहन ,कारहमा,मरनामा,कार्नामा
मिथला ,रेसे ,पिटे ,रेसे 
खरीदेंगे ,मध्यतथता,मध्यवथता,मनोयस्थता
औद्योगिकीकरण ,उशोभित,सुधभित,सुधभित
आकस्मिक ,हटा ,जि़ठी ,हमें 
भाजे ,पघने,पघने,पघने
धनबल ,खास्द,उलिद,उलिद
संतरे , अवदेना,संवस्ना,संवर्ना
विक्षोभ ,कचते, सचरा,कचते
गृहकार्य ,त्रिमासित,त्रिमार्क,त्रिमानक
उच्चाधिकारियों ,सठ्ठी,मुक्ठी,मुक्ठी
आहूत ,रैंकी ,फुंसी ,गेकी 
संस्कारित ,बरातकाला,बहतशाला,बरातशाही
जलपोत ,पत्रनेता,छात्रनेक,छायारनेता
दिनदहाड़े ,पहुंजनो,पहजनो,सरिजनो
अंदाजा , पजना, पजना, पजना
करेला ,मत्संग,सत्रिग,सहसंग
प्रतिनिधी ,दुर्गाड़िजा,दुर्यपूजा,दुर्गार्जा
गिरवर ,पयेष्ठता,ज्याष्ठता,ज्येष्टता
न्यौता , उबंध, उबंध, उबंध
तोल , बोरिले, बोरिले,बोतक
उपग्रहों ,प्रेरने,प्रांरकों,प्रेशाकों
सौभाग्यशाली ,पडस्तरीय,खंडस्तरीत,खंडस्तगाय
उच्चत्तर ,समावों,सजावों,कचिवों
राष्ट्रीयकृत ,बकाएदान,बकाएदान,बहएदारी
गुनगुने ,सेामकर,ममवार,सेामवाने
गिरि ,वेया ,वेया ,जड़ 
बुढ़ापे ,गुप्पे,गुर्त, बप्त
बहरहाल ,ढैंटा ,चार ,चार 
संवारेंगे ,उहेंदी,सहेंदी,उहेंदी
नाकाम ,रिपू ,रिपू ,हूति 
तोता ,जगमस्एंगी,जगमगाहगी,जगमरएंगी
शक्तिधर ,नियत्रंभ,नियत्रंश,नियत्रंभ
सुधारेंगे ,निराकवाण,निरातरण,निरातरण
बेचनी ,स्वनर्म,स्वधर्य,पवधर्म
काम ,वर्मभर,वर्षमर,मर्षभर
ज्ञानकुंज , जोड़िता, जोड़िता, जोड़िता
छप्पनभोग ,ढंककती,ढंकलर,ढंकरार
ज्वालादेवी ,श्रेमान,श्रोमान,श्रेमान
पशमीना ,घड़िती, उराती,घड़िती
संझा ,न्यौय,न्यानी,न्यानी
टैंक ,प्रवाधि,प्रेविधि,प्रदाधि
जलभरी ,सवाददात,संवादलित,पवाददात
मुसलाधार , उहाना, उहाना, उहाना
किरणजीत ,ढूंढस, सढती,उढती
गैंडा ,ज्यानवान,ज्वानवान, अञानवान
वित्तीय ,उबद्ध,संबद्धि, पबद्ध
नगरपर्षद ,उन्रने,उताएने, सतारने
शागिर्द ,बेईसेंन,बेईचान,बेदमान
मायकेवाले ,फिजियोगिरेपिस्ट,उजियोथैरेपिस्ट,फिजियोथैरेपिस्त
हुस्ने ,पर्थयात्री,तीर्थयात्ति,जर्थयात्री
खोते ,मवरांजलि,सवरांजलि,सवरांजलि
कवी ,शिक्टण,शिवषण,शिक्कण
फटा , अतरेगा, अतरेगा,उलरेगा
मरेगा ,उएसए,बीबीसए,बीएदिए
प्रशिक्षुओं , विहाने, विहाने, विहाने
दीवाने ,दुधर्हे,पधमुंहे,उधमुंहे
ढलती ,उखाव,सखाव,रखार
प्रभुजी ,जि़लाधिकाल,जि़लाधिकारों,मलाधिकारी
धुसवा ,प्रसिद्र,परसिद्घ,प्रिसिद्घ
व्यापकता ,धर्मप्रीमी,धर्मप्टमी,धनमप्रेमी
सप्ताहव्यापी ,माँगता ,माँगना ,सगने 
कसने ,सजासों, उरसों,सजासों
जीवनलीला ,लगलवाले,प्गनेवाले,पगनेवाले
प्रक्षेप ,जलएं,उलाएं,जगएं
ग्रामसभाएं , अखधार,शंखकर,शंखरर
निवारक ,वंती ,सोता ,सोमा 
पत्रकारों ,श्रमाध्क्षक,श्रमाधीक्षद,श्रमाणक्षक
दयानिधि ,अवमते,अजरिते,अजराते
प्रयास ,संस्त्नों,संभाथानों,उस्थानों
निशुल्क ,चलाचे,चढ़ाचे,चलाचे
बंदूकों ,तरतीश,तफ्ताश,तस्तीश
बैठकों ,परेनें,उरेनें,ट्रेता
गाओ ,नशेलाने,नहनने, अहलाने
जन्मदिन ,कालायशाला,कार्वाशाला,पर्यशाला
सहमी ,बूढ़ेकर,पझकर,बूझधार
नहर ,मब्जेदार,कब्जेदाता,कब्बादार
अपूर्ण ,सुधाधायुक्त,सुरधायुक्त,सुविष्युक्त
स्तम्भ ,वामकारी,वादगारी,वादकाओं
नरबीर ,हलफदामा,हलपनामा,हड़फनामा
राग ,उवेशक,निभाशक,निवेदिक
जांचेंगे ,मरोधी,महंड़,उरोड़
नुकसानदेय ,सभावपति,सभाधिपथ,सभाधिजीति
गिने ,वजनदाता,वजमदार,वजनशीर
विधिवत् , कहुचा,सहुचा,सहुचा
त्रिकाल ,छटपयोती,छटपत्ती,छटपर्ती
बलाय ,सर्मस्थली,कर्थस्थली,पर्मस्थली
धराशायी ,पधनी,पधनी,पधनी
पहनो ,हिंदीगृषी,मदीभाषी,हिंदीभाग
मौते , फलकने,फटरिने, फलकने
चाहता , उयारा, उयारा,प्रारा
संग्रहीत ,ठेंता ,मीठा ,बंता 
हथियार ,चादत,चादत, चालात
हौसले ,रूटों ,रूक ,भंई 
बचाएं ,स्वानीय,उथानीय,स्थावय
बुरे ,उदारतापूर्धाक,उदारतालर्वक, प्दारतापूर्वक
अमरवीर , सढ़ाया, सढ़ाया, सढ़ाया
नॉडल ,परकती,थिरवाती,परकती
दुबकी ,खेग ,ढे़ग ,लूग 
कछला ,अससुलझा,अनसुईझा, प्नसुलझा
लांघने ,नंड़ ,जड़ा ,जड़ी 
निपनिया ,उन्दूर,मन्दूर,सिन्दूत
शंख ,मुसश्वर,मुक्श्वर,मुनीश्रिर
परिपेक्ष ,खोजमान,खोजमान, सजबीन
पैरामिलेट्री , बाभा, बाभा, बाभा
खर्चो ,जन्द्त,जन्नन,जन्नर
कंसलटेंसी ,इमोशबाल,पमोशनल,इमोशस्ल
पिलाते ,दोड़ी ,दोड़ी ,बोड़ी 
गाड़ ,पर्षाजल,वर्षाजन,वर्षाजक
चलन ,ब्रह्माोचर्य,ब्यूह्माचर्य,ब्रह्मावर्य
मूलधन ,मरदार,महदाना,महदाना
उगाया ,परिवाधन,परिशोधता,परिशोधर
दबिश , वकीरे, वकीरे, वकीरे
जली ,बंजने,बंजना,बंटार
भांति ,डिहाइड्रेशत,डिजिइड्रेशन,पहाइड्रेशन
प्रतिफल ,मर्शित,मर्शित,दर्जत
आरक्षण ,यमरानी,यमकज,यमराते
सम्बद्धता ,विचारालरा,विचालिधारा,विद्राधारा
उठाए ,रसीति,रत्य,रचाति
साध्वी ,डिटा ,जले ,जहाँ 
बाध्यता ,उखाना, कखाना, कखाना
रोड़े ,बुंल ,जेठ ,रौल 
पोंछने ,पहयन्त,पर्यन्ह,पदयन्त
अस्वच्छता ,पदोस्नत,परन्नत,पदोन्यात
विलास ,अंधविश्वसी,अंचविश्वासी,अंतविश्वासी
रसोईये ,पद्मविभूषद,पद्महोभूषण,पद्मविश्षण
जिलावार ,परबंधकीय,प्रबंधशाय,प्रक्धकीय
धर्ममय , कड्डों,अर्डों,अनाडों
कर्मक्षेत्र ,प्रकडों,प्रवाडों,प्रदाडों
खौलती ,बतृ,सातृ,सातृ
कम्यूनिकेशन ,बेबुनियास,प्बुनियाद,बेबुनियार
टिमटिमा ,सेहफाइनल,सेमीशइनल,सेमीफाइनता
़जमीन ,रूपकर,सचिकर, अचिकर
भूमिगत ,चलाका,चलाका, पमका
परमदेव , कभानी,निकनी,उभानी
पकी ,घुमाना ,समाने ,घुलने 
झपटा ,बेपकदा,बेपर्थ,बेपवादा
सुपुर्द ,कथाश्वर,कलाश्वर,कटेश्वकों
मोटरबाइक ,कुंवक,कुंवक, कुंवन
पत्रिका ,भोगी ,भोग ,झुट 
मांगकर ,विचाश,पवश,उवश
मिलाया ,स्टेशनत, अटेशनरी,स्टेशररी
भेदभावपूर्ण ,फ्रेंचालजी,फ्रेंचाइयां,फ्रेंचालजी
कटिबद्धता , मंजूस, मंजूस, मंजूस
वृद्धजन ,पभने,पभने,चुभली
बताता , रचासी, रचासी, रचासी
निखारती ,गुंवा ,खूवा ,गुंवा 
खूंखार ,भेदपुरी,भेलझरी,भेलझारी
सोते ,पभियोगी,अभियागी,अभिलेगी
वंशज ,मुस्त्राकर,मुस्वराकर,मुस्वराकर
पुलिसवाले ,उगाम,उगाम, उड़ाम
गुस्साये ,मम्मेदार,प्म्मेदार,प्म्मेदार
सच्चा ,चोंला ,पीले ,चोंला 
समझाएंगे ,प्शेषतौर,विशेषवार,प्शेषतौर
विधेयक ,बारिरे,बारिरे,बारारे
हवाहवाई , पढ़ाटी, पढ़ाटी, पढ़ाटी
रेलकर्मी ,अवजक,अराजनों,अरामक
पिसना ,विमुक्ष,विमुद्त,विमुद्त
रईस , सजारा, सजारा, सजारा
वैष्णों ,जनशिरोयत,अनशिकायत,सनशिकायत
थिरकीं ,सलियुग,कलिहाग,कलियुओं
कुनाल ,नर्बपोशों,नकाकपोशों,नकाबजाशों
सुध , सलनों,गैरेनों,गैरानों
चलंत ,मनुस्थति,मनुस्थति,मनुस्ताति
तूफान , मचाज, मचाज, मचाज
वार्षिकी ,विशिष्टल,विद्ष्टता,विशिष्मता
टहलता ,सेवयें,सेवाब, बवायें
बंगभाषी ,असनदान,अन्द्दान,अन्नशीन
नवयुग ,कीचत,कीचत,कीमने
अम्पायर ,आतंकरदी,आरकवादी,आतंककदी
निर्मम ,रुकारांश,रुकरांश,रुखरांश
बंटवाई ,आत्मर्त,सत्मजीत,सत्मजीत
सायंकाल ,पछन, बछन,लांछड़े
स्वीकारा ,फूक ,काल ,फूलो 
निबंधक ,गोताबंद,गोलकद,गोलझाद
बटेश्वर ,डिब्ज,डिब्र, उब्बे
अवरोध ,पुर्ई, पुष्ई, पुष्ई
लाठीधारी ,समाकहों,ममारोहों,उमारोहों
सपने ,आसाफ, बतिफ,आतियों
चरमरा ,अवन्तियां,अनुन्तिका,अनुन्तिका
सेमिनरी ,उतरेखा,उतरेट,उतरागे
पुस्तकालयाध्यक्ष ,पोलिण,पोशाण,पोशाण
चूंकी ,संवालन,उचालन,संस्लन
नवनिर्मित ,रजरा,रस्ऊ,उजऊ
गुमशुम ,कपन ,कटाए ,कटाने 
गरी , फैलव, फैलव,फैसव
भर्ती ,स्वराज्ञी,प्वराज्य,स्नाराज्य
झूमेंगे ,सेल ,मैनें ,मैदा 
फलीभूत ,झीगी ,ब्गी ,टांगी 
मनवर ,त्रियागी,त्रिवागी, अरियुगी
पुरानी ,बहलेबाज,बरलेबाज,बहुलेबाज
हार्टिकल्चर ,प्रिश्ता,प्रिवाता,प्रियाता
ताजमहल ,पहचारे, उहचान, उहचान
दफनाया , रसीत, रसीत, रसीत
छट्ठी , घुसेता, घुसेता, घुसेता
मसरूर ,कपज, कसज, कसज
बलपूर्वक ,नवरार,नवरार,नवबंधों
रक्षण , दाखिते, दाखिते, दाखिते
जीतते ,डांढ़ा ,शेढ़ा ,गूढ़ 
गूंगी ,बिछाड़ा, सछाई,बिछाड़ा
आतुरता ,जातपास,जातपास,पतपात
जनलोकपाल ,पघौरा,उघौरा,सघौरा
ढोंगी ,ससीयत,पसीयत,पसीयत
मैन्यूफैक्चरिंग , पवाक, पवाक,उवाक
