﻿valid,invalid1,invalid2,invalid3
हकीम , जाएंना, जाएंना,जायेना
नगरपरिषद ,सपिस्टिक,लिपिस्टियों,लिपिस्टिका
कैरो ,नौटे ,ढांटे ,छांटे 
व्यस्तम , स्वला, स्वला, स्वला
त्रिपाल ,निष्पार्ष,निककर्ष,निष्पार्ष
पैमाइस ,वाहवाना,वारवाही,वामवाही
व्हट्सएप ,चौवरों, चौमुन, चौमुन
गफलत ,बिखेरेंजी,पखेरेंगी,बिखेबागी
रीतिरिवाज ,खोदा ,खोजों ,खोटा 
बंदे ,हाशिश,पशिए,हाशिशों
महापरिनिर्वाण ,चौत ,फंत ,ठूंत 
अखाड़े , फेंकेंने, फेंकेंने, फेंकेंने
मोटरसायकिल ,मापा ,दुता ,बुंता 
ठण्डा ,आक्रांशों, पक्रांत,आर्रांत
दोषसिद्ध ,मकेण्डरी,सैकेण्डता,सैकेण्डता
मालिक ,धकी ,सेंध ,भौकी 
उद्येश्य ,मंगमनी,मंगकनी, सगवानी
चिल्लाया ,परियाकलाप,क्रिश्कलाप,क्रिवकलाप
फहराए ,उहाए, पहाए, पहाए
छिनी ,स्टैंडर्थ,प्टैंडर्ड,स्टैंडर्मी
प्लाई ,गुजथी,गुत्तों,गुत्तों
पढ़ायेंगे ,तांली ,झोले ,झोले 
हथगोला ,कारे ,रूग ,वोग 
छाई ,सखी ,सती ,तोहे 
स्नातकोत्तर ,स्त्रोधों,स्थारोत, अत्रोत
नुनू ,खरीतिगी,खरीवागी,खरीतिगी
खर्राटा ,स्वीनागार,स्नानागाया,स्वनागार
तीव्र ,प्रादेशिला,सरादेशिक,प्रायोशिक
बंदगोभी ,प्रौद्धगिकी,प्रौद्धांगिकी,प्रौद्धांगिकी
सुरूचि , बपे, बपे, बपे
सौपने ,कछूता,अखाता,कछूता
ढेर ,टाल ,टाला ,लंटा 
चमचमाती ,कटाना ,कटाए ,सटाया 
कार्यालयी ,लुहाका, लुभाका,लुक्र
औद्यानिक ,खंगालगे,पगालेंगे,खंगाबागे
अरिजीत ,सहतनता,सर्तनता,सचेतराता
डिप्स ,दुरूपत,दुश्स्त,मरूस्त
पुष्पगुच्छ ,एजेन्न,एजेताट,एजेदाट
एफडीआर ,कूपते,कूपते, कूल्न
निकम्मी ,कशांत, बशांत, बशांत
जेबतराश , मचाका, मचाका,महंका
गहमागहमी ,जजनशीलता,सृजलशीलता,सृजनकालता
वाकई ,शिक्षकगल,शिक्षकर्ण,शिक्षाकगण
चयनमुक्त ,गणनायम,मणनायक,गणनायता
रूला ,गरने ,गजमी ,करमी 
ऩकद ,महंया, सढ़ैया,महंया
जोते ,सएंगे,छावगे,छात्गे
शाला ,जोताएं,जोताएं,जोताने
उदारीकरण , कजाद, कजाद,आजारों
अंप्र ,हैरडपंप,हैण्डबैंप,हैण्यपंप
नकाबपोश ,कोंगो ,भगो ,भिड़ीं 
टॉयलेट ,कफ्टों,लिखाटों,लिखटों
ईंटें , तड़न, तड़न, तड़न
विखंडीकरण ,वृद्धावलिथा,वृद्धावर्था, प्द्धावस्था
फरमाता ,मचारधीन,विचायधीन,विचारधीशों
खापें ,सराजय,पहजय,पहजय
नाचेंगे ,जत्रबंदी,प्त्थेबंदी,मत्थेबंदी
स्मित ,निकाता,उजता,उजता
बावरी ,पकदेश,पहुंदेश,पहदेश
मरे , कहिला,उहिला, कहिला
निरक्षरों ,जांचोकर्ता,जांचलर्ता,जांचड़र्ता
एनिमेशन , रौंगती,रौंदर, रौंगती
सार्वदेशिक ,लांता ,छता ,टिता 
पदार्थ ,दौड़ेंई,दौड़ेई,दौड़ेंई
बुर्का ,सामाजिश,सामाजियां,सामारक
रेशों , इंद्नी, इंद्नी,इंतेनी
धन्ना ,झेद ,दुद ,दानों 
टेकना ,पलिंगन,आलिंगत,आलिंगम
छीनाझपटी ,कूदहे,कूहहे,कूहहे
स्मारक ,सद्रग्रहण,अद्रग्रहण,चंद्रसारहण
पनशाला ,सहिलायें,महिलाते,मजलायें
जगतगुरू ,दृष्ता,दृष्ता,दृढ़ना
रोपेंगे ,परपाई,भरहई,भड़पाई
कीटनाशक ,जटी ,बॉटी ,फलो 
मंगवाते ,उपनिहसील,उत्तहसील,सपतहसील
त्रिगुण ,नोटझोक,नोड्झोक,नोटझोक
संकल्पित ,उत्याभियुक्त,हत्यान्युक्त,हत्तभियुक्त
शीतलता ,अचायतस्तरीय, प्चायतस्तरीय,पंचायटस्तरीय
टैबलेट ,सडलों,पडकें,कडकें
क्रांतिकारी ,पन्दोलनरत,आन्दोलनशित,आन्दोलनरम
एथलीट ,अगसा,अगसा,अगसा
गंडक ,मषिमुनि,ऋषिमुखी, अषिमुनि
जुल्फेकार ,श्रोह, उरोत,श्वांत
परिक्रमा ,अधबत,अधरने,अधबन
सुपरवाइजरों ,साहंा,साहंा,साहंा
बांटें ,जेकी ,चौक ,ठूंकी 
सादर ,अधिसूरहीत,अधिग्यहीत,अधिग्राहीत
संवदेनशील , नेकिर,नेत्य, नेकिर
दक्षिणपंथी ,नपाया,नपाया,नपाया
झूलती , अगतगुरु,जयतगुरु,जगतगुण
टपके ,करोसे,करोसा,परोड़ो
आइस्क्रीम ,लिचे ,दंचे ,खिंची 
भूला , बषी, बषी, बषी
पॉयलट ,अशरूत,अपक्त,अशरात
प्रेरणात्मक ,कॉके ,रैके ,मैके 
बढ़ाता ,गहराज,गद्राता,गहराज
पप्पल ,सहलों,सहलों, उवालों
सेवारत ,मूसते, मूर्ल,मूल्ल
दिलाने ,जुटारू,उझारू,जुझाया
दुधैला ,लाए ,पेंलू ,लावा 
गुपचुप ,जकू ,चंाकू ,जकू 
संघ ,पवादहीनता,संप्दहीनता, प्वादहीनता
काउंसिलर ,बीओगी,पओपी, बओपी
ऑउट ,विचाट,विराए,विवाट
पक्कीसराय , घड़िना, घड़िना,घपना
तुक ,उनवासे,जमावासे,उनवासे
हवाले ,लार्य,लार्म,लार्म
बांये ,उकीम,मुक्म,पकीम
भक्तराज ,रामापत,राजापत,राजरित
रंग , बन्मीं,जलामीं,जलामीं
क्षतिग्रस्त ,रणनीस,उणनीति,रणवंति
दस्ताना ,सर्चार,सदालर, पदाचार
हटायी ,कैल्शिवाम,मल्शियम,कैल्लीयम
ऐतिहासिकता ,प्रशैक्रिणिक,प्रोशैक्षणिक,प्रक्क्षणिक
कंप्यूटराइजेशन ,हस्तगण,हमतगत,हस्तवात
पैथोलॉजिस्ट ,पनकाता,उनपता,पनकाता
सकरा ,मलखिलाती,खिलवालाती,सलखिलाती
सूखते ,रसतीभर,रत्रभर,रत्तीभरा
लादने ,मनोबरे,मकबड़ी,मनबरे
जुटनी ,ऋर ,ऋर ,ऋर 
भिखारी ,नालीं,बलीं, सालीं
बूढ़ा ,सुपरक्टार,अपरस्टार,सुपरक्टार
मोहतरमा ,पुष्पेशिदु,पुष्पेन्न,पुष्पेक्दु
कटना ,जिलावतरीय,जिलास्तरीम,जिलास्तवाय
सर्कस ,उरिसभा,हरियाभा,मरिसभा
भेजेंगी ,चूँव ,चाँव ,अाव 
धुलियान ,रिझात, कक्त,रिझात
केलिए ,सधा ,सधा ,ढाधा 
जलधार ,गहलाना, पहराना,गहनाना
पैराशूट ,उत्मुखीकरण,अन्मुखीकरण,उन्मुखीकरकों
कुचला , साड़िय,साध्र, साड़िय
इकोनॉमिक ,पजीव,पजीव,आवाव
कटावरोधी ,अधिथदण्ड,अर्थदण्य,पर्थदण्ड
हवाला ,पदवाई,उदवाई, अदवाई
वाहिद ,मौनी ,मौते ,लूसी 
पूंछताछ ,गहलें,गवालें,गरलें
बरसाया ,धागा ,सांतु ,हितु 
बेजुबान ,सबचे,सबचे, सहचे
रामायन ,चिन्रांश,चिन्रांश,चित्रांति
गगरी ,उदिशों,उदिशों,बंधशों
करूंगी ,नशेबार, अशेबाजी, अशेबाजी
मंडल , पराकी, पराकी, पराकी
रक्त , उयाल, उयाल, उयाल
रेलनगरी ,लैकी ,थमी ,थमा 
टीईटी ,मनवढंत,मनगुढंत,महागढंत
किस्मत ,उहुराष्ट्रीय, प्हुराष्ट्रीय,सहुराष्ट्रीय
बूढ़ेनाथ , उचने,सींचक, उचने
भवंतु , उसीना, उसीना, उसीना
बुंदेलखंड ,नगरवृयक्ष,नगठध्यक्ष,नगरशियक्ष
जगाना ,नाथ ,शंशी ,नाले 
शर्मीला ,पन्दगी,पन्दगी,गन्यागी
साकार ,इंटकसिटी,इंटरसिक,इंटरहटी
खोला ,लुटारे,लुटारे,लुभारे
संभलकर , भोज्ता, भोज्ता, भोज्ता
ढूढ़ते ,उपमहसचिव, प्पमहासचिव,उपमहोसचिव
उतरेंगी ,खुशवाने,खुन्वाने,खुरावाने
मातृभाषा , अश्करे,पश्करे,लश्कती
क्षय ,हवरादार,हड़लदार,मवलदार
दागने , जुल्ते, जुल्ते, जुल्ते
कराई , पिछयी, पिछयी, पिछयी
धुले , अरमाणित,प्रोमाणित,प्रोमाणित
सपाटे ,सूख ,औनी ,सूझी 
कमंडल ,गंडाक,गंभीक,गंदक
बीमार , उमना, उमना, उमना
लालटेन , अमोवेश,उमोवेश,करावेश
रहनेवाला ,बनारंगी,उजरंगी,उजरंगी
तालाबंदी ,शिल्लाकार,पल्पकार,शिल्पतिर
हर्षद ,जीवंने, जीविने,जीवंने
रिद्धी ,मरमाई,गरहई, अरमाई
रंगदारी ,दूरसंचारों, अरसंचार,दूरसंचारों
कापी ,शंकुन,शंकुड़े, शंकुरों
बेहतरी ,मनकना,मजवाना,मजवाना
झमाझम ,उहेगी, पहेगी,उहेगी
देखना , अपजाया,उतजाया,उपवाया
सजावट ,बेर ,तीखे ,तीज 
पराक्रम ,एकलरफ,एकल्रफ,एकड़रफ
खरी ,उस्यु,दवायु,दहयु
श्यामभक्त ,साओ ,लाखों ,साओ 
मुदगिल ,रस्दों,उसीदों,रस्दों
चूसने ,चतुलभुज,चतुर्रज,प्तुर्भुज
दुष्कर्म ,भिंली ,भिंली ,भिंली 
शतरंज ,उर्नल, सर्नल,कर्नती
अण्डा ,बांनी ,वोनी ,डिनी 
खंगालने , कल्द,जिसद,सल्द
अकेली ,गुमकारी,गुणवरी,गुस्कारी
मैग्जीन , नासें, नासें, नासें
सीखेंगी ,शौते ,पीये ,पीछे 
अमोघ ,चतुर्थवर्वय,चतुर्मूवर्गीय,चतुर्थवन्गीय
छंटने ,पलेश्वर,नीलेश्वकों,नीलेसिवर
खुलना ,प्रोतिभाएं,प्रस्भाएं, अरतिभाएं
पल्लव ,प्रांमी,प्रेनों,करेमी
बरकात ,रसवार,रतवाने, रहवार
स्वीकृत ,अष्पधातु,अष्पाधातु,पष्टधातु
वाष्प , सकीर्ति,सुनर्ति,सुकीर्थी
अनुलोम ,फैलेंता,फैलेंता,फैलेंता
व्याप्त ,सर्वदमणि,समवदमन,सर्वदमक
इंवर्टर ,अन्स्पेक्टर,इण्स्पेक्टर,सन्स्पेक्टर
अवगत ,कमलकयन,कमलब्यन,कमलब्यन
सेवामुक्त , नाछ, नाछ, नाछ
सर्वथा ,लहनेवाले,लगास्वाले,लगानेत्ले
क्षत्रप ,बनदास,बनपस,मनवास
सोनोग्राफी , नाढ़े, नाढ़े, नाढ़े
मासूमियत ,उमाखोर,जमावर,जमाखोटी
उत्पाती ,मेमोनताना,पहनताना,मेहनगना
मनन ,अबतकों,अबन्क,उबतक
निवृत्त ,सहस ,सरने ,अरस 
दगने ,भगाली, भट्ने, भट्ने
निरंतरता ,पढ़ागी,उढ़ेगी, सढ़ेगी
बनाएगी ,ढोड़ी ,तिड़ी ,तिड़ी 
प्राथिमकी , अद्धांतिक,सैद्धांतिथि,सैद्धांतिथि
अष्टमी ,सचेगा,मचेत,मचेत
चेताया ,अनुमानिया, प्नुमानित,अनुमान्त
जूझने , बस्मों,सस्मों,सस्मों
रेंगकर ,नांटी ,छोड़ी ,शैटी 
अधिपत्य ,सबंधिया,सबंगत,सरधित
भूसी ,उलाबी,गुर्बी,गुलाया
जुटाएं ,पककए,पककए,पकराए
गिरफ्तारियां ,पद्धजीवी,बुद्धजीत, प्द्धजीवी
गाती ,कॉर्नित,कॉर्जया, मर्निया
पहुंचें ,खेसने,खेसने,खेसते
आयोजिका ,नमांडन,नमांकर,नहकन
सीमेण्ट ,लड़यें,लड़यें,पगायें
विद्यमान ,लेना ,कौंटी ,भैंटी 
चिकित्साकर्मी ,प्रेकाशकों,मरकाशकों,परकाशकों
जेहादी ,सकासोन्मुखी, प्कासोन्मुखी, प्कासोन्मुखी
तनय ,गुरुवत्तापूर्ण,गुणवत्तापूर्मी,गुणवत्तापूर्स
घोंसले ,अजरमे,अनन्मे,पजन्मे
अपूर्व ,शब्तिशाली,शक्षशाली,शक्तिशाह
प्रसन्नता ,पतर्कता, अतर्कता, अतर्कता
बांई ,टेलीफोड़,टेलीफोड,टेलीफोड़
कन्याभ्रूण , उलनी, उलनी,खोलेंनी
बजाएंगे ,समघ,ससंत,समघ
घटयात्रा , पमल, पमल, पमल
पुनि ,राशिट,राजाट,पफ्ट
सुन्दर ,वारटाकी, अकीटाकी,वाल्टाकी
सर्वशिक्षा ,अभिगल,अपगल,अमंगम
संवेदनशीलता ,अजनानुसार,योजनानुसाद,योजनानुमार
लहजे , उरार, उरार, उरार
सोचना ,शर्वार,शनिवाई,शनिवाया
लडऩे ,अनुयनंदन,जभयनंदन,अभयकदन
दायी ,संगञा,संभाञा,संभाञा
अनिकेत ,अपनबाव,पपनत्व,अपनशीव
ठहाकों ,डिप्लोमालीरी,डिजालोमाधारी,डिप्रमाधारी
सहजन ,शेर ,शेरों ,ख़ुखी 
प्रकटीकरण ,महात्टाले, अहाघोटाले,मनोघोटाले
पंचवटी ,प्रातिकूलता,प्रतिकूलयों,प्रौतिकूलता
तत्कालीन , बमिनी,समिनी,पमिनी
आरोपीगण ,जैविधा,उविक,जैविधा
घटाते ,संबन्ट,संबन्य,संबरधी
अगरबती ,फुगाली,फुफेना,फुगाया
