﻿valid,invalid1,invalid2,invalid3
साधे , कचौनी,मिचौला,उचौनी
जगतपाल ,एकजुमता,एकर्टता,एसजुटता
प्रदेशस्तरीय ,स्वीकावायता,स्वीकारयता,स्वीकार्यम
प्रस्तावना , बखंड,पाचड,कखंड
युद्धपोत ,गौशात्र,गौशात्र,गौवंत्र
मन्नू ,बढोत्तक,मढोत्तरी,बहत्तरी
संपर्को , पलिम, पलिम, पलिम
उम्र ,नोस ,ठेंस ,पुस 
जनवितरण ,हरिद्वाद,हरिवावारी,हरिचावारी
परमवीर ,मनोयम, अरयम,मरयता
लुभावना ,कर्वजीत,कममजीत, अर्मजीत
नतीजा ,तटवाना,तरवासी,मटवासी
अनुकरणीय , कखली,खोलेंली, कखली
मखाना ,सब्जीवडी,सब्बामंडी,सहजीमंडी
समन्वयन ,पनवायी,सुनकायी,सुधवायी
बढ़ाएगी ,पहपर,उहपर,पहपर
आंखो ,सधिसूचित,अधिसूदत,अधिकाचित
गोलों ,उमेरे,उमेरे,उड़ाश
उद्घाटनकर्ता , अबदस्ती, अबदस्ती, अबदस्ती
भोजनालय ,बनारीं,उटोरीं,बढ़ारीं
गीत , अवाधाम,सेवधाम,सेवाधारा
उड़ाने ,छिटता,छिटता,छिटते
लड़ाई ,तड़य,तटीर,तटीली
ज्यामिति ,ढता ,आंता ,पोह 
झोल ,पहचारे,पहचारी, अहचाने
नकलची ,गहछे,समछे,गरछे
सांध्यकालीन , पख्यान,आख्तिन, पख्यान
घोला ,मबराए,मबराए,घसीराए
देशज ,सुलए,कखाए,उखाए
मंडलाधीश ,सहनबाल,सहनशीटों,पहनशील
शिल्प ,उधरंग,मधरंग,अधरंडा
आगबबूला ,मिहिये, उहिर,मिहिये
कृषिकरण ,रस्दें,पसीदें,रसीबा
अपमानजनक , नाढ, नाढ, नाढ
लुटे ,प्रेदर्शनों,प्रतिर्शनों,प्रतिर्शनों
महावर ,परॉडगेज,प्रॉडगेज,ब्रॉडलीज
परस्ती ,धमामसभा,सर्मसभा,धर्मनाभा
जुड़ा ,अंश ,अंधों ,भुध 
नजरिये ,धारिणा,धारिणा,धावणा
मचायी ,पारी ,पारी ,नोवे 
सप्तरंग ,पपटने,निकटने,निपजाने
नाक ,सुलगों,सुझागों,सुरंतो
मोहताज ,स्वर्शी,मवदेशी,स्मादेशी
कंबल ,उलड़ा, सलड़ा,पढ़ाड़ा
म़जदूरी ,निर्वषों,निकदोषों,निर्वषों
अटी ,सिखाख, कक्ख,सिखाख
खोजता ,खुराया,खुशिकी,उराकी
तैयारियों ,उवारे,दीमरे,उवारे
मंगलदीप ,उग्रण,उग्गिह,उग्रण
भ्रूणहत्या ,चित्याकार,चिड़िरकार,चित्याकार
सुखराम ,कार्रहई,कार्रवार,सर्रवाई
बिपुल ,खंडलिर,मडहर,खंडलिर
घेरेंगे ,उएगा,सएगा,सएगा
खींचती ,मगपुरुष,युगपुरुख,युगेपुरुष
कमा ,मुहराबत,मुहब्बन,मुहरबत
बहुलता , उताती, उताती, उताती
वादाखिलाफी ,बीससएफ,बीएसमफ,बीमासएफ
प्याली ,बीमावयां,बीमाययां,बीआरियां
खालों ,बेहनाह,बेसनाह,बेपनाम
अफवाह ,संवालता,संभलन, अभलता
छपती ,तेजप्रवाश,तेजप्रकाओं,तेजप्राकाश
कमलजीत , बमूची,समूली,समाची
नेकनाम ,हटाना ,कराना ,हमना 
घिरा , कडे़गी,लड़गी,लड़गी
पूर्णेदु ,संभास्नाएं,संक्वनाएं,संभास्नाएं
बेशक ,टोधा ,शंाधा ,नींधा 
डाकघर ,तारें ,टोजा ,तारें 
प्रजातंत्र ,मुशायता,मशायरों,मुद्यरों
उस्मानी ,बहस ,बरने ,बतास 
सूचनाएं , मूसत,मूरने, मूसत
इतकाल ,प्रतिभान्ध,प्रस्बन्ध,प्रतिबन्य
धमकाता ,सिखाज,सिखाज,सिक्ज
विजिटर ,शोरयात्रा,शोभायात्व,शोभायादारा
श्रीक्षेत्र ,संजोरी,संजोड़,उजोये
चलना , प्निवर्सल,सनिवर्सल,यूनिवर्सक
सुधीर ,जलवाधन,प्लशोधन,जलगाधन
बंधेंगे ,मैवी ,अॅावी ,हारा 
प्रश्नावली ,पदर्भित,संदर्रत,संरर्भित
भाग्यविधाता ,विद्मृत,विरामृत,विकमृत
उत्थान ,अंकुओं,अंकुड़े,अंकुड़े
योजनान्तर्गत , नासें, नासें, नासें
अंगुठी ,विद्रिही, सद्रोही,विद्रिही
सूपा ,एडवोतट,एडवोकेतु,मडवोकेट
प्रांत ,एक्ण्ट, अजेण्ट,मजेण्ट
घूमेगी ,परतिभावन, अरतिभावन,प्रतिभाविन
आत्मीयता ,तीली ,तीली ,पुंरों 
खिले ,विभायुतीकरण,विद्युतीकरकों, प्द्युतीकरण
निकला , जोड़िन, जोड़िन, जोड़िन
संगठनों , सबमी, सबमी,सजामी
प्रसून ,मीट ,चांठा ,मीठी 
झूठा , अलभूत,मूलझत,मूलदात
मापक ,जंगा ,जंगा ,नांग 
द्वारकाधीश ,आजरिए,आजरए,आममाए
जनहित ,अखासी,अखासी,अखासी
मनेजर , बश्य,वैश्ता, बश्य
सशर्त , कसटा, कसटा, कसटा
कूंचा ,सीधा ,खूल ,सीखें 
लपकने ,मूली ,फुल ,फुल 
निंबू ,हैणू ,रूणू ,अभी 
बाराबंकी ,तड़पर,सड़पती,तड़किती
भीड़भाड़ ,ससेंगे, पसेंगे,कपगे
सजधज , सलकों, सलकों,परकों
बचाए ,महाप्लेसाद,महाप्रदाद,मध्प्रसाद
गर्भनिरोधक ,शर्याशार,शर्मर्र,मर्मशार
बांटता ,साठें,नाठें,नाठें
बनायी ,ममधन,समकन,समड़न
मानदंड ,प्रधाशाध्यक्ष,प्रदेशाध्यपष,प्रदेशाध्यक्त
नुस्खा , चालार, चालार, चालार
निहितार्थ ,भाविदा,पविका, बविका
नागराज ,सकाए,झुकारा,झुकारा
वेबसाइट ,ढे़ले ,खेमा ,खेमा 
पाचक ,उफीनामे,माफीनाई,माननामे
पूर्ववर्ती ,समचपण,समर्पद, प्मर्पण
गुरूओं ,नजरित,नजरित,नजवाया
दिलचस्पी ,चित्लाए,पल्लाए,चिपलाए
नादानी ,सौहार्थीपूर्ण,सौहार्षपूर्ण,सौहार्थीपूर्ण
सहेंगे , अकसूर,बेकवार,बेदसूर
पहरावर ,रिश्ना,पझाना,सझाना
डिलक्स ,द्वेशी, बवेष,द्वेशी
दोगुनी , अजयोगी, अजयोगी,रामायोगी
बरपाने ,दीमना,दीर्ना,दीवाब
अनाथ ,यतीना,उमुना,पमुना
थाली ,उपाधीक्षरों, प्पाधीक्षक,उपाधीक्षिक
लड़े ,उनभेद,मनभेड़,मनभेड़
नाम , सातीं, सातीं,बतीं
मसरूफ ,दफा ,सड़ी ,सकें 
ठोंके ,आटा ,साँयी ,तांयी 
उलटे ,लिपिफे, बफाफे,लिफाये
हिसंक ,वहषो,वजषो, कर्षो
माँग ,बंधे ,घुटा ,फेटा 
खौलता ,जलाधिवार,जलास्वास,जलाधिकृस
सामांतर , महंन, महंन, महंन
करधनी , बषाण,पाषादों,पाषायी
गुस्ताखी ,मद्दर,खद्रर, अद्दर
अमूल ,प्राजधान,प्रामधान,प्रामधान
रिसने ,पुड़ा ,अडे़ ,नौंड़ा 
प्यासी ,सजा ,आैती ,सड़ 
निश्शक्तों ,शायओं,पखाओं,पखाओं
गुरवचन ,उढती,उढती,उढती
जीवक ,पमाम,ईमाता,ईमाया
आयूषी ,पारसमन,पारसवाणि,पावसमणि
मसान ,पवदंपती,नजदंपती,प्वदंपती
हमलोग ,होना ,जड़ी ,चूँना 
नेटवर्किंग ,उदाव्रण,उत्हरण,मदाहरण
शयनकक्ष ,बहईं,उताईं,बहईं
लाडले ,प्रत्यपाषण,प्रत्रीक्षण,प्रत्वक्षण
सम्बन्धित ,टांटी ,कटा ,टांटी 
मोहल्लावासी ,महनल,महनल,महनल
पडे़गी ,कुरबारी,कुरबाजी,कुरहन
सावित्री ,सतियाज,इंतियात,सतियाज
खंगाला ,मिर्ने, उलाने,मिर्ने
नोचकर ,बेआबर,बेहबरू,बेआइरू
विषयवाद , बतिक, बतिक,अखाक
जमीनदाता ,सूचिस,सूचिस, सूफित
फली , उहती, उहती,महीती
चुटैल , उलीन, उलीन,कालीसा
वीआइपी ,विपनायना,विपश्यत,विपश्यत
कंसल्टेंट ,दायित्वरूध,दायित्वलिध,दायित्याबोध
सुप्रभात ,पहमती,सर्मती, अहमती
झूठ ,आंग ,डीग ,अंध 
नानी ,शार्दार,मनदार,शानवार
मृदा ,परतिरिश,सरवरिश, अरवरिश
वजनी ,तरुड़,तलाण,तरुड़
महानिर्वाणी ,घोंपजार,घोंपकने,मपकर
जाँच ,भिड़ा ,ऊँड़ ,ऊँड़ 
चाहेंगी , सुचाने, सुचाने, सुचाने
सिर ,बंदी ,दीये ,झुदी 
भ्रष्टाचारमुक्त , बथी, बथी, बथी
शर्मसार ,नाटकशीर,नाटककारी,नागाककार
दूरंतो ,पिलाड़े,पिटाड़े,सछड़े
रूका ,दवालु,दर्लु,सयालु
व्यवस्थापन ,प्रभुनात्यण,परभुनारायण,प्रेभुनारायण
जलवाने , कहिणी,गृहिर, कहिणी
विघटन ,सश्क,खुलाक, बश्क
हंसराज ,पहती ,पटता ,पटते 
प्रेममय ,उलायें,सलायें,सलायें
निर्जन ,गवाबो,उरीबो,उरीबो
बिखरेगा ,परिपक्ष्ता,परिपरावता,परियाक्वता
पिण्डदान ,उभवता,संचावता,संभवली
जुड़वा ,कुमामी,कुर्य,कुर्य
कट्टरपंथी ,ट्राने,ट्राना,ट्राना
जलाभिषेक ,विद्नंद,विरानंद, अधानंद
निरंकुशता ,सेहकों,सेहकों,पवकों
दुर्गति ,रुमाया,रुमाया,रुमाया
प्रवक्ता ,बद्तक,बद्तन,सद्तर
अस्थाई ,झाँमें ,घूमे ,घूमी 
छपते ,लहस्वन,लहलवन,लहलवन
बडे़ ,सरएगा,सताएफ,सर्एगा
खुदवाए ,समृद्धकीली, प्मृद्धशाली,समृद्धाशाली
असंतुष्टि ,पमादा, बमादा,अनादा
सपाटा , थिनके,थिरण,थिरण
समस्तीपुर ,पदेबाजी,उदेबाजी,सौदेबान
टरकाते ,उरामदों,मरामदों,बर्मदों
वसीर ,थामेंना,थालिना,थालिना
लुभावन ,ऊंचालयां,ऊंचाईश,ऊंचार्यां
रजनी ,मांगेंना,मांगेंना,मांगेंना
सहप्रभारी ,मस्मती,मस्मती,किस्तिती
देशहित ,सपाऊ,सपाऊ,कंजऊ
सिमट , अर्मला,निकामला,निभामला
अनुसचिव ,सुखरती,सुनरती,सुधवाती
सनसनीखेज ,फिजिकती,फिजिकता,उजिकल
लिफाफा ,उमर्था, अमर्था,समकाथा
शुक्र ,ट्रांसफारधार,ट्रांसफारहर,उरांसफारमर
ओलंपियन ,खात्गा,उऊंगा,सऊंगा
केन्द्रवार ,उद्यापरिषद,विद्यात्रिषद, प्द्यापरिषद
निंदनीय ,जीवर्भर,जीवराभर,जीवनभव
व्यापारमंडल ,पनाफे,मुहाफे,मुहाफे
घुड़सवारी ,फलना ,फटने ,फसना 
संगिनी ,मवाहर,जवाहत,जवाहवें
बीआरसी ,छूते ,बोने ,बोने 
हलधर ,शोधलेत्र,शोधवात्र,शोधवात्र
बसुधा ,जगकति,जगवाति,जगकति
लड़कियां ,अटे ,अडे़ ,अटे 
चावल ,पदभाव,सदभाग,पदभाव
प्रिंयका ,यौरा ,पाने ,पापी 
उठेगी ,देखिक ,देखेक ,उयक 
खुबसूरती ,जायेने, जाएंने, जाएंने
निडरता ,तालागी,तारीगी,उजगी
हिरणी , पपसी,सपसी,वाहसी
बेहोशी ,लपेरे,लड़ाटे,उपेटे
प्रकोष्ठों ,पलरीं,पलरीं,उधारीं
ट्रांजिस्टर ,जन्मजना,जन्मजलि,जन्यजय
दिवंगत ,अंदरूप,अंगरूनी,उदरूनी
साहूकार , सलकारी,फुलकाने,फुलकार
ग्लोरियस ,हेल्लाट,हेल्मेल,हेरामेट
विद्यादान ,पखत,पखत,पखत
प्रभावशाली ,थाखा ,रिखा ,शाल 
लच्छे ,बर्रूपिया,बहुलूपिया,बहुलूपिया
पीडि़त ,ओवरसियम,ओवर्सियर,ओवरसिकर
अफसोस , अलाएंगी,चलाकागी,चमएंगी
जन्मपत्री ,मंटे ,हरा ,हटीं 
पंचनामे ,इंचार्ण,इंचायज,इंचार्द
भौतिकी ,जनभाविना,प्नभावना,जनसुवना
पनाह ,सपटकर,झटटकर,झपरकर
बीआई ,इमालाती,इठवाती,मठलाती
रहमतें ,शॉना ,आड़े ,आनी 
घाटे ,डालिने, डाकिने,डालिने
साझे ,संवर्स,संभार्ग,संवर्थ
गुच्छी , कझाई,पझाई,पझाई
मूंदे ,बकवाना,बकवाना,उकवास
प्रज्ञान ,पत्तवाहक,पत्यवाहक, प्त्रवाहक
फंसेगा ,लोकोपति,मकपति,लोकपत
समेटा , उकिये, उकिये,तपये
नवकिरण ,सत्तरम,सम्तरह,सत्तकाह
मजा ,त्रमदशी,परयोदशी,त्रयोदल
बोरा ,लम्बोदन,लहबोदर,प्म्बोदर
पि्रंटर ,गोंड़ी ,जोश ,गोंड़ी 
रेसलर ,हिंदुला,उदुओं,हिंसओं
तीर्थनाथ , उक्श,बढ़ाश,बढ़ाश
घटेगी , पमाया, पमाया, पमाया
