﻿valid,invalid1,invalid2,invalid3
प्रज्वलित ,उजपथ,मजपथ,राजापथ
परचून , पन्दी, पन्दी,हिलादी
कमाल , तारीते,तारिते,तारिते
पुरख ,शिष्कत,शिष्कत, अरकत
कबीले ,कर्तव्यजनता,कर्तव्यहीनक,पर्तव्यहीनता
लेखांकन ,महादीदा,महादीदा,उहादीप
मुद्रास्फीति ,हलज, हटाज,हलज
फीके ,डंत ,निशी ,डंत 
जातीयता ,इनाएंत,इन्यत,इन्यत
दबिशों ,रैंज ,डोंज ,मेढ़ो 
सफाइकर्मी ,पिटाड़ी,पिटड़ी,पिसड़ी
वाचस्पति ,उरतिभा,प्रकभा,प्रदाभा
तहसील , सचाने,नगने,नगने
लगकर ,निरीब,निरीफ,परीह
करौंदा , मंदने, मंदने, मंदने
नहलाते , बमंतो,सामंतु,साड़ितो
शीशा ,छिपासी,छिलसी,छियाली
रिकॉर्डिंग , बकुंश,अकुंदी,अखाश
गौर ,राहस्व,रामास्व,राजराव
पुष्पहार , पैडरों, पैडरों, पैडरों
वानप्रस्थी ,ऑटा ,तटा ,मोगे 
वृत्तचित्र , कगों, कगों, कगों
गिनाने , नगया, नगया, नगया
शासन ,नोचक,नोटिने,नोबने
गुणवत्तापूर्वक ,बेमस्लब,प्मतलब,बेमर्लब
करेगा ,घेरी ,घेरा ,घेरा 
परिपूर्ण ,ठूंयें ,सोंयें ,ठूंयें 
रफीगंज ,मफारिश,सिफारित,सिफायश
समरस ,शुही ,ढ़ाही ,जूझा 
टहला , नाटें, नाटें, नाटें
देंगी ,खामोगे,खामिगे,खास्गे
संवत् ,मिटी ,मिट ,चोंली 
नौकरीपेशा ,उशमी,रेवामी,उशमी
एंजियोप्लास्टी ,परिवसातित,जरिवर्तित,परिवर्तिथि
सुनेहरा ,सुनाई ,परई ,सरई 
खण्ड ,पभिनन्दन,जभिनन्दन,अभिनन्धन
भूने ,ढोमी ,टमी ,धीमे 
छकाने ,सरचित,समुचियों,ममुचित
बहुमुखी ,गुममट, पम्मट,गुममट
रेडियोलोजिस्ट , अंजीज, अंजीज, अंजीज
टोलकर्मी ,कल्यानुकारी, प्ल्याणकारी,जल्याणकारी
कानूनविद् ,बुरापा, कढापा, कढापा
वोटें ,तड़श,तड़श, उलाश
उपस्थिति , फूहता,फूटेता,फूटेता
पसीजे ,प्रिशासन,प्रोशासन,प्रिशासन
बोले ,दिशाई ,पलाई ,कलाई 
हृदयनाथ ,जुटीं ,जुड़े ,जुदा 
गरजीं ,गड़भधारण,अर्भधारण,गर्माधारण
मटसैना ,उड़ारु,उगारु,पतारु
गोताखोरों ,पखवाने,मखवाड़े,पहुंवाड़े
गोल ,बंमी ,थामा ,लोंमी 
अटकल ,नैला ,नीम ,पिंला 
मजूदरी ,विभायें,विभायें, विचाग
कांस्य ,पूरामुद्ती,पूरातफ्ती,पूर्मुफ्ती
अधीक्षक ,अभ्रास्त,पभ्यस्त,अनुयस्त
शारिब ,गैरक्म्मेदारी,गैरजिलामेदारी,गैरजिम्मेदान
पंछी ,माँगे ,माँगे ,ठंगी 
पालिकाध्यक्ष , कत्नी, कत्नी, कत्नी
निशंक ,शांतवाय,मतमय,शांतमती
हवालात , कखता,सूफिता, कखता
गाड़ने ,रॉयल्ले,रॉयरिटी,सयल्टी
चुकंदर , मल्सर,अल्सत,अल्सत
डांटना ,बौडा ,खड़ीं ,खड़ी 
सवालिया ,प्रकदी,प्रेसादी,प्लासादी
आमरण ,ऑनलाहन,ऑनसंइन,ऑप्लाइन
सेंसेटिव ,उलकिन,मालझान,सलकिन
प्लेटफॉर्म ,बांया ,हैधो ,छधो 
बिकीं ,करस्वालों,करक्वालों,कलानेवालों
खिंचवा ,माल्यार्तण,माल्यार्पद,माल्यावपण
फांक ,नाड़ें, साड़ें, साड़ें
पार्टियां , उकिए, उकिए,चौंतीए
रूकी ,प्रायोजिली,प्रायोदत,प्रायोजिले
गूंजायमान ,उण्टे,घण्ड,सण्टे
कोप ,कोला ,भेटों ,भेदी 
आरण्य ,पुनर्निधिक्षण,पुनर्वेरीक्षण,पुस्र्निरीक्षण
अपवाद ,तस्शेगी,तलाएंगी, अलाशेगी
जातिवादी , छेड़ेने,छेड़ेंने,छेड़ेंने
अतिप्रिय ,लूक ,गुंक ,रीक 
समझनी , बगंध,सौपेंध,सौगंत
समर्थ ,पक्रमण,आक्रमयी,आक्रमयी
बढ़ाएगा ,उजवाएं,भिड़वाएं,भिखावाएं
निचले ,डंध ,मोध ,फैंध 
प्रतियोगिताओं ,चिराकी,सपकी,पपकी
खंजाची ,लगाएम,मगाएगा,लक्एगा
शकुंतला ,स्नेहाड़िष,स्नेहापाष,स्नेटशीष
वाहनें ,पुरुषार्म,पुरुषार्मी,पुरुषापाथी
अभिनय ,अतिक्रमणकाओं,अतिक्रमन्कारी, प्तिक्रमणकारी
निखरती ,झुठकर, अककर,झुकसार
निखरने ,नौकना, नौलर,नौरंर
शर्त ,अकायाध्यक्ष, प्कायाध्यक्ष,संवेयाध्यक्ष
नंगलाताशी ,बायोलाजिकर,बायोध्जिकल,बायोलाजिकता
अछूत ,मलेइंग,प्लेबंग,प्लेबिग
वयोवृद्ध ,बुद्ई, उवाई,बुवाब
लठमार ,प्रकह,प्रहह,प्रवाई
वनमंडल , लड़ाव, लड़ाव, लड़ाव
बिगड़ ,दोस्ताओं,दोस्ताओं, दोहताना
शीतलहरी , अहोदर,सहोदन,सहोदल
लोटे , उडार,भंगिर,भंगिर
निष्क्रियता ,सिखासिला,सिलझाला,सिखासिला
वंदनवार ,घुड़ी ,टिंड़ी ,घने 
परिचितों ,सताओं ,बताई ,उताई 
शांतिपूवर्क ,गुरूषाष्ठी,गुरूगोष्ण,गुरूरष्ठी
बरसात ,पात ,डेत ,पात 
मनोरंजन ,हटपर,हटकने,हटपर
उपचारार्थ ,पधक, कधक, कधक
कानूनन ,बचाएम, अचाएगी,बचालगी
चक्का , महंकी, महंकी,महीकी
ताउम्र ,चलाकारे,चटरिरे,चटपरे
कालभैरव ,बालपमार,प्लकुमार,पलकुमार
बंटवारे ,प्रतिस्थनी,सरतिस्थानी, अरतिस्थानी
गिनायीं ,दोस्रफा,उतरफा, अतरफा
शौर्य , सयेाजन,आश्जन, सयेाजन
झरिया ,मकल्पिक, प्कल्पिक,वैज्ल्पिक
छात्रों ,कदंड,कदंवि, बदंब
सेवायोजन ,पलक ,झलता ,झगक 
गिरफ्तारिया ,नर्संहार,नरवाहार,नरसंहान
स्वहित ,कटष्क,कर्ष्क,कनिहाक
डगमगाने ,गीतांकार,मतकार,गीतांकार
कंपनियों , कगाही,उमही,पगाही
सराहा , खुशिई, खुशिई, खुशिई
चुनने ,मष्ठभूमि,पृष्ठमामि,प्ष्ठभूमि
सफलताएं ,पंहुक,पंथड़े,पंहुक
सटोरिए , उकन,अंकने,अंकने
वज्रवाहन ,संक्वतया,संस्वतया,संगीवतया
खूंटा ,आरोसा,आरोसे,आदप
जांचीं ,साचीं,साचीं,साचीं
जलसंसाधन ,अल्वकालिक,अल्परलिक,अल्पकालिका
प्राचार्याें ,सत्मशुद्धि,आक्मशुद्धि,आनंमशुद्धि
अच्छाइयां , बाखे, बाखे, बाखे
पक्के ,उरष्ट्राचार,भ्रतिट्राचार,भ्रष्ट्रायर
बरी ,आजष्ट,आश्ष्ट,आश्ष्ट
पगड़ी ,तरवाती,तरदाती,तरमाती
संगीतमयी ,पिकेत,पिटाट,पिसट
छारा ,लीरी ,ऋरी ,डरें 
फूली ,मजदूज,मजररों,मजरिरों
उभारने ,मजनन,मन्द्न,मननन
नवजात ,साभि,साभि,साभि
सूर्यास्त ,पवशासी,स्वशाह,स्वशाला
आधिकारियों ,चौसखी,उमुखी,चौसखी
भूलेख , कपती, कपती, कपती
सैलाब ,पहकथा,पहुंकथा,पटवाथा
निर्भीक ,अटपत,पटपटे,अटकटे
मूंगा ,परकों,धारिकों,धातुकों
स्टाप ,सांप्तादायिकता,सांप्रवृयिकता,सांप्रदायिकलों
उद्घोषित ,प्रोफेशक्ल,सरोफेशनल,प्रोफेशक्ल
क्रूर ,अत्यापरी,अत्रचारी,अत्याचाय
रेशे ,बरासदे,बराहदे,बराकदे
ढोलक ,घुटकार, घुटवार,घुटकार
लायें ,टीशराट,टीशर्ण,उशर्ट
सदमें ,टोंली ,पेली ,पेली 
लाया ,अमस्ज्योति,अमस्ज्योति,जमरज्योति
भंयकर ,लठित,लठिन,लठिन
नीलकंठ ,अष्टन, मष्टम,अभिटम
झिलमिल , पैतना,पैमाया,पैरना
बिताई ,गोलठियां,गोताठियां,गोष्टयां
बेमिसाल ,विद्रित,विद्रित,वितरियां
अनुग्रह ,गर्जी ,गर्य ,गर्ज 
क्षणभंगुर ,उजाए,पजाए,उजाए
स्वर्णा , कसए, कसए, कसए
कुमुद ,उखेगा,रसीगा, बखेगा
छीटे ,त्रैलोकपुरी,अरिलोकपुरी, प्रिलोकपुरी
मोरी ,सनोविज्ञानी, प्नोविज्ञानी,मनोविज्योनी
सींचा ,महहार, उल्हार,महहार
गढ़ा ,उमापार,उमापार,उमापार
लालसर ,कांड ,ढाजी ,शिजी 
ज्योतिषाचार्य ,नगमपार,नगलपार,नजरीपार
लेख , अधिराम,बुराराम,पधिराम
निरर्थक ,कचूक, बचूक,अखाक
फैलेंगी ,लीक ,लीक ,लीक 
जिलाअध्यक्ष ,सूंमें ,झूम ,सूंमें 
समेटकर ,उहेते,चहेड़ा, पहेते
आएदिन ,हुस्सी,हुक्न,हुस्ता
कागजी ,डिमांरी,डिमांरी,सग्री
रुका , पहत, पहत, पहत
वत्स ,पआख्वानी,प्आख्वानी,दुआख्वाला
प्रतिमाह ,पहिद,पहिद, कहिद
परेशानियों ,अॅाते ,अॅाते ,फाते 
घनघनाए , कतीसा,पढ़ासा,उतीसा
लीवर , सानें, सानें, सानें
देवीधन , देंवेंद्ध, देंवेंद्ध,देंवेंद्धि
पहचानना ,कैरोलिक,मथोलिक,मथोलिक
चाट ,सौगागी,सौगागी,सौगागी
फले ,जमारीले,जयरीले,जहकले
शनिचर ,पशमीरी,कशमीकी,पशमीरी
झूलते ,समकन,उमधिन,ममधिन
व्यर्थ ,गजदा,गन्हें,गवादा
संसोधित ,काठगोपाम,काठगोदारी,कालागोदाम
बधाई ,सामाया, साड़िन,सामाया
खानाबदोश ,अंत्र्मुखी,अंकर्मुखी,अंतर्मुनि
विश्वस्तरीय ,प्रवामिक,प्रथमिति, अरथमिक
सरनेम ,सआयने, अआयने,पआयने
वेक्सीन ,पतेला,सौरला, बतेला
रंगबाजी ,दलदगी,पलदल,उलदल
सवरण ,पविताएं,कवितीएं,पविताएं
बांटती , बतिक,नैस्क,नैतिल
मोड़ने ,सलेंगी,डाकिगी,सलेंगी
फैलती ,टीगे ,फाँगे ,गॉगे 
दिखायें ,जानकाओं,जागकार,जादूकार
भैंसें ,हरिवाएका,हत्वाटिका,हरिवाएका
ठगना ,दिलाशगी,पलाएगी,दिलाएफ
बहस ,एलीमेंटरों,एकामेंटरी,मलीमेंटरी
टोकना ,छात्रमुत्ति,छात्रवृत्री,छात्रतत्ति
डिजायन ,बैंचों ,बैंकें ,बैंक 
चटकाए ,उलोब,पलोब,उलोब
घोटालेबाज ,हिंद ,गेंदें ,गेंदें 
खाद्यान , कपाए, कपाए, कपाए
ऊंचीकरण , पुष्र, पुष्र,पुत्य
बहाया ,घाट ,गोंटों ,सूंटों 
मजबूरन ,एजेंत,उकांत,एजेंत
भगायी ,बुराहयों,मराईयों,बुलाईयों
धुलने ,मविकाएं,सेवाकाएं,सेमिकाएं
छुड़ाने ,चाला ,नालो ,फेला 
धक्का ,रंगोन,कगीन,रंगीचों
पलभर ,पूंजीविति,पूंजीहति,पूंजीहति
लटकाना ,फेंके ,ठोकी ,रूकी 
निमित ,सुनरेगी,सुखरेगी,सुधारेट
घोड़ा , बझला,पझला,पझला
फूलबदन ,रूपांतरम,रूपांतवाण,रूपांतकाण
पिलर्स ,बाँति ,नति ,कांटी 
तैयारियां ,बगुने,बगुनी,पगुले
तराजू ,निकवेश,निर्शाश,निर्शाश
मानवाधिकारों ,समस्गिकता, प्मलैंगिकता,सहलैंगिकता
देशवासी , मुक्ली,मुद्ली, मुक्ली
कनेडी ,जता ,ढैगी ,कीगी 
जीएं ,कष्या, बष्या,कष्या
टूटती ,पजिदा,संजिये, कजिदा
प्रेषण ,कम्प्यूटर्य,कम्प्राटर्स,कम्प्यूटर्ति
टिक्का ,फार्यसिस्ट,पर्मेसिस्ट,पर्मेसिस्ट
असंतोषजनक ,उगाएंर,उगाकती,उगाएर
धड़कनें ,मरजाति,प्लाजाति,मरजाति
वातानुकूलित ,उक्टर,टैक्टन,टैक्षर
मृत्युंजय ,बिठयोना,पठवाना,बिखेवाना
भोगी ,गड़यारे,उलियारे,गलियानों
मांगेंगी , अदनपाल,मतनपाल,पदनपाल
लूट ,बेरोजगाह,बेरोजनरों,बेरोड़गारों
प्रतिमा ,जारी ,खोद ,खोपा 
विद्यार्थीगण ,महनवहीन, प्हत्वहीन,महत्वस्न
आपलोग ,मुकवरा,मुलावरा,मुहावत
करतीं , प्र्यायवाची,पर्यार्वाची,पर्यार्वाची
समाई ,पधन,गौधक,गौवंन
स्वायत्तशासी ,सवैरी,सवैरी, बवैया
गुच्छन ,रंजिवा,रंगोवा, रंगीवा
चंद्रमणि ,हर्षपूरीत,हस्षप्रीत,हर्मप्रीत
कुमोद , लड़ड़ी,लड़ड़ी, लड़ड़ी
परवरदिगार ,जायक्दार,प्यकेदार,सयकेदार
प्रशंसा ,पदायथाें,परर्थाें,परर्थाें
तम्बाकू , सढ़ायी,परयी,पहयी
रक्शा , सतला,पुर्ला,पुर्ला
आकस्मिकता ,मंहरे,मंहरा,मंहरे
टोकाटाकी , अरतीकात्मक,प्रमाकात्मक,सरतीकात्मक
