﻿valid,invalid1,invalid2,invalid3
एड्स ,पक्कीटेरण,पक्तकरण,पक्कीकल्ण
अभिमान ,पलती ,परके ,बलके 
पक्षकार ,खींपा ,चाँपा ,झपा 
त्रिगुणायत , साड़ें, साड़ें,नाड़ें
तोड़ ,पकखाना,उकखाना,डाकसाना
संगीन ,गुढ़ा ,खुंण ,भुण 
लुक्स ,व्यमिस्थापक,व्यरस्थापक, प्यवस्थापक
गरमाहट ,उड़ाल, कसूल, कसूल
सीधी ,सनेगी,चुनागी,चुनेही
वर्ग ,विशेषपार,विद्षकर,विस्षकर
खटखटाया ,टैक्त,टैगोसी, कक्सी
रघुपति ,चिड़ा ,चिता ,चूत 
सतानंद ,जीवनगला,जीवनदाला, अवनवाला
प्रकांड ,सत्मचिंतन,आनंमचिंतन,आत्मरतन
खलीफा ,पुष्पाजय,पुरपाजलि,पुरुपाजलि
निष्पादन ,सेवापुट,पवापुरी,सेमिपुरी
पौधे ,लगड़एं,सगवाएं,लगलएं
पुरवा , अर्शाती,दहशाती,दर्शाही
आलआउट ,संवाहिती,संवार्ती,संवाहिती
मेढ़ो ,बहुप्यूचारित,पहुप्रचारित,उहुप्रचारित
बनूंगी ,बेलाएंर,बेलाएंर,बेलाहारों
पश्चिमबंग ,गोलीठियों,गोष्णयों,गोष्टयों
सप्तशती ,छिंदरपार,पदरपाल,प्दरपाल
उपदेशक ,मुस्तकियों,मुस्तरल,सस्तकिल
प्रदूषणमुक्त ,सीखेंओ,सीखओ,सीडीय
स्थगन , कखती,लिपिती,पखती
लौकिक ,थका ,छींमा ,भैंमा 
आशिकी , बांधेंने,बांटेंने,बांटेंने
पंडोगा ,प्राधानाचारय,प्राध्नाचार्य,प्राधानीचार्य
पंच ,ऐवला,ऐनज,पवज
प्रवाहित ,वरिदान,वरदारी,वसूदान
करूणा ,खाएं ,खातों ,खाती 
शब्द ,शम्हें,शम्पों,शराभु
उद्यान ,वनणाली,वनणाली, अर्णाली
पंचतंत्र ,व्यस्वी,व्यकात, सयस्त
पेचकस ,निष्करिय,निष्टिरिय,मष्क्रिय
विद्वान ,सरएंडबी,आरतिडबी,आरएंडता
तमाशा , अहुजन,बनाजन,महुजन
चुकती ,दीर्मकालीन,पर्घकालीन,दीर्घकार्न
निर्दयता ,झाँचा ,जाड़ों ,जाते 
न्यायपंचायत ,श्राकणी,सरावणी,श्रृंवणी
भटके ,सुखकयी,सुनदायी,मखदायी
असमर्थता ,मूल्छा,मूर्जी, पर्छा
उपहार , साहें, साहें, साहें
जुखाम ,तहनार,पहरीर, अहरीर
कांप्लेक्स , हुजूस,हुलाएं,हुलाया
मूर्तरूप ,बेजोया, सजोड़,बेचाड़
दिलवाएगी ,उतरिवा,उत्रवा,उपरवा
सहस ,बंदरकट,बंदरबाज, अदरबाट
लैपटाप ,जंचन,जंजाने,जंतुने
इदगाह ,डेढ़ ,घूरों ,वृरों 
चंदसर ,एटरिस,एकालस,एटलन
निर्जीव ,शिक्षामित्ति,सक्षामित्र,शिक्षामित्ति
सभाएं ,कमारिर,कमाकता,कमारिर
भांप ,दहाक,उशक, पशक
समयसारिणी ,सढ़ता,सढ़ता, कढ़ता
होंठ ,स्वब्ध,स्तरध,स्तब्बे
योजनाएं ,शुक्गमन,शुभागमय,शुक्गमन
आपातकाल ,सूबेयांश,सूचयांश,सूर्वश
चिन्ह , अबालिग,सबालिग,नाबादग
प्रेरणादायी ,पमाएं,पमाएं,उमाएं
चाभी ,अभिष्य,मभिष्ट,अभिष्य
दुत्कारा ,संकेलक,संवतक,संकेतर
दर्पण , सल्लास,उतलास,उन्लास
उतारता ,समुंद्ध,समुंद्धि,समाद्र
ईटें ,उरंगे,बिगगे,बिगगे
बेगार ,लौंटा ,आला ,घीटा 
पीती ,जनरतमंद,जगरतमंद,जरुषोतमंद
हटी ,ठीधे ,ईंधे ,झीधे 
राजमार्गों ,सोचिता,सोचेता, उचता
दूध ,लूटरिट,लूटपट, अटपाट
बांछे ,छोड़ेंऩे,छोड़ेंऩे,छोडलों
जीवात्मा , पबूत, पबूत, पबूत
काटने ,जन्द्दर,सन्मदर,जगमदर
चुंबकीय ,धर्मसमार,धर्मसमाला,धर्मसभाज
संयोजिका ,डेभी ,झभी ,डेभी 
बहलाना ,सरांजल,प्लाजल,प्रांरल
जेसीटी ,मशुलोक,पशुबाक,पहलोक
बारबार ,फीस ,बौका ,फीट 
ससम्मान , बलेगी,खोलेख,सलेगी
इजीनियरिंग ,शास्म्भरी,शाकम्भव,पकम्भरी
कायस्थ ,धन्र,धन्र,धतून
छुड़ा ,उपलनधियों,उपलब्रियों,उपसंब्धियों
इलाहाबाद ,बेनकाजा,बेनपजा,मनतीजा
जनंसपर्क ,उदा ,मैया ,मैनें 
बुझाए ,मोहल्लेवादी,सहल्लेवासी,मोहनलेवासी
रक्ताल्पता ,नाषा,नाषा, बषा
अरिंदम ,सुधाधुंने,मधारने,सुधाधुंने
पैतीस , कफक,फफड़ा, कफक
सूरमा ,सऊंटर,कालाटर,पऊंटर
उपाघ्यक्ष ,खेत ,रेर ,रेर 
दमदम ,उताते,पताते, कताते
भयावह , अरतिकुल,मरतिकुल,प्रोतिकुल
दृष्टिहीन ,पलझे,कलझे,कलझे
सुखाया ,धर्ल, उमाल,धर्ल
जीवनवृत ,मड़कने,छिड़किने,छिड़पने
छुप ,लगलहाती,लहचाहाती,लहलहार
सविनय , कनती, कनती, कनती
सभाकक्ष ,स्वंतत्तिता,स्वंतत्रम,स्वंतत्तता
क्रियानुष्ठान ,सेवार्ल,सेवायल,सेविदल
साकेतिक ,तीर्यपाल,तीर्थमिल,तीर्थकल
उतारते ,जलकने,जलकते, जलझर
अधर्मी ,कार्यापयों,कार्मलयों,मर्यालयों
जर्नादन ,रामादारी,राहदानों,राहनरी
उपसमिति ,स्थारचित,पवरचित,स्थारचित
बरसेगी ,हिंसात्सक,हिंसात्मय,हिंसायमक
दलित ,विहकष,विहर्द,विहर्द
छिन्न , उलसी,तुम्सी, उलसी
रसोई ,धनमजीत,धर्मजीवि, अर्मजीत
राहों ,कानूय,उर्य, बर्य
तकदीर ,पहूलुहान,सहूलुहान,लड़लुहान
वायसराय ,लिखापथ,लिटापढ़ी,लिखाएंढ़ी
जेब , पगम,बेतुम,बेगते
रोए ,पगोलिक,भौगोलियों,भौगोलियां
सुकांत ,एतकाज,एतरानी,एतराने
समिति ,सरश्य,सदृश्री,सरश्य
देरी ,गईं ,टेदा ,गधों 
बेचता ,खेमों ,खली ,खेला 
सुधारानी ,सम्योजन,प्मायोजन,पमायोजन
कहत ,भंगी ,भंगी ,नंग 
भींगने ,अनाएका,अनायेका,अवमिका
रतनी , उरथ,तीसथ,तीतथ
देखता ,निजीकरता,निजीकरत,निजीकरम
डेरे ,सदा ,डैति ,साँति 
सफर , प्ल्लासपूर्वक,उल्लासपूर्ताक, प्ल्लासपूर्वक
पोस्टकार्ड ,मगातट,उगातट,मगातट
मसलन , शर्बी,शराने, शर्बी
स्पाइसजेट ,निपएगा,निपएगा,निकएगा
थानाध्यक्ष ,लाचारता,लावारगी,लाचारने
जकड़ ,दिखस,दिहास,दिहास
प्राचीनतम ,पिंडरान,पिंडदारी,पिंडबान
पूर्णमासी ,प्रितिघंटे,परतिघंटे,प्रितिघंटे
होगीं ,व्यवसायीकरता,व्यववियीकरण,व्यवर्यीकरण
यतीमखाना ,गाड़िर,गाजने,गालिर
विकासात्मक ,हालमार्मी,हालमानक,हालमार्य
ठुमके ,सजारे,पपेरे,सजारे
त्यागराज ,नीयया, उतिया,नीयया
सौतन ,भांपटार,मपकर,भांपजार
चीते ,इक्र,इक्र,इक्र
महिलाए , बताचे, बताचे,बहचे
नवनिर्वाचित ,पहस्थी,गृहनाथी,गृहस्वी
भुगताना ,पेटिगी,पेशिगी,पशगी
कायापलट ,कुलप्लाकाश,कुलप्राकाश,जलप्रकाश
उलझकर , उसीना,पसीला,पसीला
खिलाया ,भावनाधिमक,भाग्नात्मक,भारोनात्मक
सेमीफाईनल ,अंजाछे,अंगोड़े,अंजाछे
महायोगी ,हांस ,फिस ,थास 
निबंध , उहरी,दोगुरी,दोगुरी
खुशखबरी ,दौड़ेती, दौड़ेंती, दौड़ेंती
समाजशास्त्री ,विकाना,विकाना, ककास
कारतूस ,उपकाओं, पपकार,मपकार
ग्रैंडस्लैम ,गंामे ,खेली ,गंामे 
संकाय ,बंदर्गाह,बंदरकह,बंधीरगाह
पट्ट , अभागीय,मभागीय,विभासय
नयावास ,अनछाई,अच्छिई,उच्छाई
सहमा ,विमोबेन,उमोचन,विमोनिन
विधानपूर्वक ,दबोहने,दरचने,सबोचने
एक्सल ,स्त्रीवाग,स्त्रीरोध,सत्रीरोग
प्रर्दशनी ,औंकाना, औंकाने,औंकाना
सतगुरु , पढ़ारे, पढ़ारे, पढ़ारे
पथरी ,सिधेश्वती, प्धेश्वर,सिधेश्वन
तालु ,सूता ,सूजी ,माँबा 
दुल्हा , सश्ता,नाश्ती,उश्ता
महागठबंधन ,अधिलोकन,पवलोकन,पवलोकन
उपक्रम ,इश्यावन,इक्तिवन,पक्यावन
छंटे ,जोंना ,सांना ,माड़ 
पढ़ें ,पकर ,बत्र ,पत्रों 
संध्या ,थर ,खैनी ,दांर 
फिल्हाल ,अंध ,हाधी ,औैधी 
जगाएं ,बर्ओगे, अचाओगे,पचाओगे
पर्यवेक्षक ,बांचो ,मिचो ,बांचो 
नंगा ,प्रसूचएं,प्रस्ताएं,मरसूताएं
बरतनी ,वारदातकथल,अरदातस्थल,वारदातवाथल
समुदाय ,मनुदानित,पनुदानित,अनुदातात
विचारो ,गोली ,गोला ,गोल 
तब्दीली ,कशांत,कशांत,कशांत
कास्तकारी ,भींड ,खंडी ,खंडी 
उपसभापति ,जगाकगे,जगाबागे,जगाएगे
पछता ,रंना ,सूबा ,सूखी 
कयास ,महएंगे,मनातगे,मनातगे
दबाना ,कहुच,कहुल,कपआ
जोड़ ,बहुआल्य,सहुमूल्य,बदमूल्य
वृक्षारोपन ,सरबोधनी,सरबोधनी,प्रमधनी
परिपथ , मर्वित,गहवित, मर्वित
भैयादूज ,ऑटोयुराफ,ऑटोयुराफ,ऑटोरिराफ
नगराध्यक्ष ,शिष्पी,सल्पी,शिकपी
रोपें ,प्उण्टर,काउटटर,कालाण्टर
संस्थापन ,उखादेखी,देखाकखी,मखादेखी
तकरार ,सरचलन,प्रतिलन,प्रक्लन
छलावे ,तदयसार,सदनुसार,तदनुमार
वीरगंज ,मरवाजे,दरदाजे, सरवाजे
नवरूप ,नर्वक,नवतक,नर्शाक
लोकगीत ,असंवेदनपलता,उसंवेदनशीलता,अववेदनशीलता
सत्यनरायन , प्र्यशालाएं,कार्माशालाएं,कार्यशालास
महाकुम्भ ,ठाईं ,बाण ,बाड़ा 
वर्ष ,घासें ,देंत ,घासें 
बृद्धि ,दीवाम,दीमम,दीमम
दहल ,नत्थूराने,पत्थूराम,प्त्थूराम
नर्म ,फरक ,फसक ,फटक 
हत्यारोपी ,सईटीआई,मईटीआई,आईटीदाई
हिटलरशाही ,सढ़ता,सढ़ता,सढ़ता
प्रिंटर्स ,रजियोटर,रजिस्थर,रहस्टर
सिरकी ,खैई ,एेई ,खागा 
वैसाखी ,गुंबल,गुंजद,पबद
तुष्टीकरण ,अंतर्देवय,अंतर्देवय,अंगर्देशीय
गढ़े ,ममेगा,ममेगी,ममेगा
नकदी ,प्रदारों, उरदान,प्रदारी
चिंतामणि ,नूली ,पुंली ,झूठा 
काटो ,बिस्तकों,बिखेतर,बिस्तकों
मशीनरी ,जताना ,पपना ,बपना 
जठलाना ,ससूक,ससूक,कसूक
सहुलियत ,गतिरोधनों,गतिरोधता,गतिपिधक
विश्वकवि ,आदिनासी,आदिग्सी,आदिवाना
हरिओम , असन्द,उसन्द,ससन्द
ननिहाल ,उन्लता, अछलता,उछड़ता
भोजपूरी , महंना, महंना, महंना
हलुआ ,ऊंदों ,पिदों ,रेंदों 
कैथलिक , नाझा, नाझा, नाझा
शाप , ककीर, ककीर, ककीर
बादशाहत ,पहुंनाना,महनाना,पहराना
कार्डियोलोजी ,आषार,आषादों,आषायी
सिखाने , कधता, कधता,बंजाता
उलझाया , अबकियां,पबकियां,मबकियां
खूबसूरत ,आजस्य,आलझय,आलदाय
अस्वस्थ ,शादी ,गुंक ,शायं 
रेती ,कालापात,मलापानी,कालापास
लंबोदर ,लांलों ,टोड़ी ,टोक 
भांबरी ,किसबंदी,किलाबंध, अलाबंदी
चाटी ,दिखावायी,दिलझयी,दिलकयी
ढलना ,अफवाया,अफनाहें,अनुवाहें
पत्रकार ,प्राह्मणी,ब्वॉह्मणी,ब्राममणी
मौसेरी , अक्चरार,लैक्चराज,लैक्तिरार
निभाओ ,हुका ,ठेंका ,डंडी 
प्रमाणीकरण ,छुहाने, उहारा,छुहाने
रसीद ,कर्मर्ता,कर्वाठता,कर्मगाता
बैठता , सेंकेंना, सेंकेंना, सेंकेंना
अश्वगंधा , मरकने,उरकने,सहकने
सालोंभर ,उड़ाट,उड़ाट,उठाट
उपयोगिता ,प्षमादान,क्षमान्न,क्रिमादान
कांटे ,गौरी ,नोंड ,गौरी 
कार्डियोलाजिस्ट ,पिटवार,पिस्वाया, सटवाया
कलम , सटिका,पेटिल,पेटिल
पापी ,रामज्यिन,राज्ज्ञान,रामज्योन
साधारण ,विस्लता,विफलने,विफलन
दूत ,कीमला,पमतों,उमतों
बारीक ,दरोधी,दवागा,दबागा
कटहल ,चित्टा,चित्टा, कमटा
बेरहम , घड़िते, घड़िते, घड़िते
खिसकने ,धंपा ,कीपा ,कोठे 
मुख्यपथ ,उमायण,रसोयण,रमायत
