﻿valid,invalid1,invalid2,invalid3
सांख्यकी ,अर्निसुरक्षा,अर्निसुरक्षा,अग्निसुन्क्षा
हितकर ,मर्खियों,सुधाखियों, अर्खियों
यशोमति ,उम्मीरी,उम्मीना,उम्मीना
संस्था ,विश्हिताओं,प्वाहिताओं,विस्हिताओं
ब्याहता ,मयोतिषि, अयोतिषि,उयोतिषि
ऐथलेटिक्स ,बूझा ,बूझा ,गांट 
बलात्कारी ,पपाकर,छुड़कर,छुपादर
फेका ,लड़ागा,लड़गा,उहंगा
दूकानदार ,बहालें,बतालें,बहालें
पुरस्कृत ,दिव्वाएंगे,दिल्वाएंगे,दिलपएंगे
सटीकता ,रजिस्पेरेशन,रजिस्ट्रीशन,रजिस्ट्रेरन
दोनों ,भंब ,बाँब ,टांब 
फुल ,पछताल,पछवाने,सछताने
कंधार ,आराना, सराम, सराम
कलर्क ,उलजीरा,जलजीह,जगजीरा
लाचार , अनगुनाने,गुनगुनाथ,गुनसुनाने
जबरन , बपूत, बपूत,सपूजी
रोपाई ,बहासी,बहासी,बहासी
चाहने ,समाजस्थल,समाधिस्थन,समाधिवेथल
पकडे़ ,मटवाले,महामैले,मटवाले
अवनीत ,अपर्गप्त,सपर्याप्त,अपर्यारोत
कूच , सठक, सठक, सठक
विरक्त ,पुचकाओं,पुर्कार,उचकार
सोचिये ,प्रेरसास्पद,प्रेरसास्पद,प्रेरणास्पक
बुझ ,पयरों,सयरों,पयरों
भटकने ,रास्ओं,रात्ओं,पजाओं
झाँसा ,परफाइम,मरफार्म,मरफार्म
लाईनें ,बूंता ,बूंता ,जुदा 
प्रबंधकी , अलीवॉल,बालीथिल,बारावॉल
दोहराया ,अभिदमिक,अकादमक,अकाशमिक
गिरफतारी ,न्यूनीशिरण,न्यूनीकरक,न्यूरिकरण
रेललाइन ,ऋका ,भिका ,ऋका 
यत्र ,मुनाफायरी,मनाफाखोरी,सनाफाखोरी
पुस्तकें , कदगी,पदगी, कदगी
आहवान ,अभिभ्रंश,अपभ्याश,अपभ्रंगी
खोलती ,पूव ,ढव ,पांडु 
सितार ,खंटे ,बूटे ,खंटे 
आयशा ,कालीमाने,कालीमाने,कालीबॉटी
आशिर्वाद ,पायरिन,पायरिन,पायरिन
वनवास ,उल्श्रमायुक्त,उत्श्रमायुक्त,उपश्रदायुक्त
ओढ़कर ,शुरूद्र,शुरूकता,शुरूपर
बिलौझा , सकानी, सकानी, सकानी
नेतृत्वकर्ता ,नाषा,नाषा, बषा
मंगलकारी ,कालीमाजा,कारपूजा,उलीपूजा
नसरीन ,प्रशिकाषण,सरशिक्षण,जरशिक्षण
विध्यांचल , उनाही,महीही, उनाही
परी ,कयरे,दास्रे,कयरे
अग्निसार , बषमा, बषमा, बषमा
चटक ,बनाशीस,बख्शील,बरशीस
उमड़ी ,कटपरा, अटघरा,कटघट
आंनद ,सक्षाघात,प्क्षाघात,पक्षासत
मंगायी ,परने ,पकर ,पहने 
पूर्वमंत्री ,झुलाव,झुमव,ककाव
सीरियस , नासें, नासें, नासें
कलंकित ,दीपामाषी,दीपाक्ष,उपाक्षी
नौकरानी ,नानता, नाकाकी,नालिकी
हजारी ,ठूत ,ढीत ,बीड़ी 
निरपेक्षता ,विभासन,विभासन,विभाएन
सॉस ,सरीमती,श्रीराती,श्रोमती
जहरखुरानों ,नाभी ,भाऊ ,भेभी 
रिसौरा ,कन्याभोगी,कन्याभोगी,कमयाभोज
जिलाशासक ,समलाथन,ममर्थन,पमर्थन
धर्मस्थल ,आंधी ,आंकी ,आंकी 
स्तर ,मषयवार,विषमवार,विचायवार
पारम्परिक ,कूड़ाघरा,कूड़ादार,कूड़ाघट
चाहिंए ,झोंडी ,चीडी ,चीडी 
लेखपाल , अगवाया,लगलया,लगकया
विश्वंभर ,प्रामोनकाल,प्रामोनकाल,प्रेचीनकाल
पुनर्परीक्षा ,जंतुली,जंगता,जंगता
महापर्व ,स्वंयकवक,स्वीयसेवक,स्वंतसेवक
फलोत्पादन ,घेंला ,भुवी ,भुने 
लोटा ,मपनीयता,गोलानीयता,मपनीयता
बसाई ,प्रस्यातिकरण,प्रतितुतिकरण,प्रस्थ्तिकरण
अंजला ,प्रलोकिन,प्रक्भन, अरलोभन
मीठे ,कार्वस्थगन,सर्यस्थगन,कार्यवथगन
स्वाहा ,दर्एं,उवाएं,पवाएं
तफतीश , बलिश, बलिश,उलिश
कांप ,भावविह्वन,भावविष्वल,सवविह्वल
झपटने ,पयोटा,टोटटा,टोयोम
सुधारा ,सूफिर,सूत्तों,सूचिर
पछतावा ,बहुसंवाय,बरसंख्य,बहुलुख्य
पदाधिकरी ,अकालतखाना,वकासोतखाना,वकालतखाक
परखें ,मउसिलिंग,कांग्सिलिंग,कांग्सिलिंग
स्वभाविक ,उठवार,उठभेई,उठकई
सर्वराज ,जौंधा ,चिधा ,पौध 
तैनाती ,प्रबंधतंत्वों,सरबंधतंत्र,प्रबंधशात्र
पूर्वान्ह ,गॉचे ,खींची ,नैचे 
मनभावन ,स्मामर,स्टीमती,स्वामर
जीजा ,कार्यार्वित, प्र्यान्वित,कार्यार्वित
नेता ,उचलिक,आश्लिक,आजलिक
पत्तेदार ,महातियां, अहातिम,महातियां
गनपति ,सौकना,सौतेत,सौकना
निष्फल ,पनकरी,पनकरी,पनवाई
रंगारग ,सांभय,सांसय, सांवय
विवेचनाओं ,रफ्ताओं,रसोतार,रफ्रेंर
निगलते ,चकावक,पकाचक,उकाचक
चिल्लाने ,तिल्हे,तिल्हे,तिरंली
अन्नदाताओं ,दिखासा, बलासा,दिखासा
दिखेगी ,सम्बट,मम्राट,सम्राते
थमाई ,असावस्नी,अभिवधानी,असावरनी
अस्वच्छ ,ख्यातिलर्ध,ख्यावलब्ध,ख्यातिलयीध
तरसते ,धन्के,धर्के,धन्के
नमस्कार ,जायती,जायती,जाएंती
मुंडन ,खदेव,कदेड़,खर्ड़
अर्द्धकुंभ ,अनलेश,अखिलेट,पखिलेश
खींचने ,रेवाका,सणूका,रेवका
घिरे ,मपभोग,उत्भोग,पपभोग
छात्रावास ,नवउदारकादी,नवर्दारवादी,नवउद्रवादी
एलान ,एमचएफ,एमलाएफ,ममडीएफ
दुखनिवारण ,उहसून,लगासून,लहनान
मल्टीस्पेशलिटी ,नुक्ले, बकीले,नुपुले
ग्रामपंचायत , प्भ्याचारक,सभ्याचारम,सभ्यार्रक
यत्नशील ,मखबरी, सखबरी,मुखररी
जज्बात ,निभादेंश, अर्देंश,निभादेंश
प्राध्यापक ,उखौटा,सखौटा,पखौटा
कोमल ,सूर्वाकला,सूर्यस्ला,सूचयकला
प्रार्चाय , नाटें, नाटें, नाटें
संतुष्ट , बांधेंते, बांधेंते, बांधेंते
बजता ,शरफत,शनिफत,शराफलों
परम्परानुसार ,तलाएंनी,तलाकनी,तलाशक
चिर ,फिरौक,फिरौक,फिरौक
उदंडता ,छूने ,ढेना ,छूरा 
चित्रकुट ,चिरैक,चिमया,चिरैस
पेयजल ,उकेंगे,झुलागे,झुकागे
तेजवंत , उटेगी,कानूगी,काटेरों
प्रस्तावों ,दुखवायी,दुखदान,दुल्दायी
निपटीं ,सदाधिकारियोंने,परीधिकारियोंने,परिधिकारियोंने
जगमगाएगा ,धंरे ,धंरे ,सिला 
हरीपर्वत ,गरीदन,गड़बन,सरीबन
डला ,बुद्यवार,बुद्धवाले, अद्धवार
सौभाग्यवती ,झौंल ,टॉल ,मील 
स्थूल , नाजि,कजि,कजि
पेंशन ,निरीश्रित,निराश्रियां,निराश्रिक
निपटा ,भण्काया,भगकाया,भटकाओं
वादिनी ,स्पकश, अपर्श,स्वार्श
राजगृही , करख,उरख,पालिख
पूर्वस्थली ,चलातरे,चबूगिरे,चरतरे
धधका ,बोलेई,बोरिई, उवाई
निलंबित ,व्रकुलता,व्याकुलय,पयाकुलता
चुराने ,बिछाड़ी,बिठाड़ी,बिताड़ी
मानिक ,सिखाएम,पखाएगी,सिखाएम
बढ़ेंगे , आबाब, आबाब, आबाब
मूत्रालय ,नवर्ठित, अवगठित,नवगठियों
पशुपालक ,पुर ,पुनि ,छिल 
जीविका ,थैता ,पोंता ,उता 
धधकती ,घेंन ,मामू ,घेंन 
बनी ,अमीछे,अनाछे, अर्छे
विच्छेद ,फीका ,नेते ,चुंते 
अनुज्ञप्ति ,मुहूर्स,पहूर्त,मुद्र्त
फैलाए , कोशिने, कोशिने, कोशिने
खेलना ,बरश्किल,बमुश्वल,बरश्किल
गडढ़े ,पदाग,बेचाग,बेतुग
हंसता ,बांहों ,बांधें ,घंटा 
माखनचोर ,उटीन,कंटीय,उटीन
साढ़ू ,धूपरात्ती,धूपरत्ती,सपबत्ती
रिचार्ज ,साहूत्य,साहित्रों,साक्त्य
टांगा ,उभापति, अभापति,उभापति
जानिब ,तेजवीरे,तेजवीरों,तेजरार
बदन ,त्रुकोणीय,त्रिवाणीय,मरिकोणीय
चमचमाता , नाढ़, नाढ़, नाढ़
नजदीकी ,सरोकाने, अरोकार,उरोकार
छेद ,सरदास्त,परदास्त,बरदावत
मिट ,मिंटे ,लटे ,मिटे 
रचना ,सधक,सधक,पधन
लिंगानुपात ,कयूस,सयूस,मायूह
संबधित ,बनाचू, बताचू,बहाचू
देशभगत , बामीं,बमीं, बामीं
वारदातें ,झींला ,मैल ,मैदा 
अनदेखा , पसते,कोशिते, पसते
पैदाइश ,रेडीमेष,रेडीमेह,रेडीपाड
वसूला , पजली, पजली, पजली
बिछेगा ,दाएं ,नीढ़ी ,गुंढ़ी 
परची ,आजराते,आजवाते,आजमानों
माध्यमिक ,चीख ,चीखी ,हॉना 
प्रदुम्मन , नाझा, नाझा, नाझा
नजरबंद ,फूल ,छूफा ,फूला 
जनसंवाद ,संश्वषण,प्श्लेषण,संरलेषण
दिलचस्प ,शिकाषकविहीन,शिक्रोकविहीन,उक्षकविहीन
जुमेरात ,कार्यवषमता,कार्माक्षमता,कार्यक्षेमता
सुस्ती ,उयरा,शावरा,शाखारा
जनवाणी , कझाने, कझाने,बुद्ने
उपकुलसचिव ,पमावेशी,सहवेशी,उमावेशी
स्वच्छ ,रौद्ध,रौद्धि,रौद्धि
निकालें ,अवधड़ाज,अवरराज,अवर्राज
नाममात्र , बथी, बथी, बथी
बेकारी ,कचांई,सचांई,सिक्ई
कछुए ,परासांगिक,प्रासांगिरी,परासांगिक
द्विपक्षीय ,विराक्ष,विपनाष, पपक्ष
विशेषताओं ,जनाएंर, सनाधार,जनाएंर
सौभाग्यवश ,विकयती,विलाशती,मलायती
हाट , बब्ज, बब्ज, बब्ज
टेनरी ,दालें ,दालें ,दारू 
मिसाइलें ,विरायों,विचायों,विरायों
हटेंगी , बपटे,लिखटे,पपटे
विधान ,बैंशि ,बैंशि ,चॉशि 
दर्शनार्थ ,बर्तकों,पर्तनों,बर्वनों
महापरिषद ,टुर्नाशट,टुर्वामेंट,टुर्ममेंट
बंधीकरण ,उस्य,कास्सी,कास्सी
पुकार ,धमतल,उरातल,धड़तल
पीटती , आवानी, आवानी, आवानी
सुदीप ,तनाने, कनाव,तनाने
निभा ,मठलाने,पठलाने,झुठवाने
प्रियजन ,कगाओ,पगाओ,कगाओ
तस्वीरें ,फेख ,बौख ,गेंख 
मशगूल ,खर्वटे,खर्जटे,खर्राज
पत्थरी , कपई, कपई, कपई
कारोबारी ,पवंशीय,उवंशीय,गौवंशीश
विश्वनाथ ,वेदकठ,वेल्पाठ,वेदगाठ
योगध्यान ,विस्द्रीकरण, प्केंद्रीकरण,विकेंद्रीकरकों
भराने ,निकाम्मा,निकलमा, सकम्मा
चलाऊ ,अंगूड़े, पगूर,अंगूड़े
अल्का ,गैजेय,उजेट,गैजेश
रुकें , उहिने, उहिने, उहिने
तथ्य , उटन,घपन, उटन
तपस्वी ,दोनों ,ऊँसा ,दोनों 
बैसाख ,जिलात्रिषद,जिलापरियद,जिलापरिषक
दृष्टिगोचर ,परिद्र्तनशील,परिवर्तनगल,परिवर्तकाशील
पुलाव ,बवीं, बावीं, बावीं
गतिरोध ,ससामाजिक,असाइजिक,असामाजिले
पैंशनर्स ,सिहांचवकों,सहांचवर,सिहांचर्र
माधवन ,खिड़ने,खिलकी,खिलकी
अंगुठा ,नरेपिद्र,नवन्द्र,नरेशाद्र
लगाकार ,चुनें ,छांने ,छांने 
विवाह ,पटापे,पटापे, बटापे
बिखरा ,पभाराज,सभासज,सभासज
नंगलामल ,सिमकाता,समटता,सिमड़ता
खासे ,प्रक्रणों,प्रकरत,परकरणों
दीपोत्सव ,बदहवाले,बदहमसी,बदलवासी
विशम्भर ,जलसंरक्षिण,जलसंरक्ष्ण,जलसंरभषण
अंगड़ाई ,डूबी ,डूबा ,डूबे 
बहरा ,खदेनें,खरीनें,खदेनें
मानना ,सशप्रेम,मशप्रेम,देशनरेम
प्रतिभाग ,उरतिष्ठापरक,प्रतिष्ठापदीक,प्रतिष्ठापूरक
हरकतें ,नवर्त,नवागीत,नवर्त
खुरपका ,बासहाती,उसमती, ससमती
दिखेगा ,सहकालीन,समकालीला,समकार्न
नौवां ,विकारा,विकाना, विकाने
भौतिक ,विश्वविचाय,पश्वविजय,विश्वविजली
ढ़ाबों ,तत्वाधारा,तर्वाधान,तत्यधान
कसीदे ,हैनू ,मोंनू ,मोंनू 
चमकी ,रक्ईगैस,रसोईदास,रसोईघस
हंसली ,विचवाते,विचलते,विचकते
आदम ,तपजा,तपजा,तकारा
उगना ,सुधर्ते,पधरते,सुधमुंते
निकलवाई , शौहया, शौहया, शौहया
फूंका ,मुक्ल्लेवासी,मुहरलेवासी,मुहस्लेवासी
बिगडे़ , कजोग,संगग,संजोरी
अलवर ,प्करशाह,मकरशाह,नौकरपाह
संवारे ,ढूंधा ,बंटे ,बंदे 
परास्त , अचक्रांति,मचक्रांति,पंहुक्रांति
