﻿valid,invalid1,invalid2,invalid3
छुए ,संवेच्नहीनता,संवेच्नहीनता,संवेदनकानता
चादरें ,चौंशा ,निभा ,हौशा 
जुड़वां , परवाया, परवाया, परवाया
तलवारों ,उतलू,पढ़ालू,पललू
जरूरत ,निरजय,निपजन,निरकन
महिना , उहनें, उहनें, उहनें
दीने ,नौसियए, असिखिए,नौकखिए
जालियांवाला ,पपमंत्री,उच्मंत्री, अपमंत्री
प्रज्ज्वलन ,ईंधता,ईंधना,ईंधना
उपनगरी ,नामचर्थ,नागचर्चा,नामर्र्चा
बुद्घ ,चिरंदावी,चिरंकावी,उरंजीवी
कूटरचना ,पसना ,कसले ,असना 
हथेली ,रिकाकडिंग,रिपूर्डिंग,रिकानडिंग
आसरे ,बिलों ,बिनो ,ठूंक 
सत्यवादी ,लिपिबन्ध,लिपिबदध,लिपिबड़ाध
भाषणों ,ढूंल ,शील ,लेाल 
एक्सिस ,बलदात,मलजोत,उलजोत
फेरो ,परिवाश्य,पददृश्य,परिदृश्री
यंत्र , बफिस, बफिस,आफियां
अख्तियार ,प्रश्रनेत्मरी,परश्रनेत्तरी,प्रस्रनेत्तरी
चिन्तन , उमई,उपई, उमई
तोहरे ,गोसकन,गोसमन,गोसदरी
हांफता , सठन, सठन, सठन
भांजते ,शंखमिवनि,प्खध्वनि,शंखध्वना
ध्वस्त ,सतपूर्व,भूतलर्व,भूमिपूर्व
प्रत्यंचा ,पखानी, कखानी,उखानी
जमे ,अधवाने,उधवार,अधवाने
मालाएं , अतीबारी,पतीबारी,पतीबारी
हीरा ,बढ़ाका,बढ़ाका, बहाका
एकलगान ,शहरादे,शर्जादे,शर्जादे
हारने ,टोरंगी,टोकट,टोकट
पठानी ,खिलौका, खिलाका,खिलेका
इन्द्रबीर ,भेजेय,भेजेता,भेदगी
नक्शा ,उग्रण,उन्रता,उलरता
पड़ी ,नवीनगम,नवनतम,नवीकृतम
टिन्नू , बगंत,दिगंध,दिगंधा
दिखायेंगे ,प्रतानंत,प्रताहात, अरताड़ित
रोपा ,मचाखी, कक्खी,उक्खी
धंसता ,पकय, बद्य,कद्य
तोले ,टकलया,टपराया,टकराज
कमाऊ ,अधिवषी,अधिशाला,अधिवषी
उदगम ,गिलाया,पलाफ,गिलाया
बाजारू ,अनाफाष्टि,अनाधिष्टि,अनावृष्ट
पथभ्रष्ट ,संप्षजनक,संतोषदानक,पतोषजनक
डिगंबर ,कॉप ,खैज ,ऐज 
नहाते ,झमेश,झमेश,झड़ला
अनिवार्यता ,शिक्षात्रद,शिक्षाप्रिद,शिक्तप्रद
खर्चीले ,महाभाग्तकालीन,महाभारतगलीन,मल्भारतकालीन
तपिस ,बसंतोगसव,बसंतोत्सल,बसंतोगसव
शोध , बत्वों, बत्वों,तड़वों
कुर्ता ,वंट ,सेट ,सेट 
युक्तीकरण ,संस्थापति,पस्थापक,संस्थामिक
सुमेधा ,सनौना,घिनौला, पनौना
उक्त ,मरखारी,चरखानी,चरमारी
फेको , अर्तमान,मर्तमान,वनतमान
स्थानातंरण ,पचकती,हिचक्ती,हिचनाती
रहमतों ,समदेह,सन्दह,सन्याह
प्रधानाचार्यों ,भूवैज्वनिक,भूवैज्वनिक,भूवैज्वनिक
रहस्यमय ,संभाविगी,संभावगी,संभालेंदु
बिन्दी ,सवाखाने,दवालने,दवाखास
मौसेरा ,जगओ,उलाओ,जगओ
अवश्य ,प्लाधिपति,कुलाधिजीति,कुशधिपति
प्राध्यापिका , हटाका, हटाका, हटाका
तराने ,जनअदालक,जनसदालत,जबअदालत
मुढ़ी , बद्य,कद्य,मद्धि
चुनो ,गाँगे ,गंदा ,गंधा 
समुदायिक ,रंगबिरंश,रंगलारंगे, अगबिरंगे
रुलाती ,भींगी ,कैंग ,भींगी 
प्रतीकों , विधाल, विधाल,विरने
झुलसता , बडिता, बडिता, बडिता
बकाये ,घेरामदी, अराबंदी,घेराकदी
होगें ,मर्णता,पूर्णन,पूर्णयों
सगे ,बेलदबी, अअदबी,बेअदरी
रचनाएं ,ज्येजठ,ज्याष्ठ,ज्योष्ठ
देखो , अखायेगी,सिद्येगी,सिखारगी
सम्मोहन ,त्रुदिवसीय,त्रिदिवरूय,त्रिदिवरूय
मान्य ,महानिबंधकों,महासंबंधक,महानिकधक
निवारण ,पीड़िर, पीड़िर,पीकता
इमर्जेंसी ,अतिशर,अनशय,उतिशय
पाठक ,उखरों,पोखना,पोशारों
शरबत ,उयना,उयना,उयना
सूझा ,चौथी ,मोंड़ा ,मोंड़ा 
अंधता ,प्ब्जबाग,समजबाग,समजबाग
टिकने ,सुलरें,सुलरें,सुलरें
बन्दी ,युशा ,युशा ,आधी 
पूरे , सालीं, सालीं, सालीं
शिविका ,अंगूज,उबुज, बबुज
गिऱफ्तार ,सहसदव,सहसदव,सहसचियों
कालोनियां ,प्रेसुन,मरसुन,प्रासुन
तैरते ,सहरागी,सहलागी,पहभागी
बचाएगा ,पुर्नस्थापकों,उर्नस्थापना,पुर्नस्त्पना
समूह ,सक्रांशों,सक्कति,समारांति
अर्ध ,गिलाया, गिनया, गिनया
शिकारी ,साइसेंलें,साहूकिलें,सामाकिलें
महकी ,आयोयेश,आजयेश,आर्येगी
बाथरूम , सूफिन, सूफिन, सूफिन
कुंडे ,नन्सी,नन्सी, नहासी
वन्यजीव ,कैम्श,कैसेश,कैलाने
सहतवार ,सिखाड़गे,सिखारगे,पखाएंगे
दंडात्मक ,चुंली ,हॉली ,चुंली 
शुदा ,सम्पात्क,प्म्पादक,सम्पादय
श्राद्धकर्म , करूरी,उरूरी,जरूष
कनिष्का ,सृजमाशील,सृजयशील,सृजमशील
मचलते ,दिव्एंगी,दिलाकागी,दिलाकगी
इंडियामार्का ,खिलौयी,उलायी,उलायी
वॉलेंटियर्स ,गनीमात,पनीमत,गर्मत
नगेंद्र ,कचिस,माचियां,कचिस
विभागाध्यक्ष ,संर्वक,संर्पथ,संवापक
धनराशि , अर्दिक,हार्वक, अर्दिक
गुरुत्वाकर्षण ,गाड़ा ,ढीन ,गाड़ा 
गृहनगर , नाढ़े, नाढ़े, नाढ़े
मनाइए ,आदर्णदीप,आत्र्शदीप,आदर्शदीन
संभ्रांत ,पडीओ,बीसओ, कडीओ
घुमाता ,उभालें,संगलें,संजोलें
निकास ,हीनभागिना,हीनभाषना,हीनसंवना
सगाई , घपया, घपया, घपया
मुखौटे ,घृगे ,घृगे ,येगे 
भण्डारी ,सहचानक,सहचालय,सहचालता
ताकी ,स्वार्द,उवार्थ,मवार्थ
छुई ,दरबदन,दलबदर,दरबन्र
कलंदर , अनशिक्षा,जनशिक्तों,जनशियाषा
उन्मादी ,सौम्यम,सौभायता,उम्यता
गैर ,कब्बागाह,कब्दागाह,कलारगाह
बदौलत ,दुहदिन,दुर्वन,दुर्मिन
ब्रह्मांड ,खिलाशगी,मलाएगी,खिलाएम
सद्कर्मो ,चुलदाली,चुनौबुली,उलबुली
सर्जन ,जताएं ,जताएं ,जगने 
विरानी ,प्रेषका,प्रामिका,प्रेसका
सज्जा ,बनाचों,बहचों, बताचों
कटियामारी ,नृतो ,संग ,भैंतो 
कब्जे ,आश्र्वेदाचार्य,आवेर्वेदाचार्य,आयुर्वेदायिर्य
बितानी ,बौने ,अंर ,बौरी 
सुदुरवर्ती , कचों, कचों, कचों
अभयदान ,डरावली, परावनी,डलवनी
मुखारविंद ,पत्थरबाल,अत्थरबाजी,पत्थरमजी
अजय ,मंदाराता,मंदाराता,मंडबाता
आदेश ,प्रदशशित,सरदर्शित,प्रस्र्शित
दैनिक , परीबी,सरीबी,करीफ
क्लेश , बतिका,मृदुका,मृतियों
विश्रामघाट ,कखाड़,उड़ाड़,कखाड़
नाचकर ,परमरात,परवाजीत,परमजीवि
बहरापन ,पजहबे, अजहबे, अजहबे
स्ववित्त ,व्याररियो,व्यायारियो,व्यामरियो
कंप्रेशर ,उर्वली,उर्वली,उलवरा
आंतरिक ,धैर्यमिन,धैर्मवान,प्र्यवान
कार्डियो , प्र्तव्यनिष्ठा,कर्तव्यनिधिठा,कर्भाव्यनिष्ठा
कसम ,डालेग,ससिंग, कसिंग
अमानवीयता ,कृति ,खेत ,कृषि 
सीखता ,पजमिस्त्री,जजमिस्त्री,राजनोस्त्री
कब्जाई , नारूं, नारूं, नारूं
संपदा ,जनवात,जलमत,जनदात
रोकता ,सीबीद्वार,सीपीद्वार,सीपीद्वार
खरीखोटी ,धर्मसंख्ट, प्र्मसंकट,धर्मसंहिट
लोकसभा ,शिकानी,शिवाब,शिकानी
बर्ष ,मगरण,जानेरण,पगरण
झटकने ,पगाएं,उपएं,सगाएं
जगता ,झपटमान,झपटमान,झपरमारी
गुज्जर ,उरसाईं,बरकईं,बदसाईं
शूद्र ,लटकारों,लटवाये,लहकाये
टूटेगा ,दहवती,दमवती,दयावली
थलसेना ,महापुचव,महासिचरों,महासिचल
सुयश ,पथाईकरण,स्थानाकरण,स्थाईओरण
मोतीचूर ,ईसाहायों,ईसारयों,ईसाययों
विज्ञापित ,केमिनमैन,प्बिनमैन,केबिनशीन
स्वागतगान , लिफानी,लिपिनी,लिपिनी
कृतित्व ,मराफेरी, अराफेरी,हेराकरी
नबालिग ,पयायखंड,न्यायकाड,न्यापाखंड
फायदेमंद ,सछला,सछला,सछला
दलबदल ,धना ,मैल ,मैली 
सौंपेगे ,रुंड़ों ,खूंड़ों ,कूचे 
लापता ,कंचते, कंपान,कंचने
अनोखा , कगाड़,बिछाड़,बिठाड़
कछवा ,सतिविधियां,गणविधियां,प्तिविधियां
अनुकम्पा ,अभ्यावेशिन,अभ्यावदन,अभ्यावेल्न
संस्कृत ,धौस ,धौस ,टोला 
द्वापर ,सशुल्लों,सशुल्ले,सशुल्ला
रुस्तम ,मिष्ठारन,मिष्ठावान,मिलीठान्न
मुट्ठीभर ,प्रक्षायाधीन,प्रक्षोयाधीन,प्रमारियाधीन
स्पष्टवादी ,स्वपनिक,सवपनिल,स्वपनिया
एलोवेरा ,अधिवत,अनकृत,पधिकृत
प्रतिपादन ,अधिमोदन,अनुमोहिन,अनुमोर्न
पिलाएंगे ,चिड़िरहार,मत्रहार,चित्रदार
विल्व ,शोधिण,पषण,शोधिण
चप्पल , खुराता,खुशिता, खुराता
रखाना ,सुपुर्दय, अपुर्दगी,मपुर्दगी
संस्थाध्यक्ष ,लक्काया,लक्काया,लक्काया
झरने ,खूंही ,सोंही ,बैही 
बंसी ,निकयी,निशायी,कभायी
बगाही ,बहुनसीब,बदनसीह,बदलसीब
संलिप्ता ,कथावाकका,पथावाचिका,पथावाचिका
मुहर ,तोतों ,तोड़ी ,योड़े 
डूबा ,प्रवृत्मयां,परवृत्तियां,प्रोवृत्तियां
महाप्रबंधक ,चिड़िलाकर,चिल्लीकर,चिड़िलाकर
करूंगा ,रोमांकक,ममांचक,रोमांडोक
सुहागिनें ,परायस्ता,पराजणता,पदयणता
सरिए ,पूछो ,पूजा ,पूछीं 
खुला ,बोना ,बोने ,मुंलो 
चमत्कारी ,नगाही, सन्ही,नगही
रूमानी ,चुम्हान,चुम्मती,चुनमन
अनुमानत ,सर्वधाप,सर्मदीप,सहवदीप
स्थान ,जागबूझ,जानकाझ,जायबूझ
खोखो , अज्तमा,सज्तमा,इज्तर
सोचेगा ,बर्माश,बनमाश, सदमाश
एलआईसी ,कपबे,कपबे,कपबे
चिंतनीय ,संकने, संजोरे,संकना
ममतामयी ,उनाने,महंने,उनाने
बरपाया ,पगुना,पगुना,पगुना
टुकड़ी ,मार्ने ,उरने ,मारते 
इलायची ,विचाल, विधाल,विचाल
घसीटने , धातुक, धातुक, धातुक
मंडराना ,नाकेतदी,नाकेबंधु,नासबंदी
नेताओं ,हमर्क्ल,हलशक्ल,हत्शक्ल
उपजा , पर्प,सजाप,सजाप
कारो ,पनुषधारी,धनुषधार,धनुषकारी
कर्तव्य ,निर्तल, पर्जल,मर्जल
लक्ष्य , कचेंगी,उचेंगी, कचेंगी
शरणागति ,सर्योगी,पहयोगी,पहयोगी
गलाकर ,ओेग ,चूग ,हग 
गिल्ली ,वीली ,मैनें ,मैना 
तसले ,ऊरु ,डेंरु ,विरु 
प्लैटिनम ,बुगी ,टन ,रैंन 
बिल्ली ,अभ्रांस,अभ्याओं,अभ्यानों
अच्छाईयों ,घिसटरों,घिसलिती,घिरटती
परदे ,प्लाणीत,प्रेणीत,उरणीत
मारुफ ,पथित,कथियां,पथित
दुल्हनिया ,गोताएर,मताखोर,गोताएर
बौखलाहट ,यकीरे,यहून,उकीन
ऊषा ,मुगलब्ल,मुख्लकाल,मुगनकाल
सानी , घुसेना, घुसेना, घुसेना
निर्देशिका ,जोढ़ी ,टेप ,जोढ़ी 
प्रकटोत्सव ,योनि ,गीनी ,फैनी 
उचक्के ,अराजगाता,अराजकल,अरायोकता
जिताया ,स्वविगधाम,स्वर्गधारी,स्वर्गर्म
अंधेर ,कूलों ,कूड़े ,सेंदी 
कटघरे ,मदरता,सुंदरण, अदरता
छात्र ,शीट ,गाँत ,शीट 
अड़े ,मशक्कल, अशक्कत,मशक्कन
बचाता ,घचा ,घचा ,लौचा 
नाग ,चुधे ,भेधे ,चंधे 
गदरा ,खिंला ,खिंला ,ढीली 
बैला ,ब्रह्मशाकर,ब्रिह्मशंकर,ब्लाह्मशंकर
ऊर्जीकरण ,लूल्ना, लूटेना,लूल्ना
योजनाबद्ध ,दफ्तान,दफ्ताओं,दफ्ताल
शिकस्त ,उठुरना,मठुरना, अठुरना
लायेंगे ,उत्मरेरण,अत्प्रेरण,उत्प्रेशण
मोहिनी ,पल्समिलियो,पशुसपोलियो,पल्सपोलिका
भंडारी ,पफनती, सफनती,मफनती
पूछना ,असवादन,अभिरंदन,अभियोदन
कीमोथेरेपी ,शावएं,शावएं,उखाएं
आइकार्ड ,अभिलेखागारी,अभिलेखागाह,अभिलेखागाह
